target_id	length	eff_length	est_counts	tpm
ENST00000415118	8	3	0	0
ENST00000434970	9	4	0	0
ENST00000448914	13	6.33333	0	0
ENST00000604642	23	9.33333	0	0
ENST00000603326	19	12.3333	0	0
ENST00000604950	31	14.75	0	0
ENST00000603077	31	14.75	0	0
ENST00000605284	17	10.3333	0	0
ENST00000604446	23	9.33333	0	0
ENST00000603693	19	12.3333	0	0
ENST00000603935	31	14.75	0	0
ENST00000604102	31	14.75	0	0
ENST00000604838	17	10.3333	0	0
ENST00000390591	31	14.75	0	0
ENST00000454908	17	10.3333	0	0
ENST00000439842	11	4.33333	0	0
ENST00000390567	20	13.3333	0	0
ENST00000452198	18	11.3333	0	0
ENST00000390569	20	13.3333	0	0
ENST00000437320	19	12.3333	0	0
ENST00000390571	31	14.75	0	0
ENST00000390572	28	11.75	0	0
ENST00000450276	17	10.3333	0	0
ENST00000390574	21	9	0	0
ENST00000390575	20	13.3333	0	0
ENST00000431870	16	9.33333	0	0
ENST00000390577	37	17.6	0	0
ENST00000390578	31	14.75	0	0
ENST00000451044	17	10.3333	0	0
ENST00000390580	21	9	0	0
ENST00000390581	23	9.33333	0	0
ENST00000431440	16	9.33333	0	0
ENST00000390583	31	14.75	0	0
ENST00000390584	31	14.75	0	0
ENST00000390585	31	14.75	0	0
ENST00000430425	17	10.3333	0	0
ENST00000454691	18	11.3333	0	0
ENST00000390588	20	13.3333	0	0
ENST00000414852	16	9.33333	0	0
ENST00000390590	31	14.75	0	0
ENST00000604319	11	4.33333	0	0
ENST00000603768	20	13.3333	0	0
ENST00000604592	18	11.3333	0	0
ENST00000605864	20	13.3333	0	0
ENST00000603644	19	12.3333	0	0
ENST00000603804	31	14.75	0	0
ENST00000604055	28	11.75	0	0
ENST00000603618	17	10.3333	0	0
ENST00000603316	21	9	0	0
ENST00000605850	20	13.3333	0	0
ENST00000603007	16	9.33333	0	0
ENST00000603235	37	17.6	0	0
ENST00000605143	31	14.75	0	0
ENST00000603340	17	10.3333	0	0
ENST00000603359	21	9	0	0
ENST00000604735	23	9.33333	0	0
ENST00000603379	16	9.33333	0	0
ENST00000604309	31	14.75	0	0
ENST00000604234	31	14.75	0	0
ENST00000603739	31	14.75	0	0
ENST00000604564	17	10.3333	0	0
ENST00000603303	18	11.3333	0	0
ENST00000605430	20	13.3333	0	0
ENST00000605685	16	9.33333	0	0
ENST00000603725	31	14.75	0	0
ENST00000605709	31	14.75	0	0
ENST00000604111	17	10.3333	0	0
ENST00000390340	463	292.928	0	0
ENST00000390341	512	341.518	0	0
ENST00000444775	1735	1571.63	2	0.0616523
ENST00000390343	468	297.928	0	0
ENST00000390344	552	381.372	0	0
ENST00000390345	688	517.204	0	0
ENST00000390346	537	374.523	3	0.388073
ENST00000426402	544	373.447	0	0
ENST00000390348	465	294.928	0	0
ENST00000563469	421	251.963	0	0
ENST00000564780	391	223.181	0	0
ENST00000562440	373	205.916	0	0
ENST00000568724	652	481.204	0	0
ENST00000563832	401	232.743	0	0
ENST00000565028	380	212.599	0	0
ENST00000569652	455	285.073	0	0
ENST00000562386	392	224.158	0	0
ENST00000563669	344	178.488	0	0
ENST00000564083	392	224.158	0	0
ENST00000567755	386	218.404	0	0
ENST00000565091	365	198.306	0	0
ENST00000561716	397	228.906	0	0
ENST00000566862	343	177.561	0	0
ENST00000569470	390	232.363	0.5	0.10425
ENST00000569366	412	243.385	0	0
ENST00000563245	364	197.386	0	0
ENST00000563791	395	227.021	0	0
ENST00000567630	410	241.458	0	0
ENST00000566285	347	181.194	0	0
ENST00000568011	544	373.447	0	0
ENST00000565578	388	220.315	0	0
ENST00000567655	350	184.045	0	0
ENST00000569960	344	178.488	0	0
ENST00000564119	392	224.158	0	0
ENST00000563598	384	216.469	0	0
ENST00000569944	341	175.777	0	0
ENST00000568405	347	181.194	0	0
ENST00000563141	343	177.561	0	0
ENST00000562511	344	178.488	0	0
ENST00000567144	386	218.404	0	0
ENST00000565894	478	307.837	0	0
ENST00000564548	411	242.458	0	0
ENST00000563042	386	218.404	0	0
ENST00000566578	392	224.158	0	0
ENST00000565202	392	224.158	0	0
ENST00000566020	406	237.554	0	0
ENST00000565836	406	237.554	0	0
ENST00000568728	411	242.458	0	0
ENST00000565754	406	237.554	0	0
ENST00000562412	421	251.963	0	0
ENST00000563122	347	181.194	0	0
ENST00000568296	344	178.488	0	0
ENST00000566373	428	258.808	0	0
ENST00000566680	552	381.372	0	0
ENST00000563174	413	244.287	0	0
ENST00000564695	347	181.194	0	0
ENST00000566736	381	213.534	0	0
ENST00000562278	381	213.534	0	0
ENST00000564229	387	219.359	0	0
ENST00000567778	364	197.386	0	0
ENST00000566487	402	233.696	0	0
ENST00000567307	447	277.298	0	0
ENST00000455382	421	251.963	0	0
ENST00000390387	391	223.181	0	0
ENST00000390357	373	205.916	0	0
ENST00000390381	652	481.204	0	0
ENST00000390353	401	232.743	0	0
ENST00000547918	380	212.599	0	0
ENST00000390392	455	285.073	0	0
ENST00000390359	386	218.404	0	0
ENST00000390379	344	178.488	0	0
ENST00000390378	343	177.561	0	0
ENST00000390377	347	181.194	0	0
ENST00000390376	341	175.777	0	0
ENST00000390375	384	216.469	0	0
ENST00000390374	392	224.158	0	0
ENST00000390373	344	178.488	0	0
ENST00000390372	350	184.045	0	0
ENST00000390371	388	220.315	0	0
ENST00000454561	544	373.447	0	0
ENST00000390369	347	181.194	0	0
ENST00000390368	410	241.458	0	0
ENST00000426318	395	227.021	0	0
ENST00000390367	364	197.386	0	0
ENST00000390364	412	243.385	0	0
ENST00000390363	390	232.363	0.5	0.10425
ENST00000390362	343	177.561	0	0
ENST00000390361	397	228.906	0	0
ENST00000390360	365	198.306	0	0
ENST00000390393	552	381.372	0	0
ENST00000390394	413	244.287	0	0
ENST00000390396	347	181.194	0	0
ENST00000390397	381	213.534	0	0
ENST00000390398	381	213.534	0	0
ENST00000390399	387	219.359	0	0
ENST00000390400	364	197.386	0	0
ENST00000422143	402	233.696	0	0
ENST00000417977	447	277.298	0	0
ENST00000379435	416	244.101	5	0.992365
ENST00000331828	367	200.225	0	0
ENST00000390389	335	170.167	0	0
ENST00000542354	392	224.158	0	0
ENST00000390423	402	233.696	0	0
ENST00000390424	348	182.157	0	0
ENST00000390425	519	357.775	1	0.135413
ENST00000390426	395	217.06	1	0.223198
ENST00000390427	352	185.933	0	0
ENST00000390428	404	235.673	0	0
ENST00000390429	337	172.08	0	0
ENST00000390430	473	302.898	0	0
ENST00000390431	338	172.974	0	0
ENST00000390432	379	211.642	0	0
ENST00000390433	340	174.867	0	0
ENST00000390434	566	395.372	0	0
ENST00000390435	341	176.835	1	0.27397
ENST00000390436	360	193.584	0	0
ENST00000390437	445	275.353	0	0
ENST00000390438	469	309.154	1	0.15671
ENST00000390439	410	241.458	0	0
ENST00000390440	425	255.938	0	0
ENST00000390441	394	226.113	0	0
ENST00000390442	399	230.86	0	0
ENST00000390443	561	395.851	1	0.122388
ENST00000390444	329	164.717	0	0
ENST00000390445	484	313.681	0	0
ENST00000390446	440	267.849	2	0.361753
ENST00000390447	467	266.25	2	0.363925
ENST00000390448	406	237.554	0	0
ENST00000390449	343	177.561	0	0
ENST00000390450	464	293.928	0	0
ENST00000390451	409	240.458	0	0
ENST00000390452	365	198.306	0	0
ENST00000390453	343	177.561	0	0
ENST00000390454	403	234.673	0	0
ENST00000390455	537	366.447	0	0
ENST00000390456	341	175.777	0	0
ENST00000390457	425	255.938	0	0
ENST00000390458	469	298.928	0	0
ENST00000557168	337	172.08	0	0
ENST00000390460	327	162.902	0	0
ENST00000390461	349	183.101	0	0
ENST00000390462	330	165.615	0	0
ENST00000390463	356	189.799	0	0
ENST00000390464	353	186.914	0	0
ENST00000390465	395	227.021	0	0
ENST00000390466	331	166.513	0	0
ENST00000390467	317	153.766	0	0
ENST00000390468	336	171.115	0	0
ENST00000390469	520	349.483	0	0
ENST00000535880	425	255.938	0	0
ENST00000591655	1589	1418.99	0	0
ENST00000586762	590	419.291	0	0
ENST00000589989	578	407.332	0	0
ENST00000588823	622	451.249	0	0
ENST00000579578	1410	1256.36	0.572768	0.0220869
ENST00000541415	944	773.204	0	0
ENST00000553765	940	769.204	0	0
ENST00000532620	1925	2042.95	0	0
ENST00000534740	722	655.876	10.4062	0.768672
ENST00000533763	1589	1714.44	0	0
ENST00000531518	628	544.221	4.43382	0.394706
ENST00000608857	1671	1809.22	49.8346	1.33448
ENST00000528291	563	458.533	10.3254	1.09096
ENST00000523857	3818	4339.61	6.4761	0.0722994
ENST00000521053	3830	4325.45	6.5239	0.0730713
ENST00000430863	4164	4555.59	0	0
ENST00000521161	613	442.249	0	0
ENST00000599226	2496	2325.2	0	0
ENST00000406070	2025	1854.2	0	0
ENST00000446844	2227	2056.2	0	0
ENST00000599620	686	515.204	0	0
ENST00000471557	505	334.552	0	0
ENST00000338761	1456	1440.06	65.3364	2.1981
ENST00000417509	1444	1416	0	0
ENST00000484946	610	510.927	1.27761	0.121146
ENST00000490656	660	548.893	2.46984	0.217998
ENST00000439537	1161	1101.21	2.89866	0.127526
ENST00000493251	641	526.583	3.3555	0.308717
ENST00000460127	408	268.174	0	0
ENST00000440632	1352	1331.09	16.9948	0.618558
ENST00000480899	751	639.531	1.801	0.136434
ENST00000493111	1032	943.622	69.6753	3.57727
ENST00000465989	425	314.336	0.505362	0.0778897
ENST00000431867	872	701.204	0	0
ENST00000465494	509	352.414	15.6875	2.15662
ENST00000480538	668	565.779	1.4728	0.126115
ENST00000485200	590	455.868	2.70344	0.287309
ENST00000486865	306	176.393	1.32173	0.363022
ENST00000485581	446	295.424	0	0
ENST00000439431	979	808.204	0	0
ENST00000399285	999	828.204	0	0
ENST00000607517	2222	2323.22	67.0155	1.39752
ENST00000607855	536	446.355	0	0
ENST00000457794	1512	1511.87	0	0
ENST00000378009	2483	2594.74	16.2331	0.303095
ENST00000378012	480	365.129	0.183184	0.024306
ENST00000508166	2164	1993.2	0	0
ENST00000503442	1232	1061.2	0	0
ENST00000511446	2018	1847.2	0	0
ENST00000504802	600	429.249	0	0
ENST00000508264	727	475.812	1	0.101821
ENST00000502692	3084	3193.8	0	0
ENST00000513398	2939	3116.95	777.986	12.0924
ENST00000511191	704	585.916	7.0136	0.579931
ENST00000339687	1211	1040.2	0	0
ENST00000606293	676	505.204	0	0
ENST00000445910	925	754.204	0	0
ENST00000430512	1191	1020.2	0	0
ENST00000445557	926	755.204	0	0
ENST00000495672	589	377.797	2	0.256474
ENST00000475169	611	407.897	1	0.118774
ENST00000472159	768	479.199	0	0
ENST00000467490	1742	1571.2	0	0
ENST00000297158	1305	1134.2	0	0
ENST00000478939	1479	1043.23	5	0.232199
ENST00000498734	724	553.204	0	0
ENST00000571914	1896	1708.65	18.6533	0.5289
ENST00000574882	989	818.204	0	0
ENST00000571707	1716	1857.27	1.79322	0.0467767
ENST00000540189	1872	2031.94	0	0
ENST00000572675	1072	901.204	0	0
ENST00000328585	1613	1844.76	1.4485	0.0380409
ENST00000298771	1481	1303.48	0	0
ENST00000444825	578	407.332	0	0
ENST00000429325	578	407.332	0	0
ENST00000433618	1409	1255.81	1.42723	0.0550608
ENST00000537242	1479	1300.76	0	0
ENST00000417143	1956	1701.42	7	0.199323
ENST00000453496	2469	2318.98	21	0.438726
ENST00000514827	947	776.204	0	0
ENST00000489748	1242	958.292	2	0.101112
ENST00000382749	1918	1564.78	2	0.0619226
ENST00000467649	524	353.483	0	0
ENST00000544088	1731	1560.2	0	0
ENST00000538847	1125	954.204	0	0
ENST00000536691	1294	1123.2	0	0
ENST00000533663	613	442.249	0	0
ENST00000534193	1765	1529.12	0	0
ENST00000534817	342	176.705	0	0
ENST00000454689	1695	1465.96	3	0.0991446
ENST00000424348	959	788.204	0	0
ENST00000603128	6402	6877.42	0	0
ENST00000419350	6603	7105.74	10.065	0.0686242
ENST00000603507	3340	3169.2	0	0
ENST00000604347	589	450.882	0	0
ENST00000603055	1158	987.204	0	0
ENST00000448023	6310	6769.39	18.2212	0.130406
ENST00000359128	6379	6677.16	0	0
ENST00000301749	6391	6885.93	0	0
ENST00000324659	2413	2242.2	0	0
ENST00000349350	8668	9614.25	0	0
ENST00000427578	8834	9826.44	0	0
ENST00000443370	8534	9478.74	0	0
ENST00000421100	8469	9391.15	0	0
ENST00000449052	8733	9700.64	0	0
ENST00000348028	8395	9555.79	0.0959362	0.000486393
ENST00000546292	8375	9535.1	8.45097	0.0429391
ENST00000538115	8514	9457.82	0	0
ENST00000542585	8713	9679.72	0	0
ENST00000546213	8036	9112.61	1.4531	0.00772543
ENST00000534447	5330	5411.13	22.1152	0.198004
ENST00000534142	2012	2004.83	19.1199	0.462039
ENST00000533478	5669	6196.05	25.3347	0.198094
ENST00000525539	7379	7944.99	0	0
ENST00000530363	1608	1593.55	29.3846	0.89336
ENST00000299598	5818	6423.28	17.1336	0.12923
ENST00000529079	574	456.273	1	0.106181
ENST00000531391	1488	1460.85	60.5235	2.00719
ENST00000526632	2006	1835.2	0	0
ENST00000527937	4165	4262.54	38.9473	0.442669
ENST00000529791	552	417.253	4.43306	0.514725
ENST00000337114	3427	3256.2	0	0
ENST00000472788	1416	1245.2	0	0
ENST00000470589	4826	4655.2	0	0
ENST00000435101	692	521.204	0	0
ENST00000358097	1655	1484.2	0	0
ENST00000433992	1738	1567.2	0	0
ENST00000424775	573	438.881	0	0
ENST00000435688	564	393.372	0	0
ENST00000429239	925	754.204	0	0
ENST00000394191	931	760.204	0	0
ENST00000397927	3032	3611.54	531.411	7.12868
ENST00000528707	2969	3532.84	1844.52	25.2948
ENST00000473628	522	444.848	16.8334	1.8333
ENST00000313669	3007	3577.9	1217.23	16.4822
ENST00000534473	893	722.204	0	0
ENST00000341493	936	765.204	0	0
ENST00000606380	541	464.622	1	0.104273
ENST00000515683	1740	1569.2	0	0
ENST00000510055	872	729.847	1.00013	0.0663889
ENST00000511397	581	410.291	0	0
ENST00000505942	564	393.372	0	0
ENST00000564451	2115	2116.74	9.41123	0.215402
ENST00000567207	1302	1247.46	0	0
ENST00000563927	1523	1544.98	5.58945	0.175274
ENST00000567960	1333	1278.3	0	0
ENST00000434551	1042	871.204	0	0
ENST00000418689	945	774.204	0	0
ENST00000533152	965	794.204	0	0
ENST00000440231	985	814.204	0	0
ENST00000435756	929	758.204	0	0
ENST00000339924	1608	1437.2	0	0
ENST00000391729	677	506.204	0	0
ENST00000438125	1544	1373.2	0	0
ENST00000435769	3114	2801.74	48.2088	0.833622
ENST00000437915	1087	916.204	0	0
ENST00000343721	1302	1068.96	12.1365	0.550049
ENST00000438904	1236	1065.2	0	0
ENST00000529911	2028	1856.3	258.516	6.74701
ENST00000457194	1984	1858.49	24.2328	0.631706
ENST00000429712	1313	1306.24	1.4029	0.0520328
ENST00000493176	545	374.41	0	0
ENST00000420396	2115	1984.31	0	0
ENST00000606935	2210	2444.1	0	0
ENST00000536140	3226	3704.87	18.3279	0.239668
ENST00000544813	573	473.81	0	0
ENST00000290510	2129	2404.56	192.016	3.86877
ENST00000538102	710	624.294	0	0
ENST00000541956	1102	1111.33	2.56568	0.111848
ENST00000544200	957	871.632	0	0
ENST00000544949	778	721.647	0	0
ENST00000540406	598	499.485	2.43359	0.236046
ENST00000545596	567	481.752	5.60123	0.563289
ENST00000542976	489	371.56	0	0
ENST00000396725	2635	2956.34	0	0
ENST00000251761	2637	3073.66	372.089	5.86492
ENST00000504970	935	764.204	0	0
ENST00000502411	566	395.372	0	0
ENST00000496692	554	383.372	0	0
ENST00000466542	1070	899.204	0	0
ENST00000465075	769	598.204	0	0
ENST00000473530	1632	1461.2	0	0
ENST00000473712	567	396.372	0	0
ENST00000482226	527	356.483	0	0
ENST00000467903	1101	957.289	1	0.0506091
ENST00000507374	553	382.372	0	0
ENST00000508651	542	371.447	0	0
ENST00000543859	457	287.015	0	0
ENST00000574312	1456	1440.06	65.3364	2.1981
ENST00000573241	1444	1416	0	0
ENST00000571773	610	510.927	1.27761	0.121146
ENST00000574280	660	548.893	2.46984	0.217998
ENST00000571069	1161	1101.21	2.89866	0.127526
ENST00000570442	641	526.583	3.3555	0.308717
ENST00000575046	408	268.174	0	0
ENST00000575762	1352	1331.09	16.9948	0.618558
ENST00000575339	751	639.531	1.801	0.136434
ENST00000574131	1032	943.622	69.6753	3.57727
ENST00000573010	425	314.336	0.505362	0.0778897
ENST00000573806	872	701.204	0	0
ENST00000575072	509	352.414	15.6875	2.15662
ENST00000573199	668	565.779	1.4728	0.126115
ENST00000577071	590	455.868	2.70344	0.287309
ENST00000570437	306	176.393	1.32173	0.363022
ENST00000576563	446	295.424	0	0
ENST00000599931	1608	1437.2	0	0
ENST00000593676	677	506.204	0	0
ENST00000597750	2635	2956.34	0	0
ENST00000598308	2637	3073.66	372.089	5.86492
ENST00000606254	2210	2444.1	0	0
ENST00000593543	3226	3704.87	18.3279	0.239668
ENST00000594961	573	473.81	0	0
ENST00000595716	2129	2404.56	192.016	3.86877
ENST00000594616	710	624.294	0	0
ENST00000601914	1102	1111.33	2.56568	0.111848
ENST00000597165	957	871.632	0	0
ENST00000600696	778	721.647	0	0
ENST00000600678	598	499.485	2.43359	0.236046
ENST00000600028	567	481.752	5.60123	0.563289
ENST00000593733	489	371.56	0	0
ENST00000574090	1608	1437.2	0	0
ENST00000571154	677	506.204	0	0
ENST00000571556	929	758.204	0	0
ENST00000570683	965	794.204	0	0
ENST00000570522	692	614.358	15.2868	1.2055
ENST00000574062	1655	1710.09	0	0
ENST00000575319	1738	1870.61	33.1174	0.857716
ENST00000576465	573	453.16	1.79919	0.192352
ENST00000573762	564	393.372	0	0
ENST00000436911	1013	765.331	1	0.0633027
ENST00000443402	2730	2235.43	4	0.0866902
ENST00000570020	758	677.927	212.5	15.1861
ENST00000466254	758	677.927	212.5	15.1861
ENST00000390477	720	549.204	0	0
ENST00000478163	974	803.204	0	0
ENST00000390320	127	18.8515	0	0
ENST00000390322	175	42.7869	0	0
ENST00000390324	176	43.4841	0	0
ENST00000390326	33	15.1111	0	0
ENST00000390327	72	20.2821	0	0
ENST00000390328	70	20.4	0	0
ENST00000390330	46	22.5833	0	0
ENST00000390238	38	18.6	0	0
ENST00000390239	37	17.6	0	0
ENST00000390240	38	18.6	0	0
ENST00000390241	38	18.6	0	0
ENST00000390242	38	18.6	0	0
ENST00000390560	61	28.1765	0	0
ENST00000488476	49	25.5833	0	0
ENST00000461719	46	22.5833	0	0
ENST00000463911	49	25.5833	0	0
ENST00000390564	52	26.6154	0	0
ENST00000390565	52	26.6154	0	0
ENST00000605226	61	28.1765	0	0
ENST00000603111	49	25.5833	0	0
ENST00000605760	46	22.5833	0	0
ENST00000604591	49	25.5833	0	0
ENST00000604748	52	26.6154	0	0
ENST00000603773	52	26.6154	0	0
ENST00000390321	460	289.958	0	0
ENST00000390323	462	291.928	0	0
ENST00000390325	462	291.928	0	0
ENST00000390331	438	268.545	0	0
ENST00000390237	523	364.226	1	0.133015
ENST00000390539	1071	900.204	0	0
ENST00000390541	1412	1241.2	0	0
ENST00000577108	230	81.0794	0	0
ENST00000576077	166	37.5336	0	0
ENST00000390543	1110	939.204	0	0
ENST00000390545	1132	961.204	0	0
ENST00000390547	1110	939.204	0	0
ENST00000390548	2619	2448.2	0	0
ENST00000390549	1128	957.204	0	0
ENST00000390542	1022	851.204	0	0
ENST00000390551	1268	1097.2	0	0
ENST00000390556	1678	1507.2	0	0
ENST00000390559	1461	1290.2	0	0
ENST00000605666	1071	900.204	0	0
ENST00000604997	230	81.0794	0	0
ENST00000604657	166	37.5336	0	0
ENST00000605414	1412	1241.2	0	0
ENST00000605075	1110	939.204	0	0
ENST00000603473	1132	961.204	0	0
ENST00000604598	1110	939.204	0	0
ENST00000604364	2619	2448.2	0	0
ENST00000605583	1128	957.204	0	0
ENST00000603328	1022	851.204	0	0
ENST00000603632	1268	1097.2	0	0
ENST00000605157	1678	1507.2	0	0
ENST00000605693	1461	1290.2	0	0
ENST00000338912	353	186.914	0	0
ENST00000558565	359	192.663	0	0
ENST00000302092	353	186.914	0	0
ENST00000559480	363	196.426	0	0
ENST00000604066	353	186.914	0	0
ENST00000557788	353	186.914	0	0
ENST00000390593	415	246.163	0	0
ENST00000390594	415	246.163	0	0
ENST00000390595	393	225.113	0	0
ENST00000390596	412	243.385	0	0
ENST00000390597	377	209.706	0	0
ENST00000390598	430	260.704	0	0
ENST00000390599	413	244.287	0	0
ENST00000390600	434	264.599	0	0
ENST00000390601	471	300.898	0	0
ENST00000390602	428	258.808	0	0
ENST00000390603	437	267.599	0	0
ENST00000390604	425	255.938	0	0
ENST00000390605	410	241.458	0	0
ENST00000390606	413	244.287	0	0
ENST00000390607	430	260.704	0	0
ENST00000390609	430	260.704	0	0
ENST00000390610	411	242.458	0	0
ENST00000390611	381	213.534	0	0
ENST00000390612	423	253.938	0	0
ENST00000390613	431	261.678	0	0
ENST00000438142	426	256.912	0	0
ENST00000390615	431	261.678	0	0
ENST00000390616	400	231.767	0	0
ENST00000390617	366	199.245	0	0
ENST00000390618	426	256.912	0	0
ENST00000390619	425	255.938	0	0
ENST00000434710	434	264.599	0	0
ENST00000390621	409	240.458	0	0
ENST00000390622	655	484.204	0	0
ENST00000390624	430	260.704	0	0
ENST00000390625	437	267.599	0	0
ENST00000390626	410	241.458	0	0
ENST00000390627	569	398.372	0	0
ENST00000390628	412	243.385	0	0
ENST00000455737	1327	1156.2	0	0
ENST00000390629	493	322.65	0	0
ENST00000390630	455	285.073	0	0
ENST00000454421	431	261.678	0	0
ENST00000390632	427	257.86	0	0
ENST00000390633	412	243.385	0	0
ENST00000390634	433	263.625	0	0
ENST00000433072	437	267.599	0	0
ENST00000390636	437	267.599	0	0
ENST00000424969	587	416.291	0	0
ENST00000390639	405	236.602	0	0
ENST00000453673	353	186.914	0	0
ENST00000542081	324	160.118	0	0
ENST00000390282	419	249.988	0	0
ENST00000390283	414	245.213	0	0
ENST00000390284	362	195.505	0	0
ENST00000390285	623	452.249	0	0
ENST00000390286	426	256.912	0	0
ENST00000390287	365	198.306	0	0
ENST00000390289	379	226.246	17	3.64031
ENST00000390290	400	250.7	2	0.386498
ENST00000390291	405	236.602	0	0
ENST00000427632	409	240.458	0	0
ENST00000390293	369	202.164	0	0
ENST00000390294	407	238.506	0	0
ENST00000390295	384	216.469	0	0
ENST00000390296	397	228.906	0	0
ENST00000390297	466	295.928	0	0
ENST00000390298	385	217.448	0	0
ENST00000390299	407	238.506	0	0
ENST00000390300	374	206.853	0	0
ENST00000390301	392	224.158	0	0
ENST00000390302	398	229.906	0	0
ENST00000390303	358	191.682	0	0
ENST00000390304	377	209.706	0	0
ENST00000390305	380	212.599	0	0
ENST00000390306	502	375.834	0	0
ENST00000390307	409	240.458	0	0
ENST00000390308	602	431.249	0	0
ENST00000390309	377	209.706	0	0
ENST00000390310	374	206.853	0	0
ENST00000390311	375	207.79	0	0
ENST00000390312	402	252.903	1	0.191566
ENST00000390313	360	193.584	0	0
ENST00000390314	400	231.767	0	0
ENST00000390315	386	218.404	0	0
ENST00000390316	461	290.958	0	0
ENST00000390317	520	349.483	0	0
ENST00000390318	403	234.673	0	0
ENST00000390319	398	229.906	0	0
ENST00000354689	294	133.706	0	0
ENST00000567458	358	191.682	0	0
ENST00000560724	291	131.042	0	0
ENST00000425181	350	184.045	0	0
ENST00000565407	349	183.101	0	0
ENST00000570121	353	186.914	0	0
ENST00000562905	353	186.914	0	0
ENST00000421835	350	200.099	1	0.242118
ENST00000390243	538	367.447	0	0
ENST00000390244	408	239.458	0	0
ENST00000496168	532	361.447	0	0
ENST00000464162	380	212.599	0	0
ENST00000390247	445	275.353	0	0
ENST00000495489	398	229.906	0	0
ENST00000493819	409	240.458	0	0
ENST00000483158	392	224.158	0	0
ENST00000480492	398	229.906	0	0
ENST00000390252	442	272.491	0	0
ENST00000479981	378	210.685	0	0
ENST00000490686	378	210.685	0	0
ENST00000492167	400	231.767	0	0
ENST00000390256	406	237.554	0	0
ENST00000484817	390	222.226	0	0
ENST00000498435	382	214.469	0	0
ENST00000482769	390	222.226	0	0
ENST00000468494	390	222.226	0	0
ENST00000473726	382	214.469	0	0
ENST00000465170	398	229.906	0	0
ENST00000498574	398	229.906	0	0
ENST00000390264	314	151.018	0	0
ENST00000429992	332	167.41	0	0
ENST00000560045	312	149.393	0	0
ENST00000448155	376	208.727	0	0
ENST00000509129	353	186.914	0	0
ENST00000390265	440	270.518	0	0
ENST00000474213	395	227.021	0	0
ENST00000491977	390	222.226	0	0
ENST00000453166	396	227.976	0	0
ENST00000558026	306	144.264	0	0
ENST00000390268	390	222.226	0	0
ENST00000462693	390	222.226	0	0
ENST00000436451	409	240.458	0	0
ENST00000390270	445	275.353	0	0
ENST00000390271	371	204.082	0	0
ENST00000483379	532	361.447	0	0
ENST00000492446	378	210.685	0	0
ENST00000417279	394	226.113	0	0
ENST00000390275	531	360.447	0	0
ENST00000390276	532	361.447	0	0
ENST00000390277	442	272.491	0	0
ENST00000390278	371	204.082	0	0
ENST00000468879	532	397.596	5	0.609255
ENST00000471857	532	361.447	0	0
ENST00000423080	382	228.472	0	0
ENST00000603991	415	246.163	0	0
ENST00000604405	415	246.163	0	0
ENST00000604008	393	225.113	0	0
ENST00000604885	377	209.706	0	0
ENST00000605118	430	260.704	0	0
ENST00000604832	471	300.898	0	0
ENST00000603568	428	258.808	0	0
ENST00000604787	437	267.599	0	0
ENST00000604206	425	255.938	0	0
ENST00000604973	410	241.458	0	0
ENST00000605303	413	244.287	0	0
ENST00000603206	430	260.704	0	0
ENST00000604930	430	260.704	0	0
ENST00000603306	411	242.458	0	0
ENST00000604985	381	213.534	0	0
ENST00000603153	423	253.938	0	0
ENST00000603660	431	261.678	0	0
ENST00000605000	426	256.912	0	0
ENST00000603600	431	261.678	0	0
ENST00000604045	400	231.767	0	0
ENST00000604984	366	199.245	0	0
ENST00000605215	426	256.912	0	0
ENST00000603423	425	255.938	0	0
ENST00000604795	434	264.599	0	0
ENST00000605715	409	240.458	0	0
ENST00000603279	655	484.204	0	0
ENST00000604412	430	260.704	0	0
ENST00000603914	437	267.599	0	0
ENST00000603210	410	241.458	0	0
ENST00000604962	569	398.372	0	0
ENST00000603573	412	243.385	0	0
ENST00000604829	1327	1156.2	0	0
ENST00000603344	493	322.65	0	0
ENST00000603539	455	285.073	0	0
ENST00000604578	431	261.678	0	0
ENST00000605681	427	257.86	0	0
ENST00000605716	412	243.385	0	0
ENST00000604977	433	263.625	0	0
ENST00000604096	437	267.599	0	0
ENST00000603911	437	267.599	0	0
ENST00000603412	587	416.291	0	0
ENST00000390333	50	24.6154	0	0
ENST00000390334	60	27.1765	0	0
ENST00000390337	50	24.6154	0	0
ENST00000390338	61	28.1765	0	0
ENST00000390339	60	27.1765	0	0
ENST00000564782	50	28.315	1	1.71102
ENST00000562364	51	25.6154	1	1.89134
ENST00000568132	46	22.5833	1	2.14528
ENST00000570261	49	25.5833	1.5	2.84057
ENST00000569780	50	24.6154	0	0
ENST00000566152	48	24.5833	0	0
ENST00000562885	53	31.5546	0.5	0.767676
ENST00000568349	47	23.5833	0	0
ENST00000390412	50	28.315	1	1.71102
ENST00000390413	51	25.6154	1	1.89134
ENST00000390414	46	22.5833	1	2.14528
ENST00000390415	49	25.5833	1.5	2.84057
ENST00000390416	50	24.6154	0	0
ENST00000390417	48	24.5833	0	0
ENST00000390418	53	31.5546	0.5	0.767676
ENST00000390419	47	23.5833	0	0
ENST00000390473	51	25.6154	0	0
ENST00000390474	48	24.5833	0	0
ENST00000390475	54	28.6154	0	0
ENST00000390476	59	27.8125	0	0
ENST00000390479	60	27.1765	0	0
ENST00000390480	54	28.6154	0	0
ENST00000390481	63	23.6364	0	0
ENST00000390482	63	23.6364	0	0
ENST00000390483	62	26.2105	0	0
ENST00000390484	60	27.1765	0	0
ENST00000390485	66	22.8846	0	0
ENST00000390486	69	22.6333	0	0
ENST00000390487	60	27.1765	0	0
ENST00000390488	56	28.5	0	0
ENST00000390489	63	23.6364	0	0
ENST00000390490	57	29.5	0	0
ENST00000390491	63	23.6364	0	0
ENST00000390492	66	22.8846	0	0
ENST00000390493	63	23.6364	0	0
ENST00000390494	54	28.6154	0	0
ENST00000390495	66	22.8846	0	0
ENST00000390496	62	26.2105	0	0
ENST00000390497	61	28.1765	0	0
ENST00000390498	63	23.6364	0	0
ENST00000390499	62	26.2105	0	0
ENST00000390500	63	23.6364	0	0
ENST00000390501	60	27.1765	0	0
ENST00000390502	59	27.8125	0	0
ENST00000390503	58	26.8125	0	0
ENST00000390504	57	29.5	0	0
ENST00000390505	66	22.8846	0	0
ENST00000390506	57	29.5	0	0
ENST00000390507	57	29.5	0	0
ENST00000390508	60	27.1765	0	0
ENST00000390509	66	22.8846	0	0
ENST00000390510	59	27.8125	0	0
ENST00000390511	60	27.1765	0	0
ENST00000390512	60	27.1765	0	0
ENST00000390513	63	23.6364	0	0
ENST00000390514	63	23.6364	0	0
ENST00000390515	63	23.6364	0	0
ENST00000390516	55	29.6154	0	0
ENST00000390517	57	29.5	0	0
ENST00000390518	60	27.1765	0	0
ENST00000390519	66	22.8846	0	0
ENST00000390520	63	23.6364	0	0
ENST00000390521	60	27.1765	0	0
ENST00000390523	52	26.6154	0	0
ENST00000390524	63	23.6364	0	0
ENST00000390525	60	27.1765	0	0
ENST00000390526	60	27.1765	0	0
ENST00000390527	64	22.6667	0	0
ENST00000390528	61	28.1765	0	0
ENST00000390529	60	27.1765	0	0
ENST00000390530	59	27.8125	0	0
ENST00000390531	62	26.2105	0	0
ENST00000390532	60	27.1765	0	0
ENST00000390533	63	23.6364	0	0
ENST00000390534	62	26.2105	0	0
ENST00000390535	66	22.8846	0	0
ENST00000390536	62	26.2105	0	0
ENST00000566782	2673	2484.85	92.3297	1.80016
ENST00000562780	1096	946.313	9.15407	0.468652
ENST00000569579	1840	1641.71	32.2996	0.953172
ENST00000568242	3405	3344.35	0	0
ENST00000565530	375	207.79	0	0
ENST00000567516	624	453.249	0	0
ENST00000566356	2816	2323.5	2.5	0.0521277
ENST00000561776	470	345.235	0.5	0.070166
ENST00000567371	601	480.27	0.608811	0.0614141
ENST00000568084	487	316.65	0	0
ENST00000567419	324	160.118	0	0
ENST00000562865	5683	6329.32	30.8688	0.236284
ENST00000568643	4087	4621.13	13.8874	0.145594
ENST00000568276	3931	4429.33	28.8242	0.315276
ENST00000568474	3880	4384.5	7.96824	0.0880468
ENST00000565220	3298	3746.83	24.0077	0.310427
ENST00000562805	3200	3639.03	1022.47	13.6124
ENST00000565780	3497	4027.41	1619.87	19.4861
ENST00000563199	1069	1071.48	22.221	1.00473
ENST00000563935	1029	975.436	0	0
ENST00000569590	915	889.273	5.01407	0.273166
ENST00000567112	949	931.28	22.8484	1.18863
ENST00000562657	586	471.533	5.51342	0.566474
ENST00000563461	432	323.79	3.80322	0.569061
ENST00000567301	2792	3036.51	0.00115058	1.83574e-05
ENST00000567627	1866	1899.73	25.6682	0.654599
ENST00000567798	571	468.345	9.59505	0.99255
ENST00000562091	723	673.295	3.58431	0.257912
ENST00000566592	2541	2893.51	76.847	1.28669
ENST00000568527	398	229.906	0	0
ENST00000568842	2658	2964.6	2471.96	40.3967
ENST00000564196	2826	3152.07	438.3	6.73668
ENST00000563183	578	476.681	39.8218	4.04728
ENST00000567782	1965	2150.19	64.989	1.46432
ENST00000562005	837	784.574	129.381	7.98931
ENST00000569402	1129	1190.55	138.514	5.6366
ENST00000566412	1028	908.29	91.9719	4.90571
ENST00000568367	1573	1541.49	33.2394	1.04468
ENST00000562460	1534	1497.33	360.931	11.6782
ENST00000563359	1441	1331.89	0	0
ENST00000565508	993	866.409	16.9675	0.948784
ENST00000564463	1729	1749.35	4.30543	0.119237
ENST00000567084	1302	1180.37	0	0
ENST00000562554	1253	1224.68	16.0116	0.633407
ENST00000569139	975	791.848	149.075	9.12082
ENST00000566226	730	552.87	3.25129	0.284907
ENST00000564142	1081	1001.77	18.0803	0.8744
ENST00000564002	922	768.621	38.4063	2.42081
ENST00000563411	532	378.393	0	0
ENST00000561597	964	831.609	5.17469	0.301464
ENST00000567013	513	338.707	1.13612	0.162506
ENST00000569519	675	507.002	19.951	1.90645
ENST00000566913	836	724.319	0	0
ENST00000563216	331	179.144	0.502695	0.135948
ENST00000427390	4091	4036.85	0	0
ENST00000595502	681	510.204	0	0
ENST00000563585	558	414.299	1	0.116939
ENST00000568725	2057	1798	3.5	0.0943084
ENST00000567347	566	395.372	0	0
ENST00000564462	569	398.372	0	0
ENST00000438063	1478	1307.2	0	0
ENST00000454856	1687	1516.2	0	0
ENST00000569845	2383	2151.38	76.5	1.72273
ENST00000561428	398	229.906	0	0
ENST00000559471	7176	6075.35	1167.95	9.31374
ENST00000261847	6779	5695.25	338.933	2.88319
ENST00000380927	2551	2165.6	6.00207	0.134274
ENST00000559122	540	303.868	4.19183	0.668329
ENST00000559198	811	640.204	0	0
ENST00000561203	472	301.898	0	0
ENST00000557940	410	241.458	0	0
ENST00000559424	1084	859.478	2.93173	0.165257
ENST00000558461	310	147.701	0	0
ENST00000557923	546	375.41	0	0
ENST00000594169	681	510.204	0	0
ENST00000435397	1478	1307.2	0	0
ENST00000439682	1706	1535.2	0	0
ENST00000553662	1450	1279.2	0	0
ENST00000570157	502	331.552	0	0
ENST00000298232	2674	2130.73	0	0
ENST00000361285	2150	1696.76	2.32054e-08	6.62584e-10
ENST00000342420	2036	1610.81	0	0
ENST00000447568	1874	1457.59	0	0
ENST00000415664	3336	3165.2	0	0
ENST00000328758	723	517.158	1	0.0936803
ENST00000564506	4339	4462.41	4737.25	51.4313
ENST00000567793	3535	3753	0	0
ENST00000569427	770	620.719	2.94291	0.229696
ENST00000561994	1984	1838.96	0	0
ENST00000569541	2255	2152.24	40.7671	0.917677
ENST00000565052	466	321.199	1.28999	0.194572
ENST00000540061	144	26.1591	0	0
ENST00000299443	1826	1655.2	0	0
ENST00000562963	2660	2869.61	2127.6	35.9201
ENST00000564914	1019	952.567	12.4982	0.635659
ENST00000563912	2583	2782.15	0	0
ENST00000567931	300	138.945	2.56353	0.893856
ENST00000569092	911	852.596	3.17726	0.180543
ENST00000596508	1839	1668.2	0	0
ENST00000590371	598	513.588	4.16268	0.392671
ENST00000587905	743	679.956	1.26738	0.090302
ENST00000590115	501	330.552	0	0
ENST00000399848	8633	7939.18	0	0
ENST00000359446	8486	7804.1	24.2794	0.150726
ENST00000586222	685	608.826	1.12365	0.089415
ENST00000593236	572	401.332	0	0
ENST00000587600	444	274.353	0	0
ENST00000586207	545	374.41	0	0
ENST00000587440	335	170.167	0	0
ENST00000592657	464	293.928	0	0
ENST00000587757	2171	2000.2	0	0
ENST00000585931	2118	1973.8	8.64252	0.212133
ENST00000590308	3720	3549.2	0	0
ENST00000586765	844	735.26	0	0
ENST00000592812	549	378.41	0	0
ENST00000361303	8086	7339.22	4.52434	0.029866
ENST00000435606	8032	7274.06	0	0
ENST00000592991	1640	1469.2	0	0
ENST00000361205	8686	8046.38	0	0
ENST00000572436	2016	1810.62	450.359	12.0505
ENST00000577172	1468	1219.28	147.172	5.84782
ENST00000344577	1652	1213.37	0	0
ENST00000400211	421	251.963	0	0
ENST00000536861	1563	1128.04	6	0.257689
ENST00000468643	1992	1472.93	2.33976e-07	7.69592e-09
ENST00000468788	680	446.212	28.3307	3.07601
ENST00000495055	1597	1162.03	0	0
ENST00000461088	649	422.464	9.19583	1.05456
ENST00000400577	1934	1416.48	105.757	3.61717
ENST00000475864	668	408.376	57.7165	6.84717
ENST00000332663	1084	913.204	0	0
ENST00000562265	2945	3235.83	11.3459	0.169873
ENST00000569286	997	959.248	11.5754	0.584622
ENST00000561861	1644	1712.29	11.4782	0.324764
ENST00000568696	1598	1618.45	0	0
ENST00000569942	1863	1929.24	417.58	10.4863
ENST00000564164	1041	994.842	3.61244	0.175921
ENST00000570113	727	649.306	24.0798	1.79669
ENST00000563097	833	744.749	2.48107	0.161399
ENST00000563653	413	266.131	3.57042	0.649972
ENST00000567362	4213	4391.37	46.6803	0.514998
ENST00000328795	1126	955.204	0	0
ENST00000599120	33	15.1111	0	0
ENST00000285667	3986	3061.13	1972.24	31.214
ENST00000478035	620	457.068	8.34609	0.884654
ENST00000544452	1299	1034.58	39.4122	1.8456
ENST00000564742	2072	2171.61	5.52004	0.123149
ENST00000565175	1989	2080.43	74.225	1.7285
ENST00000565920	1515	1646.65	23.8245	0.700963
ENST00000568066	1401	1508.78	40.3731	1.2964
ENST00000560659	3577	3492.4	16.8706	0.234033
ENST00000316397	3822	3742.63	0	0
ENST00000563880	2617	2748.64	13.9139	0.245246
ENST00000563345	1072	901.204	0	0
ENST00000565015	730	559.204	0	0
ENST00000560240	511	313.698	5.84059	0.902021
ENST00000388901	4061	3043.79	1395.94	22.2189
ENST00000299259	2036	1534.99	1629.28	51.4232
ENST00000542928	1580	1158.39	201.127	8.41176
ENST00000558843	803	509.116	97.6661	9.29391
ENST00000561248	575	340.067	0	0
ENST00000559016	570	399.332	0	0
ENST00000558545	668	400.837	3.88297	0.469318
ENST00000400564	1382	956.255	0	0
ENST00000400566	1888	1717.2	0	0
ENST00000285670	2185	1684.37	9	0.258867
ENST00000463807	933	762.204	0	0
ENST00000493640	282	123.324	0	0
ENST00000564173	3109	3435.3	375.011	5.28873
ENST00000567939	2990	3220.23	419.073	6.30484
ENST00000435732	1151	814.527	10	0.594793
ENST00000400562	808	637.204	0	0
ENST00000469393	220	73.8093	1	0.656387
ENST00000467280	450	280.242	0	0
ENST00000565659	1922	2021.66	10.836	0.259676
ENST00000565751	1671	1723.93	1203.48	33.8213
ENST00000570252	1167	1085.68	0	0
ENST00000568002	560	421.016	7.02554	0.808448
ENST00000567952	551	406.769	0	0
ENST00000563870	608	490.801	3.47035	0.342562
ENST00000562910	583	412.291	0	0
ENST00000569640	500	389.196	1.7968	0.223667
ENST00000564151	555	439.739	0	0
ENST00000283645	3849	3341.11	759.766	11.0169
ENST00000453949	3341	2812.69	243.969	4.20226
ENST00000558664	500	293.406	0	0
ENST00000559846	2311	1931.74	8.54821	0.214387
ENST00000561214	676	441.922	2.08145	0.228188
ENST00000559534	558	317.966	7.45235	1.13549
ENST00000558915	532	312.553	5.25397	0.814393
ENST00000400199	7562	6209.78	315.321	2.46007
ENST00000400202	7671	6332.9	172.097	1.31657
ENST00000411932	720	549.204	0	0
ENST00000318948	7556	6170.86	415.795	3.26441
ENST00000260385	3138	3229.21	0	0
ENST00000560588	2202	1969.75	23.3398	0.574061
ENST00000558777	2139	2059.34	0	0
ENST00000338376	2251	2233.95	762.477	16.5358
ENST00000557831	954	783.204	0	0
ENST00000558232	1033	931.845	8.21164	0.426931
ENST00000560779	572	414.974	0	0
ENST00000558560	604	494.785	0	0
ENST00000560460	931	913.644	5.34183	0.283259
ENST00000558364	582	455.91	5.17762	0.550202
ENST00000560905	1008	1004.33	28.4525	1.3725
ENST00000563924	3743	3496.31	12.4185	0.172081
ENST00000568702	481	314.52	0	0
ENST00000566422	531	341.588	0	0
ENST00000564866	852	688.309	4.61476	0.324815
ENST00000563523	579	376.469	0	0
ENST00000561739	584	413.291	0	0
ENST00000566616	533	343.887	0	0
ENST00000569967	580	409.291	0	0
ENST00000569530	621	427.068	1	0.113442
ENST00000558940	2425	2254.2	0	0
ENST00000560347	1750	1579.2	0	0
ENST00000571603	1526	1355.2	0	0
ENST00000580250	920	749.204	0	0
ENST00000583625	1371	1200.2	0	0
ENST00000585046	762	591.204	0	0
ENST00000260447	775	729.77	404.104	26.8274
ENST00000561160	572	494.165	4.68947	0.459751
ENST00000558670	412	293.765	0	0
ENST00000559445	626	542.864	0	0
ENST00000559932	695	626.161	9.0906	0.70336
ENST00000558467	785	718.532	6.11561	0.412349
ENST00000581838	485	264.167	0	0
ENST00000573512	1594	1388.31	275.982	9.63089
ENST00000579744	708	391.441	22.3834	2.77032
ENST00000583045	906	625.827	26.2604	2.03291
ENST00000580137	473	251.789	18.5929	3.57752
ENST00000582952	271	113.94	2.57461	1.09473
ENST00000578436	1295	1113.49	0	0
ENST00000583923	359	192.663	0	0
ENST00000579819	632	407.798	0	0
ENST00000585235	565	379.952	0.992842	0.126597
ENST00000220496	1017	908.803	412.369	21.983
ENST00000561110	529	381.306	11.9448	1.51766
ENST00000559238	1341	1170.2	0	0
ENST00000558727	507	392.655	3.65729	0.451253
ENST00000560645	903	772.538	5.6116	0.351915
ENST00000560065	704	579.423	3.83555	0.320703
ENST00000561018	880	771.799	6.04417	0.379405
ENST00000559310	792	676.458	4.42359	0.316815
ENST00000560301	987	902.723	3.14063	0.168552
ENST00000558769	462	325.951	1.31692	0.19574
ENST00000561044	456	286.044	0	0
ENST00000322247	4340	3662.88	62.0141	0.820236
ENST00000585785	1095	810.807	1.48769	0.088893
ENST00000588475	1389	1086.11	97.2606	4.33843
ENST00000589346	659	446.352	6.89953	0.748882
ENST00000592976	1091	885.44	42.5253	2.3268
ENST00000591269	1038	864.912	13.6868	0.766657
ENST00000402563	4240	3566.12	448.666	6.09536
ENST00000285679	3973	3425.75	2164.06	30.6045
ENST00000351097	2158	1798.68	0	0
ENST00000285681	5216	4280.58	668.702	7.56836
ENST00000547201	757	498.293	8.19561	0.796834
ENST00000549362	606	373.308	0	0
ENST00000464435	845	674.204	0	0
ENST00000453553	611	400.033	2.80561	0.339784
ENST00000449491	687	463.496	0	0
ENST00000478932	2605	1996.82	14.2373	0.34543
ENST00000400183	5178	4209.65	0	0
ENST00000570644	3554	3095.55	2905.41	45.4716
ENST00000574715	2550	2219.05	3420.36	74.6751
ENST00000576550	2021	1706.85	1183.64	33.5966
ENST00000582032	615	376.248	47.933	6.17207
ENST00000577776	867	590.5	36.1821	2.96855
ENST00000584452	883	632.325	15.517	1.18888
ENST00000580373	1391	1272.43	23.303	0.887258
ENST00000584448	828	660.665	60.0145	4.40094
ENST00000582247	465	250.204	1.92674	0.373079
ENST00000579418	474	293.993	0	0
ENST00000579166	531	341.452	0	0
ENST00000577338	572	397.597	3.28652	0.400465
ENST00000578316	533	362.447	0	0
ENST00000582001	568	433.39	0	0
ENST00000579675	589	418.291	0	0
ENST00000578797	548	422.841	12.0537	1.38106
ENST00000585209	573	402.332	0	0
ENST00000584543	599	429.104	0	0
ENST00000577555	571	410.099	3.02993	0.357944
ENST00000580202	534	363.447	0	0
ENST00000315087	2716	2889.96	88.0686	1.47639
ENST00000590497	2094	2067.72	0	0
ENST00000538168	1914	1970.94	7.45024	0.183134
ENST00000536490	1499	1511.96	4.50395	0.144319
ENST00000587428	556	428.779	2.47797	0.279984
ENST00000589088	561	390.372	0	0
ENST00000591375	364	184.941	0.705849	0.184905
ENST00000588155	1440	1377.66	3.30471	0.116215
ENST00000590488	582	408.082	1.48871	0.17674
ENST00000440664	714	485.174	3	0.299568
ENST00000577141	2995	2592.46	467.893	8.7439
ENST00000582945	608	369.828	0	0
ENST00000574247	2586	2181.16	117.499	2.60987
ENST00000581883	510	292.731	0	0
ENST00000582061	541	343.175	14.1783	2.00162
ENST00000583769	494	296.642	24.8831	4.06391
ENST00000583304	3641	3212.84	21.8167	0.328982
ENST00000572101	1036	783.445	28.7311	1.7767
ENST00000284878	6254	5286.57	5389.28	49.3887
ENST00000400166	1080	810.147	152.771	9.13582
ENST00000356275	270	113.174	0	0
ENST00000400165	603	363.353	0	0
ENST00000400169	1445	1060.57	270.612	12.3617
ENST00000306618	975	692.082	41.1052	2.87747
ENST00000543302	1849	1389.48	111.661	3.89333
ENST00000383314	6250	5445.4	1092.62	9.72099
ENST00000588457	1612	1247.09	0	0
ENST00000592764	4108	3620.35	404.923	5.41867
ENST00000591746	572	345.793	2.80827	0.393455
ENST00000589866	1879	1430.84	0	0
ENST00000588417	659	413.357	2.31699	0.271562
ENST00000593007	811	635.351	0	0
ENST00000591922	581	378.935	0	0
ENST00000262173	6051	5277.98	1450.72	13.3164
ENST00000535051	1343	986.576	0	0
ENST00000561576	4530	4754.09	756.439	7.70864
ENST00000568217	851	755.902	3.57019	0.228822
ENST00000585916	5909	4892.43	559.371	5.53919
ENST00000398654	2043	1705.54	150.478	4.27448
ENST00000545673	1590	1220.98	135.033	5.35798
ENST00000324794	1899	1538.46	422.923	13.3182
ENST00000592212	2143	1736.62	90.5153	2.52516
ENST00000590127	1838	1476.61	0	0
ENST00000592011	1394	1095.86	0	0
ENST00000591865	515	344.518	0	0
ENST00000589819	589	418.291	0	0
ENST00000589917	561	355.803	0	0
ENST00000586953	497	300.754	2.47419	0.39856
ENST00000592221	502	331.552	0	0
ENST00000587810	447	277.298	0	0
ENST00000586170	332	167.41	3.11332	0.900978
ENST00000586634	585	414.291	0	0
ENST00000590944	404	235.673	0	0
ENST00000559883	991	818.857	4.9495	0.292836
ENST00000559963	794	608.745	23.4554	1.86672
ENST00000327171	3222	2631.68	20.721	0.381461
ENST00000560654	784	587.249	4.12468	0.340282
ENST00000558775	813	624.654	0	0
ENST00000561074	550	379.41	0	0
ENST00000559040	471	281.939	10.6861	1.83626
ENST00000560031	2043	1798.2	44.561	1.20057
ENST00000396509	1834	1568.59	37.354	1.15372
ENST00000558956	641	467.006	0	0
ENST00000559208	861	683.136	2.84408	0.2017
ENST00000559095	427	257.86	0	0
ENST00000558145	567	396.372	0	0
ENST00000560119	2053	1772.4	8.09654	0.221314
ENST00000544523	1950	1665.86	0	0
ENST00000560138	722	535.177	4.81111	0.435531
ENST00000559423	895	725.822	0	0
ENST00000559454	1768	1496.68	91.381	2.95801
ENST00000561014	797	598.077	0	0
ENST00000558399	805	548.204	0	0
ENST00000559580	655	463.464	2.30992	0.241464
ENST00000560528	620	449.249	0	0
ENST00000543495	2053	1772.4	8.09654	0.221314
ENST00000569961	3158	2987.2	0	0
ENST00000563590	3543	4303.73	1	0.0112571
ENST00000565954	1802	1631.2	0	0
ENST00000339775	1485	1187.9	50.938	2.07745
ENST00000348354	1456	1159.91	724.54	30.2628
ENST00000471860	718	465.52	4.09501	0.426174
ENST00000496601	378	185.186	2.5997	0.680123
ENST00000464058	531	351.317	7.34549	1.01296
ENST00000457956	511	374.398	10.5378	1.3636
ENST00000344320	2485	2761.12	25.4934	0.447316
ENST00000504988	1156	985.204	0	0
ENST00000564093	8455	8608.94	0	0
ENST00000566546	1153	1013.23	527.758	25.2346
ENST00000563163	846	670.601	58.1199	4.19887
ENST00000562728	1509	1349.42	46.184	1.65812
ENST00000567364	436	254.443	123.195	23.457
ENST00000357199	1268	1071.97	5.49471	0.248332
ENST00000289953	1069	830.718	1.52822	0.0891257
ENST00000288398	1295	1112.22	382.033	16.6411
ENST00000560975	2855	2785.9	133.132	2.3152
ENST00000358278	1717	1476.76	5528.28	181.365
ENST00000560445	485	310.653	14.6642	2.28693
ENST00000403994	1049	874.144	492.275	27.2832
ENST00000561425	582	493.428	2.48144	0.243641
ENST00000558314	1031	962.222	51.4675	2.59137
ENST00000357980	1800	1589.33	153.722	4.68589
ENST00000558347	1525	1285.56	0	0
ENST00000559556	977	793.297	0	0
ENST00000559397	1655	1421.83	0	0
ENST00000267996	1670	1455.58	591.587	19.6903
ENST00000560970	1039	840.301	0	0
ENST00000561266	671	470.229	0	0
ENST00000559831	573	380.152	58.9819	7.51679
ENST00000334895	1637	1368.6	172.28	6.09858
ENST00000404484	1568	1334.7	225.321	8.17883
ENST00000558544	1399	1157.84	0	0
ENST00000558868	653	500.505	29.827	2.88717
ENST00000560959	925	715.728	137.565	9.31173
ENST00000559281	851	658.984	0	0
ENST00000317516	738	541.201	26.7122	2.39123
ENST00000560615	570	377.076	0	0
ENST00000560679	292	131.931	3.65939	1.3438
ENST00000558264	2687	2324.52	24.4313	0.509194
ENST00000558400	658	487.204	0	0
ENST00000561395	673	472.159	10.1021	1.03656
ENST00000561242	673	477.504	19.8483	2.0138
ENST00000558072	525	313.365	0	0
ENST00000559108	437	246.487	51.008	10.0257
ENST00000558910	782	531.884	125.003	11.3861
ENST00000560131	537	354.614	75.7331	10.3467
ENST00000563281	6641	7128.34	1528.55	10.3887
ENST00000326000	659	488.204	0	0
ENST00000284881	5433	4162.07	1187.38	13.8214
ENST00000400559	1593	1228.64	15.7137	0.61962
ENST00000400558	1090	826.69	26.9426	1.57895
ENST00000405964	896	667.037	31.4143	2.28165
ENST00000493464	744	499.564	2.13712	0.207257
ENST00000482915	665	399.623	5.89265	0.714384
ENST00000569672	3905	4441.71	9.2599	0.101001
ENST00000566817	2065	2283.68	5.08583	0.107894
ENST00000562181	1712	1773.21	17.5509	0.479524
ENST00000564535	5092	5859.49	21.4742	0.177554
ENST00000563621	5832	6664.46	55.3863	0.402633
ENST00000568089	5234	6027.93	22.3975	0.180013
ENST00000562720	1611	1440.2	0	0
ENST00000566962	680	562.646	1.21728	0.104815
ENST00000564799	686	656.14	4.00082	0.295409
ENST00000420329	5209	5467.2	250.025	2.21559
ENST00000560098	1421	1250.2	0	0
ENST00000561218	579	408.332	0	0
ENST00000268184	2537	2637.53	34.9692	0.642331
ENST00000558619	593	422.249	0	0
ENST00000560927	2463	2168.22	6.47368	0.14465
ENST00000561119	630	467.887	2.71692	0.281325
ENST00000558005	570	438.639	0	0
ENST00000561290	548	377.41	0	0
ENST00000558496	543	372.447	0	0
ENST00000561255	520	349.483	0	0
ENST00000560047	565	302.867	1	0.159963
ENST00000560320	554	383.372	0	0
ENST00000558167	559	388.372	0	0
ENST00000569669	2303	2543.59	0	0
ENST00000568812	878	901.525	8.36701	0.449638
ENST00000569403	651	559.374	0	0
ENST00000569160	734	726.362	0.754978	0.0503562
ENST00000563210	642	613.795	3.05301	0.240978
ENST00000569712	556	385.372	0	0
ENST00000570108	1669	1731.43	0.985024	0.0275622
ENST00000564258	2059	2144.18	0	0
ENST00000355341	2260	2458.92	104.34	2.05579
ENST00000336455	1784	1831.12	0	0
ENST00000299173	1555	1598.39	17.2267	0.522143
ENST00000568062	580	409.291	0	0
ENST00000563530	382	214.469	0	0
ENST00000566407	922	827.719	11.6042	0.679208
ENST00000567756	571	439.765	10.7207	1.18106
ENST00000561617	812	733.303	9.13779	0.603711
ENST00000569057	1036	969.482	0	0
ENST00000561768	1486	1541.39	126.59	3.97885
ENST00000560078	2913	3067.22	43.6455	0.689392
ENST00000566767	617	481.247	1.26181	0.127027
ENST00000570162	562	424.565	2.65073	0.302477
ENST00000563497	452	317.501	0	0
ENST00000498689	585	424.345	7.16331	0.817835
ENST00000415828	1236	996.778	200.683	9.754
ENST00000217109	2383	2096.27	1174.13	27.1357
ENST00000428552	554	378.864	0	0
ENST00000452950	1233	1000.45	113.097	5.4768
ENST00000493039	2234	1941.77	174.455	4.35269
ENST00000490539	929	712.693	11.4665	0.77947
ENST00000400128	2421	1993.14	40.918	0.994602
ENST00000400131	2036	1618.94	0	0
ENST00000400135	2136	1719.16	0	0
ENST00000400127	2239	1800.96	0	0
ENST00000299295	2548	2157.3	3.08196	0.0692131
ENST00000543733	1637	1252.03	0	0
ENST00000338326	2437	2064.08	0	0
ENST00000566027	5984	5721.79	862.91	7.30642
ENST00000563997	5946	5688.34	0.0116889	9.95543e-05
ENST00000568533	3911	3700.76	98.4125	1.28834
ENST00000562688	3430	3177.02	662.939	10.1094
ENST00000564971	728	496.71	41.2338	4.02181
ENST00000567180	999	1007.39	27	1.29849
ENST00000372643	706	545.962	4	0.354951
ENST00000561185	544	396.565	0	0
ENST00000313077	6863	6534.8	775.338	5.74818
ENST00000561274	582	453.37	30.5722	3.26697
ENST00000560848	4515	4458.99	4347.24	47.2333
ENST00000558430	575	404.332	0	0
ENST00000559393	585	414.291	0	0
ENST00000557859	553	382.372	0	0
ENST00000558549	583	412.291	0	0
ENST00000435939	5674	5370.83	45.851	0.413598
ENST00000558826	929	794.343	20.1095	1.22649
ENST00000561296	512	321.935	0	0
ENST00000561020	3471	3409.94	7.23048	0.102729
ENST00000557890	408	239.458	0	0
ENST00000561263	707	554.977	19.5219	1.7042
ENST00000356562	642	407.8	0	0
ENST00000324384	614	384.578	3	0.377927
ENST00000330523	630	459.204	0	0
ENST00000335769	475	288.673	1	0.167829
ENST00000284885	3947	3240.11	1	0.0149524
ENST00000422787	754	495.033	1	0.0978672
ENST00000474775	452	282.129	0	0
ENST00000305479	1372	1119.17	1	0.0432888
ENST00000279058	512	341.518	0	0
ENST00000568392	2105	2414.23	244.76	4.91171
ENST00000570268	2142	2464.82	1050.84	20.6548
ENST00000567628	775	683.211	9.2371	0.655017
ENST00000565865	561	419.525	0	0
ENST00000567506	3451	4247.24	51.0409	0.582214
ENST00000563524	659	577.328	8.93913	0.750143
ENST00000570180	646	564.629	2.5366	0.217651
ENST00000565491	684	607.1	4.09033	0.326415
ENST00000566941	2336	2838.19	15.5201	0.264925
ENST00000562004	364	227.733	2.78529	0.592535
ENST00000562195	493	381.548	10.7828	1.36916
ENST00000562323	552	475.588	40.7223	4.14832
ENST00000563309	1724	2051.72	21.5037	0.507769
ENST00000564427	935	1008.13	4.26369	0.204899
ENST00000562723	4782	4912.49	0	0
ENST00000565618	4703	4821.94	0	0
ENST00000570228	3926	4010.65	0	0
ENST00000567318	741	531.492	0.720629	0.0656881
ENST00000565529	5129	5247.17	13.5976	0.125548
ENST00000466494	677	500.603	0	0
ENST00000492240	964	858.789	52.5657	2.96542
ENST00000488299	1620	1530.92	15.9964	0.506223
ENST00000474315	1279	1146.92	254.08	10.7327
ENST00000380851	1230	1112.93	105.557	4.59507
ENST00000380843	1545	1448.24	1647.91	55.1269
ENST00000477689	608	460.095	17.8056	1.87491
ENST00000466999	521	385.383	24.5917	3.09148
ENST00000479376	436	279.09	12.6909	2.20303
ENST00000462967	959	876.788	17.3886	0.96082
ENST00000491065	823	731.699	30.4128	2.0137
ENST00000592005	1348	1224.9	24.1288	0.95435
ENST00000585469	865	631.327	28.3355	2.17444
ENST00000245121	1877	1692.41	71.244	2.03946
ENST00000356157	1635	1462.61	59.9446	1.9856
ENST00000585383	357	190.76	2.39765	0.608934
ENST00000588433	1023	852.204	0	0
ENST00000586198	464	307.534	17.8614	2.81381
ENST00000591522	994	794.495	23.3531	1.42404
ENST00000481847	990	817.113	2	0.118582
ENST00000337205	897	726.204	0	0
ENST00000243938	1000	829.204	0	0
ENST00000474942	467	296.928	0	0
ENST00000372632	704	533.204	0	0
ENST00000372630	597	426.249	0	0
ENST00000471401	468	321.787	1	0.150558
ENST00000493693	763	592.204	0	0
ENST00000487343	809	638.204	0	0
ENST00000462017	545	374.41	0	0
ENST00000467679	531	360.447	0	0
ENST00000490877	400	264.562	1	0.183123
ENST00000465935	886	715.204	0	0
ENST00000360314	2619	2448.2	0	0
ENST00000434344	1840	1819.79	6.65473	0.177166
ENST00000497244	2871	2700.2	0	0
ENST00000371336	3155	3141.93	2.3764	0.0366432
ENST00000400546	8135	6219.45	17.6357	0.137376
ENST00000486367	583	341.165	0.734468	0.104299
ENST00000461281	582	411.291	0	0
ENST00000484983	340	174.867	0.619342	0.171591
ENST00000284894	2088	1697.82	8.59078	0.24514
ENST00000535285	1494	1161.55	4.41973	0.184343
ENST00000299174	750	653.951	1	0.0740842
ENST00000427255	747	576.204	0	0
ENST00000565657	2004	2155.69	322.394	7.24554
ENST00000566444	1336	1345.86	45.4532	1.63619
ENST00000564602	1473	1507.12	0	0
ENST00000565392	605	495.339	2.1306	0.208387
ENST00000567463	401	245.604	0	0
ENST00000561737	981	960.777	10.7319	0.541157
ENST00000569868	840	813.788	0.883733	0.0526116
ENST00000559573	2204	1747.65	57.3267	1.58918
ENST00000299338	2008	1542.26	24.447	0.76796
ENST00000560557	438	201.994	1.83061	0.439064
ENST00000561064	1596	1425.2	0	0
ENST00000559351	415	246.163	0	0
ENST00000561319	918	747.204	0	0
ENST00000558615	918	641.406	0	0
ENST00000558579	982	694.419	33.5157	2.33829
ENST00000558594	1139	874.754	5.00696	0.277306
ENST00000561116	562	391.372	0	0
ENST00000559905	792	520.041	2.1318	0.198601
ENST00000560246	911	677.811	15.2148	1.0875
ENST00000558862	672	459.452	1.81451	0.191333
ENST00000557892	569	398.372	0	0
ENST00000589410	678	535.741	3	0.271293
ENST00000324750	1319	1148.2	0	0
ENST00000327606	3656	3223.61	2.04379	0.030716
ENST00000399821	576	405.332	0	0
ENST00000261893	1972	1701.96	480.732	13.6844
ENST00000413507	2023	1717.16	87.5307	2.46957
ENST00000557972	552	331.204	7.56576	1.1067
ENST00000559782	359	192.663	3.58177	0.90068
ENST00000355112	4555	3833.22	1934.15	24.4455
ENST00000560509	3966	3348.12	0	0
ENST00000559724	4510	3826.86	32.6674	0.413565
ENST00000559282	866	580.74	5.39905	0.450409
ENST00000558599	577	342.608	4.49104	0.635069
ENST00000559426	533	319.239	0	0
ENST00000560136	2023	1587.34	77.8092	2.37483
ENST00000560559	747	576.204	0	0
ENST00000558825	1683	1297.08	0	0
ENST00000560821	1024	806.741	19.6757	1.18159
ENST00000352957	1110	803.804	1246.14	75.1083
ENST00000307301	1199	882.088	9.86069	0.541585
ENST00000419219	900	628.974	0	0
ENST00000569446	1282	1111.2	0	0
ENST00000592345	772	594.661	16.6983	1.36042
ENST00000589203	2247	1849.33	63.5576	1.66504
ENST00000587419	2114	1733.05	48.5585	1.35746
ENST00000592049	558	377.066	13.1606	1.69094
ENST00000592411	585	413.869	6.62767	0.775834
ENST00000591393	1111	846.342	4.2239	0.241791
ENST00000589498	2117	1791.5	82.2603	2.22456
ENST00000590202	1972	1528.53	224.997	7.13137
ENST00000588435	599	366.906	47.2558	6.23982
ENST00000587512	661	441.374	20.2581	2.22363
ENST00000586507	826	582.477	17.4276	1.44954
ENST00000591987	589	387.824	13.4566	1.68102
ENST00000217131	1495	1533.77	739.62	23.3625
ENST00000503833	955	912.661	0	0
ENST00000488395	647	585.659	6.38	0.527773
ENST00000472025	564	393.372	0	0
ENST00000561638	1762	1927	3.47525	0.0873726
ENST00000565365	975	903.354	0	0
ENST00000562628	1596	1674.14	7.54279	0.218278
ENST00000562477	725	642.188	1.29603	0.097774
ENST00000023939	1650	1521.92	1664.51	52.9865
ENST00000395881	1572	1453.05	8.20778	0.273663
ENST00000484084	657	475.183	4.42304	0.450952
ENST00000449062	852	661.082	0	0
ENST00000487211	411	231.267	7.67769	1.60838
ENST00000466260	616	423.989	0	0
ENST00000477485	464	293.928	0	0
ENST00000477573	2193	1881.92	1.70948	0.0440081
ENST00000357348	1476	1332.78	0	0
ENST00000435342	437	271.842	7.46967	1.33124
ENST00000562057	2456	2637.48	1957.02	35.9481
ENST00000344051	3056	3364.47	567.328	8.16937
ENST00000568823	940	920.117	6.25977	0.329599
ENST00000563656	1072	1048.08	424.654	19.6296
ENST00000568580	1417	1418.77	0	0
ENST00000566928	720	605.026	26.7349	2.14079
ENST00000564375	883	789.917	7.14052	0.437945
ENST00000569589	611	480.399	22.5985	2.27902
ENST00000563135	937	874.624	53.0419	2.93811
ENST00000566642	442	272.491	0	0
ENST00000568200	440	270.518	0	0
ENST00000431806	2331	2472.95	1676.23	32.8389
ENST00000449079	2788	3018.09	0	0
ENST00000497450	444	274.353	0	0
ENST00000342725	2705	3041.6	11.6867	0.18615
ENST00000609451	2012	2199.99	0.000564279	1.24264e-05
ENST00000609967	2861	3108.11	0	0
ENST00000469215	547	407.05	2.43589	0.289922
ENST00000463145	642	516.628	0	0
ENST00000491472	665	600.597	0	0
ENST00000481662	293	162.459	0	0
ENST00000477287	1647	1787.1	7.87681	0.213537
ENST00000380648	2910	3166.99	0	0
ENST00000217133	3496	3215.73	10.0456	0.151344
ENST00000267843	5467	4180.24	26.4114	0.306098
ENST00000560270	1688	1517.2	0	0
ENST00000560765	1089	918.204	0	0
ENST00000560979	579	408.332	0	0
ENST00000560704	573	402.332	0	0
ENST00000511306	6556	6329.26	14.8357	0.11356
ENST00000358970	1629	1458.2	0	0
ENST00000389891	1558	1387.2	0	0
ENST00000372622	1290	1218.2	932.551	37.0873
ENST00000449078	473	316.603	2.13424	0.326587
ENST00000456939	1073	969.287	21.0347	1.05137
ENST00000415790	591	457.762	3.54195	0.374865
ENST00000435014	930	799.656	0	0
ENST00000467701	502	328.458	5.73815	0.846376
ENST00000591973	1877	1706.2	0	0
ENST00000400532	1757	1754.57	54.4086	1.50234
ENST00000480456	4337	4080.39	174.078	2.06687
ENST00000460679	1025	806.026	24.7074	1.48507
ENST00000492962	946	728.55	13.5692	0.902331
ENST00000477351	311	148.532	0	0
ENST00000471689	614	327.14	3.16938	0.469366
ENST00000312957	1693	1626.4	24.6588	0.734542
ENST00000425221	1677	1452.19	46.3341	1.54578
ENST00000565673	495	400.975	1.59331	0.192511
ENST00000565816	513	342.518	0	0
ENST00000562273	1757	2000.34	114.134	2.76429
ENST00000561937	1790	2048.98	23.0371	0.544706
ENST00000567208	669	605.487	0	0
ENST00000563713	1777	1953.06	0	0
ENST00000566505	2147	2532.81	444.801	8.50813
ENST00000567429	1896	2178.36	42.994	0.956201
ENST00000565779	726	670.653	0	0
ENST00000570171	1106	1209.99	9.28038	0.371584
ENST00000565093	592	421.249	0	0
ENST00000566207	881	875.609	0	0
ENST00000243997	3665	2964.37	2367.39	38.6909
ENST00000395663	697	431.815	268.007	30.069
ENST00000395659	1878	1447.61	64.5607	2.16066
ENST00000451265	1877	1706.2	0	0
ENST00000559763	244	91.9983	0	0
ENST00000330964	1344	1125.5	436.535	18.7907
ENST00000462430	681	430.625	2.88095	0.324122
ENST00000455271	923	699.979	4.71624	0.326424
ENST00000482846	2944	2362.62	23.0977	0.473636
ENST00000411926	528	316.138	628.303	96.286
ENST00000439025	970	703.519	291.205	20.0537
ENST00000330682	1877	1706.2	0	0
ENST00000332567	3046	3258.26	1	0.0148691
ENST00000382500	2181	2325.29	2.75395	0.0573787
ENST00000321437	4943	3854.26	2040.92	25.654
ENST00000558990	643	433.589	2.99716	0.334891
ENST00000558119	774	530.087	44.1369	4.0339
ENST00000559927	755	584.204	0	0
ENST00000559006	584	352.241	0	0
ENST00000448330	1361	1034.73	36.9501	1.73006
ENST00000356455	850	722.284	4152.33	278.519
ENST00000335046	737	598.912	47.7209	3.86027
ENST00000243893	476	320.672	7.10717	1.07376
ENST00000352551	665	523.696	137.695	12.7382
ENST00000372568	914	796.829	33.8997	2.06111
ENST00000496085	518	363.2	12.2343	1.63194
ENST00000405520	1446	1464.55	88.0099	2.91139
ENST00000243913	2064	1893.2	0	0
ENST00000355937	2626	2020.28	1503.91	36.0646
ENST00000371033	943	679.395	43.8454	3.12661
ENST00000463057	704	444.631	80.2704	8.74635
ENST00000466051	612	411.221	8.97209	1.05704
ENST00000567326	2007	2219.76	0.000410919	8.96852e-06
ENST00000564614	1727	1826.55	0	0
ENST00000565084	1785	1889.69	0	0
ENST00000562666	3108	3699.35	44.6921	0.585297
ENST00000569138	697	526.204	0	0
ENST00000566666	604	537.877	7.75123	0.698166
ENST00000567450	490	319.65	0	0
ENST00000569331	852	829.659	3.82765	0.223513
ENST00000566832	506	420.635	2.21397	0.254999
ENST00000300605	2212	1794.48	1325.91	35.7969
ENST00000588183	2224	1804.77	123.232	3.30804
ENST00000588861	3229	2817.98	52.2196	0.897774
ENST00000587841	788	618.801	34.4614	2.69807
ENST00000590815	809	598.904	26.8914	2.17534
ENST00000591480	569	372.051	0	0
ENST00000586546	568	376.848	0	0
ENST00000590481	569	374.226	4.9246	0.637541
ENST00000588940	546	375.41	0	0
ENST00000591268	576	405.332	0	0
ENST00000587388	566	362.196	25.1463	3.36359
ENST00000592591	559	365.264	16.2176	2.15106
ENST00000591671	557	357.476	0	0
ENST00000400099	492	274.133	15.9311	2.8155
ENST00000400094	589	352.3	218.367	30.0293
ENST00000284971	614	382.318	1314.22	166.538
ENST00000457143	589	363.991	22.6436	3.01389
ENST00000400090	647	447.769	30.786	3.33096
ENST00000400087	826	677.477	48.5401	3.47118
ENST00000400093	1179	1076.85	142.463	6.4094
ENST00000486002	876	579.448	6.56038	0.548511
ENST00000373656	4443	3646.12	455.751	6.05576
ENST00000373654	2047	1725.95	39.2489	1.10172
ENST00000481560	666	532.413	0	0
ENST00000371328	911	795.206	2	0.121849
ENST00000403028	1584	1102.47	151.341	6.65064
ENST00000557968	936	645.784	21.5391	1.61589
ENST00000559223	794	500.265	63.5535	6.15476
ENST00000558653	1131	766.538	246.11	15.5549
ENST00000561188	591	329.702	6.12092	0.899427
ENST00000557988	1201	818.602	34.9559	2.0688
ENST00000560735	599	373.865	12.8825	1.66939
ENST00000559164	678	426.495	6.16765	0.700611
ENST00000560632	552	303.345	0	0
ENST00000559405	583	412.291	0	0
ENST00000251250	2680	2063.2	56.4692	1.326
ENST00000329873	479	260.427	23.3268	4.33952
ENST00000415425	2212	1694.5	266.18	7.61037
ENST00000380605	2391	2624.68	1580	29.1643
ENST00000371325	694	534.926	16	1.4491
ENST00000220507	1705	1832.24	104	2.74994
ENST00000268171	4244	5037.08	1447.62	13.9235
ENST00000559353	587	518.473	62.3781	5.82878
ENST00000560824	580	409.291	0	0
ENST00000558794	844	673.204	0	0
ENST00000560018	421	251.963	0	0
ENST00000337451	3233	2724.88	459.417	8.1683
ENST00000398013	2280	1873.5	1785.15	46.163
ENST00000539711	1412	1141.73	0	0
ENST00000359727	1531	1303.24	176.273	6.55291
ENST00000560039	554	411.105	12.2994	1.44944
ENST00000561072	574	464.164	9.51018	0.992632
ENST00000559571	673	560.697	6.86414	0.593101
ENST00000560205	589	455.817	34.8576	3.70491
ENST00000560762	534	412.124	9.39272	1.10417
ENST00000398014	3130	2623.2	249.367	4.60553
ENST00000602459	254	99.9174	0	0
ENST00000602926	291	131.042	0	0
ENST00000588705	561	340.333	0	0
ENST00000564001	774	603.204	0	0
ENST00000561985	1775	1859.96	0	0
ENST00000569475	946	893.333	0	0
ENST00000566603	2027	2268.4	12.296	0.262612
ENST00000563699	1949	2155.13	17.6644	0.397099
ENST00000563384	260	104.86	0	0
ENST00000565998	589	522.385	2.02524	0.187826
ENST00000569837	631	560.252	1.57509	0.136205
ENST00000354828	5120	4085.25	208.667	2.4746
ENST00000400075	4814	3713.53	1686.16	21.998
ENST00000487266	780	562.863	4.66499	0.401531
ENST00000201031	2866	2782.52	167.91	2.92354
ENST00000416606	482	386.162	0	0
ENST00000544508	1674	1691.9	40.0901	1.14798
ENST00000371030	9404	9233.2	0	0
ENST00000372555	710	605.871	74	5.91729
ENST00000372557	780	647.811	0	0
ENST00000220509	3895	4380.75	1318.32	14.5795
ENST00000558855	1050	999.923	18.1682	0.880273
ENST00000558474	873	792.307	4.02079	0.245861
ENST00000560890	758	587.204	0	0
ENST00000559744	456	286.044	0	0
ENST00000261879	4189	3652.23	1053.54	13.9754
ENST00000380343	685	496.942	11.6317	1.13399
ENST00000380340	872	688.257	2.53331	0.178323
ENST00000560353	672	501.204	0	0
ENST00000559971	1455	1291.35	0	0
ENST00000558631	515	351.762	1.29503	0.178362
ENST00000559823	376	208.727	0	0
ENST00000560716	731	560.204	0	0
ENST00000456584	3897	3337.42	53.0015	0.769394
ENST00000373647	4997	4450.12	1609.45	17.5218
ENST00000459903	572	397.424	0	0
ENST00000317419	2186	1780.96	3.28274	0.0893003
ENST00000402311	543	320.257	3.97548	0.601397
ENST00000426918	996	746.435	0	0
ENST00000485090	331	166.513	0	0
ENST00000493854	575	404.332	0	0
ENST00000475607	564	393.372	0	0
ENST00000468760	572	401.332	0	0
ENST00000474707	670	386.737	7.05272	0.883513
ENST00000480054	423	224.231	4.22892	0.913705
ENST00000373643	2003	1766.49	32.1508	0.881762
ENST00000256433	1481	1067.33	958	43.4848
ENST00000337938	2636	2528.97	0	0
ENST00000311585	2655	2596.84	7	0.130594
ENST00000371025	1153	1153.29	0	0
ENST00000395654	2318	2167.35	0	0
ENST00000371028	2397	2226.2	0	0
ENST00000557876	1439	1268.2	0	0
ENST00000249749	3339	3705.3	1.52156	0.0198947
ENST00000559440	1273	1270.1	1.47844	0.0563944
ENST00000361033	3892	4100.85	1.04442	0.0123388
ENST00000380585	571	400.332	0	0
ENST00000554164	1866	1695.2	0	0
ENST00000380593	1866	1695.2	0	0
ENST00000579292	434	264.599	0	0
ENST00000358984	4359	4188.2	0	0
ENST00000580206	3429	2965.91	3.00639	0.0491088
ENST00000320584	2009	1838.2	0	0
ENST00000447268	1860	1689.2	0	0
ENST00000395863	4013	4291.34	245.713	2.774
ENST00000395864	1746	1830.89	71.5397	1.89303
ENST00000476877	582	411.291	0	0
ENST00000460817	716	612.623	41.24	3.26134
ENST00000450594	1857	2022.95	6.77574	0.162272
ENST00000433911	890	811.984	0	0
ENST00000463939	647	528.156	1.15072	0.105555
ENST00000524700	231	81.7827	0	0
ENST00000530870	514	343.518	0	0
ENST00000425639	3006	3385.97	10	0.143083
ENST00000400404	891	720.204	0	0
ENST00000603872	580	409.291	0	0
ENST00000380589	730	559.204	0	0
ENST00000563070	789	743.289	41.1507	2.6822
ENST00000562358	704	617.797	20.0257	1.57041
ENST00000568627	4462	5073.82	160.474	1.53229
ENST00000567182	597	542.931	8.82584	0.787558
ENST00000569521	697	638.343	11.4859	0.871726
ENST00000564412	506	335.552	0	0
ENST00000565252	580	456.252	0	0
ENST00000567814	588	553.5	28.4835	2.49314
ENST00000568220	619	557.72	18.0803	1.57058
ENST00000564339	506	393.102	3.4239	0.421976
ENST00000563089	510	410.69	0.558535	0.0658882
ENST00000566867	701	638.19	3.73752	0.28373
ENST00000564740	1029	1003.39	0	0
ENST00000373642	1170	999.204	0	0
ENST00000356521	1703	1268.27	552.291	21.0974
ENST00000475990	2391	1677.48	17.2308	0.497646
ENST00000382447	1241	948.875	556.361	28.4066
ENST00000487575	1877	1469.65	3.38174	0.111481
ENST00000314367	1402	1082.13	346.135	15.4966
ENST00000465014	1984	1667.6	6.68188	0.194124
ENST00000464198	721	427.094	2.6931	0.305492
ENST00000495302	2553	1989.43	10.2156	0.248774
ENST00000462513	487	265.61	2.81468	0.5134
ENST00000475411	3652	2951.17	186.36	3.05936
ENST00000498044	638	370.821	3.27643	0.428063
ENST00000489272	549	297.694	8.24176	1.34128
ENST00000377447	1793	1622.2	0	0
ENST00000431099	728	511.102	1.91164	0.181205
ENST00000483817	674	397.234	9.25141	1.12832
ENST00000382393	1744	1229.21	23.7619	0.936539
ENST00000382389	815	560.856	73.9867	6.39107
ENST00000377400	1572	1168.45	9.02177	0.374069
ENST00000474714	531	447.739	17.8895	1.93574
ENST00000487501	712	650.656	8.36547	0.622888
ENST00000360652	2016	2256.66	449.946	9.65977
ENST00000356872	1706	1863.29	2.1449e-08	5.57697e-10
ENST00000448755	1170	1188.33	11.7987	0.481025
ENST00000439542	1187	1154.15	0	0
ENST00000262160	11932	9827.95	96.8608	0.477481
ENST00000402690	12075	9983.67	59.5551	0.289001
ENST00000586040	1971	1577.49	694.3	21.3232
ENST00000591214	1714	1386.09	44.9263	1.57029
ENST00000587353	584	354.275	0	0
ENST00000587269	1042	880.935	43.1045	2.37055
ENST00000586514	828	624.711	259.501	20.1248
ENST00000587421	575	382.121	9.62197	1.21993
ENST00000586487	551	318.54	1	0.152092
ENST00000589877	527	371.085	3.23441	0.422273
ENST00000585978	663	465.795	2.96018	0.307889
ENST00000356825	10444	8674.54	869.767	4.85767
ENST00000558498	2807	2259.94	0	0
ENST00000559726	5783	4934.89	0	0
ENST00000559829	4894	4175.16	10.5933	0.122922
ENST00000560479	2679	2204.5	0.618628	0.0135953
ENST00000557955	4124	3576.04	0	0
ENST00000558906	4179	3612.74	0	0
ENST00000558203	991	784.999	1.78799	0.110349
ENST00000560354	618	429.335	0	0
ENST00000560161	543	372.447	0	0
ENST00000561385	3453	3282.2	0	0
ENST00000559998	608	437.249	0	0
ENST00000561104	591	355.555	4.05731e-05	5.52844e-06
ENST00000558458	551	380.41	0	0
ENST00000558959	783	551.814	0	0
ENST00000560437	237	86.4542	0	0
ENST00000558024	676	505.204	0	0
ENST00000558829	759	588.204	0	0
ENST00000284509	5677	4831.05	0	0
ENST00000530364	285	125.873	15.662	6.02819
ENST00000478973	663	486.862	37.1312	3.69492
ENST00000471564	535	387.867	42.763	5.34141
ENST00000496533	657	440.55	15.0819	1.65857
ENST00000348403	3335	2829.89	1733.54	29.678
ENST00000360998	2990	2524.47	2291.99	43.9859
ENST00000407982	2751	2331.25	160.958	3.34499
ENST00000492885	498	282.715	1.525	0.261332
ENST00000479114	832	611.288	9.52422	0.75484
ENST00000447404	6290	5344.27	150.898	1.36794
ENST00000562134	684	648.301	0.898607	0.0671528
ENST00000563735	2778	2934.27	1.0379	0.0171366
ENST00000567569	498	369.307	1.86942	0.245239
ENST00000561601	668	589.656	3.43473	0.282205
ENST00000565606	2297	2719.3	3.92955	0.0700093
ENST00000569401	2174	2508.91	8.97093	0.173231
ENST00000562198	795	624.204	0	0
ENST00000562427	583	510.762	2.30279	0.218427
ENST00000416779	485	314.681	0	0
ENST00000328850	2829	3104.38	115.275	1.799
ENST00000470152	1096	1104.77	6.20894	0.272282
ENST00000414248	2327	2506.43	27.402	0.529662
ENST00000481665	569	454.924	0	0
ENST00000559355	587	448.86	0	0
ENST00000394302	2133	2219.53	0	0
ENST00000452243	587	465.761	0	0
ENST00000464684	2461	2667.72	5.20246	0.0944799
ENST00000443697	544	373.447	0	0
ENST00000394300	2302	2405.82	0	0
ENST00000444422	2266	2418.36	9.08328	0.181967
ENST00000497945	547	427.373	0	0
ENST00000494259	531	360.447	0	0
ENST00000448367	557	461.402	1.88455	0.197879
ENST00000496379	873	823.188	4.94356	0.290946
ENST00000462476	461	342.548	0	0
ENST00000450438	2085	2147.13	0	0
ENST00000337435	6567	5780.82	496.077	4.15748
ENST00000437912	7613	6919.31	25.1437	0.17605
ENST00000559448	2799	2421.24	4.6014	0.0920709
ENST00000561183	1675	1581.75	3.14719	0.0963957
ENST00000557930	582	432.565	3.7104	0.415566
ENST00000560069	575	416.217	2.44059	0.284084
ENST00000560105	375	207.79	0	0
ENST00000538684	2797	2419.07	29.0309	0.581412
ENST00000371263	1834	1663.2	0	0
ENST00000345868	1666	1495.2	0	0
ENST00000371260	1608	1437.2	0	0
ENST00000418127	810	639.204	0	0
ENST00000494972	1133	962.204	0	0
ENST00000178638	6413	6375.25	153.945	1.16988
ENST00000344366	2744	2622.13	111.354	2.05742
ENST00000422263	2556	2390.74	0	0
ENST00000560666	580	415.202	0	0
ENST00000558287	561	397.283	1.7405	0.212249
ENST00000560293	538	367.447	0	0
ENST00000359926	2252	2129.07	0	0
ENST00000434923	539	368.447	0	0
ENST00000371015	2728	2647.65	0	0
ENST00000355648	2247	2118.99	0	0
ENST00000395636	2372	2260.4	0	0
ENST00000361300	2162	2042.41	4.11886	0.0977023
ENST00000492611	1585	1338.45	1.24832	0.0451849
ENST00000473657	2408	1800.47	8.21476	0.221044
ENST00000395639	2518	2400.38	0	0
ENST00000541461	1786	1776.17	2.41807	0.0659562
ENST00000382387	2786	2679.08	13.446	0.243152
ENST00000399799	9484	8128.95	3406.64	20.3031
ENST00000578051	584	332.652	7.99943	1.16504
ENST00000584687	492	235.837	7.22142	1.48348
ENST00000584875	616	360.254	10.9294	1.4698
ENST00000583556	672	370.981	8.82662	1.15269
ENST00000582445	543	309.728	2.00301	0.313309
ENST00000444189	1204	1294.55	14.822	0.554703
ENST00000446533	1842	2034.26	1564.45	37.2584
ENST00000487220	853	786.792	302.73	18.6409
ENST00000565984	1029	992.663	0	0
ENST00000562080	2066	2437.58	36.9697	0.73478
ENST00000562786	923	841.081	0	0
ENST00000563682	2141	2489.92	26.1744	0.509287
ENST00000567251	2358	2684.31	0	0
ENST00000569556	1829	1975.75	0	0
ENST00000567033	1613	1706.74	0	0
ENST00000568557	1460	1532.48	0	0
ENST00000564981	1609	1713.06	0	0
ENST00000569041	650	529.285	0	0
ENST00000561789	695	524.204	0	0
ENST00000564939	561	441.977	0	0
ENST00000466252	574	527.671	2.99281	0.274781
ENST00000462307	1043	1099.48	0	0
ENST00000472219	1858	2083.22	28.5232	0.663339
ENST00000491381	1607	1787.3	163.686	4.43698
ENST00000342644	1506	1502.37	0	0
ENST00000372542	1824	1997.06	0	0
ENST00000372541	771	749.218	24.2036	1.56511
ENST00000344780	3106	3331.78	106.974	1.55551
ENST00000478230	907	870.714	0	0
ENST00000372547	2794	3000.84	78.1737	1.26209
ENST00000486336	701	616.1	0.816832	0.0642322
ENST00000465997	673	572.594	0	0
ENST00000565321	6600	7948.85	94.3222	0.574885
ENST00000569563	4502	5302.76	1251.85	11.4372
ENST00000359999	3659	4401.19	29.4265	0.323922
ENST00000373631	5550	6698.7	110.012	0.795645
ENST00000460253	3947	4499.68	0	0
ENST00000373629	4553	5400.5	24.5618	0.220342
ENST00000395841	2639	2492.32	173.375	3.37018
ENST00000371242	2362	2187.81	609.88	13.5054
ENST00000527947	1503	1344.76	439.174	15.822
ENST00000492498	1156	936.74	456.609	23.6155
ENST00000411894	588	405.759	3.13468	0.37428
ENST00000429339	480	294.158	0	0
ENST00000395840	2602	2426.33	0	0
ENST00000452119	691	520.204	0	0
ENST00000462438	3251	3115.2	53.8283	0.837137
ENST00000380445	2750	2848.2	647.415	11.0124
ENST00000380469	2318	2352.16	7.15146	0.147299
ENST00000453689	966	884.514	5.20875	0.285299
ENST00000417508	819	732.185	0	0
ENST00000481812	943	847.47	0	0
ENST00000380443	1825	1823.07	66.2506	1.76059
ENST00000487461	634	504.844	6.04599	0.580205
ENST00000466415	708	554.749	5.92787	0.517695
ENST00000339078	1899	1814.02	0	0
ENST00000450802	5264	4593.4	155.658	1.64176
ENST00000568103	7094	8485.38	80.7902	0.461274
ENST00000567353	2701	2844.67	0	0
ENST00000565007	398	243.703	0.4395	0.0873713
ENST00000565527	539	456.148	1.63942	0.174123
ENST00000569705	526	406.377	1.46417	0.174555
ENST00000346798	3467	3218.11	7780.96	117.139
ENST00000354192	3167	2864.31	0	0
ENST00000348990	3355	3093.39	1948.6	30.5183
ENST00000357903	3543	3310.7	9133.73	133.66
ENST00000440126	2846	2674.24	0	0
ENST00000439274	2517	2394.05	2355.01	47.6575
ENST00000464867	816	560.102	5.76094	0.498308
ENST00000456209	842	678.652	0	0
ENST00000448850	1846	1737.64	11.8978	0.331726
ENST00000415997	541	370.671	0	0
ENST00000491395	619	474.809	9.91228	1.01141
ENST00000474136	1309	1177.43	3.47687	0.143063
ENST00000463070	582	411.291	0	0
ENST00000548570	361	194.545	0	0
ENST00000462267	667	496.204	0	0
ENST00000466453	374	206.853	0	0
ENST00000358918	3578	3347.81	229.651	3.32337
ENST00000359726	3464	3217.61	284.257	4.28005
ENST00000448388	2518	2358.06	0	0
ENST00000217455	1168	1121.71	334.589	14.4511
ENST00000461272	1197	1159.52	17.5734	0.734262
ENST00000488679	1013	948.592	65.6362	3.35224
ENST00000487205	702	618.999	3.64721	0.285458
ENST00000484975	3059	3054.36	97.6511	1.54892
ENST00000493118	2808	2776.53	0	0
ENST00000483141	1187	1034.3	1.92187	0.0900217
ENST00000484783	1268	1233.71	7.78187	0.305591
ENST00000486165	764	663.891	13.1225	0.957613
ENST00000481938	552	381.372	0	0
ENST00000457981	708	527.421	6.41283	0.589065
ENST00000426915	814	650.905	2.2933	0.170692
ENST00000361937	6439	6399.77	1543.99	11.6883
ENST00000558357	5503	5369.78	0.281719	0.00254174
ENST00000558270	888	811.672	0	0
ENST00000560689	580	450.806	0	0
ENST00000560799	542	371.447	0	0
ENST00000561244	493	323.798	8.72636	1.30566
ENST00000557849	599	433.879	0	0
ENST00000559995	566	395.372	0	0
ENST00000561172	402	233.696	0	0
ENST00000401393	5989	5850	7.15522e-08	5.92568e-10
ENST00000267842	2394	2166.44	240.202	5.37155
ENST00000380902	2181	1929.83	0	0
ENST00000544960	2025	1620.7	6.30691	0.188532
ENST00000559938	353	169.987	0.491448	0.140066
ENST00000400113	1551	1380.2	0	0
ENST00000382988	465	294.928	0	0
ENST00000543500	1383	1065.91	1.00557	0.0457048
ENST00000356208	2382	2632.75	2533.02	46.6123
ENST00000440234	686	606.735	47.7556	3.81326
ENST00000342690	852	813.612	46.6328	2.7768
ENST00000344785	2193	2329.55	0	0
ENST00000371219	760	698.718	20.5911	1.42774
ENST00000469197	741	570.204	0	0
ENST00000524396	2206	2119.11	5.53883	0.12663
ENST00000453981	7448	7164.18	13.4516	0.0909661
ENST00000454469	2087	1982.85	2.92426	0.0714493
ENST00000479404	595	424.249	0	0
ENST00000487230	537	366.447	0	0
ENST00000382341	1873	1733.23	0	0
ENST00000483757	4788	4778.74	2.67084	0.0270773
ENST00000478380	1395	1224.2	0	0
ENST00000469391	6386	6146.08	0	0
ENST00000495184	9277	8929.43	17.2339	0.0935043
ENST00000474772	384	216.469	0	0
ENST00000382331	1922	1751.2	0	0
ENST00000382329	6124	5791.31	4.57194	0.0382468
ENST00000493666	535	364.447	0	0
ENST00000462618	428	258.808	0	0
ENST00000432829	7452	7167.59	5.06311	0.0342228
ENST00000473039	4800	5401.91	27.5498	0.247083
ENST00000373624	5010	5655.52	1584.84	13.5764
ENST00000373620	3612	3597.96	36.492	0.491375
ENST00000475421	537	384.436	0	0
ENST00000491650	842	675.781	0	0
ENST00000497135	1207	1126.04	1.76018	0.0757313
ENST00000373618	3003	3089.43	15.3302	0.240403
ENST00000479305	791	620.204	0	0
ENST00000462245	739	527.383	4.25933	0.39128
ENST00000474676	603	420.156	13.2475	1.52755
ENST00000475615	360	193.584	0	0
ENST00000394219	3348	3566.99	0	0
ENST00000542603	2557	2882.49	5.08572	0.0854783
ENST00000394215	2088	1977.82	190.981	4.67816
ENST00000584446	3020	2772.81	0	0
ENST00000269218	5600	5513.64	0	0
ENST00000580732	8749	8115.58	159.249	0.950666
ENST00000578368	2446	2205.1	0	0
ENST00000579454	598	412.654	1.76159	0.206819
ENST00000581327	682	483.017	1	0.100302
ENST00000580683	444	274.353	0	0
ENST00000578955	2882	2853.39	0	0
ENST00000578383	605	434.249	0	0
ENST00000580384	568	352.774	1.61241	0.221436
ENST00000424526	6052	5961.36	7.86184	0.0638925
ENST00000400483	5871	5719.88	0	0
ENST00000431264	2515	2313.68	6.51532	0.136428
ENST00000299340	3101	2640.38	1268.29	23.2715
ENST00000400043	735	618.461	28.8828	2.26255
ENST00000435845	1312	1248.23	118.827	4.61203
ENST00000357552	5567	4284.37	0	0
ENST00000412613	625	354.632	0.601679	0.0821973
ENST00000446834	3341	3170.2	0	0
ENST00000474749	580	409.291	0	0
ENST00000461538	729	558.204	0	0
ENST00000471331	579	408.332	0	0
ENST00000476314	584	353.735	0	0
ENST00000425931	488	273.084	0.693273	0.122993
ENST00000371001	5477	4188.98	4.70505	0.054416
ENST00000559816	2046	1978.38	1	0.0244885
ENST00000267845	2705	2534.2	0	0
ENST00000543581	2180	2009.2	0	0
ENST00000558761	1333	1162.2	0	0
ENST00000559190	1017	846.204	0	0
ENST00000558679	1466	1364.05	2.90707	0.103251
ENST00000559683	545	425.614	1.09293	0.124408
ENST00000382978	1677	1259.75	0	0
ENST00000462409	1220	950.739	2	0.101915
ENST00000390680	1558	1387.2	0	0
ENST00000400103	1652	1245.41	0	0
ENST00000400230	1793	1358.42	0	0
ENST00000255310	1562	1165.32	1	0.0415744
ENST00000382977	1790	1619.2	0	0
ENST00000382975	1670	1499.2	0	0
ENST00000457266	1457	1286.2	0	0
ENST00000561442	542	403.143	4.45342	0.535188
ENST00000560070	545	402.965	2.27785	0.27386
ENST00000380324	2333	1959.84	303.173	7.49449
ENST00000557884	958	746.276	0	0
ENST00000558157	2439	2053.67	67.4051	1.59014
ENST00000561326	543	382.922	0	0
ENST00000559873	584	395.756	0	0
ENST00000559192	5499	4901.81	227.797	2.25145
ENST00000559771	561	350.858	5.5233	0.762675
ENST00000559276	554	383.372	0	0
ENST00000558285	1742	1395.69	0	0
ENST00000559257	2217	1829.49	0	0
ENST00000538686	2077	1668.74	35.3468	1.0262
ENST00000559711	1693	1355.67	38.4539	1.37422
ENST00000558925	501	269.062	2.02176	0.36404
ENST00000558218	717	466.375	4.40128	0.457209
ENST00000561381	979	676.547	3.05092	0.218476
ENST00000559718	757	513.079	0	0
ENST00000560202	1681	1384.45	25.1646	0.88061
ENST00000540797	1972	1669.93	0	0
ENST00000536001	961	738.254	0	0
ENST00000268049	2439	2053.67	67.4051	1.59014
ENST00000539772	1502	1197.01	0	0
ENST00000535628	4818	5092.16	0	0
ENST00000588982	4949	5193.15	0	0
ENST00000586438	4899	5146.44	0	0
ENST00000590800	4947	5212.27	0	0
ENST00000590437	546	375.41	0	0
ENST00000585404	600	429.249	0	0
ENST00000589619	570	399.332	0	0
ENST00000586743	566	395.372	0	0
ENST00000589077	462	291.928	0	0
ENST00000592656	680	509.204	0	0
ENST00000589194	725	552.823	0	0
ENST00000591279	518	347.483	0	0
ENST00000590855	572	415.444	2	0.233232
ENST00000587107	704	537.261	0	0
ENST00000588970	596	439.922	0	0
ENST00000586525	347	181.194	0	0
ENST00000592387	397	228.906	0	0
ENST00000586047	321	157.445	0	0
ENST00000588053	585	414.291	0	0
ENST00000591405	430	263.609	0	0
ENST00000590178	574	403.332	0	0
ENST00000588149	565	394.372	0	0
ENST00000588566	467	296.928	0	0
ENST00000593159	566	395.372	0	0
ENST00000591526	548	377.41	0	0
ENST00000590374	630	459.204	0	0
ENST00000589170	891	720.204	0	0
ENST00000588028	565	394.372	0	0
ENST00000332053	3759	4185.64	10	0.115747
ENST00000284984	5191	5000.71	398.736	3.863
ENST00000464589	4718	4129.71	14.687	0.1723
ENST00000492656	1153	953.249	8.69273	0.441795
ENST00000517777	598	425.154	10.9678	1.24982
ENST00000451462	601	426.563	0	0
ENST00000517452	405	245.115	3.13219	0.619082
ENST00000560961	471	305.042	0.21237	0.0337291
ENST00000373615	2554	2628.79	6.78763	0.125093
ENST00000446480	1414	1309.89	0	0
ENST00000488674	1266	1095.2	0	0
ENST00000558241	3202	3031.2	0	0
ENST00000284987	9056	7883.58	61	0.374867
ENST00000604046	4349	4043.84	38.0931	0.456376
ENST00000562295	1878	1707.2	0	0
ENST00000361479	4235	3805.87	770.756	9.81148
ENST00000467481	367	200.225	4.25393	1.0293
ENST00000449056	717	522.922	34.2222	3.1706
ENST00000496525	583	388.722	14.6756	1.82905
ENST00000414242	2705	2367.36	316.97	6.48672
ENST00000430737	6861	8288.48	1390.37	8.12693
ENST00000484613	918	902.74	0	0
ENST00000422962	6893	8332.89	822.72	4.7833
ENST00000481993	451	281.214	0	0
ENST00000484832	593	422.249	0	0
ENST00000498465	916	775.363	9.75135	0.6093
ENST00000495151	697	579.983	3.99286	0.333534
ENST00000474943	756	683.263	12.7072	0.901019
ENST00000461046	347	181.194	0	0
ENST00000492384	732	583.075	0	0
ENST00000498001	1071	979.972	0	0
ENST00000496449	1118	1134.22	0.320692	0.0136982
ENST00000494331	1015	978.832	0	0
ENST00000468585	719	636.601	0	0
ENST00000547669	6873	8317.58	6.61145	0.0385098
ENST00000549768	6840	8269.4	47.7064	0.279495
ENST00000314992	2942	2771.2	0	0
ENST00000558881	2293	1944.02	6.90517	0.172085
ENST00000458580	2177	1884.46	2.55205	0.0656105
ENST00000559743	601	430.249	0	0
ENST00000558396	483	304.275	1	0.159223
ENST00000303775	4865	4382.91	96.3858	1.06542
ENST00000351429	4781	4297.55	157.825	1.7792
ENST00000460212	1293	1097.18	73.7891	3.25827
ENST00000558290	1049	1001.58	1.80436	0.0872792
ENST00000558853	624	528.66	0.5637	0.0516586
ENST00000559999	529	407.965	0	0
ENST00000560534	361	225.35	0.758379	0.163042
ENST00000560451	5124	5534.58	102.945	0.901134
ENST00000558161	4918	5295.94	46.0561	0.421323
ENST00000559717	5478	5904.89	236.074	1.9369
ENST00000559965	537	366.447	0	0
ENST00000560192	2469	2516.82	0	0
ENST00000559132	583	412.291	0	0
ENST00000558640	532	361.447	0	0
ENST00000561046	430	281.412	1.42995	0.246179
ENST00000557865	2671	2843.71	8.30017	0.141407
ENST00000560616	988	900.998	0	0
ENST00000558171	790	706.746	7.71864	0.529113
ENST00000561240	460	289.958	0	0
ENST00000560505	643	570.945	1.01965	0.0865219
ENST00000559374	851	838.765	9.76698	0.564146
ENST00000561047	1057	1033.86	4.25527	0.199404
ENST00000561448	1443	1403.65	0	0
ENST00000560147	492	321.65	0	0
ENST00000557990	956	876.083	15.9893	0.884212
ENST00000558538	576	453.042	3.86441	0.413253
ENST00000559341	623	452.249	0	0
ENST00000560926	569	411.127	0	0
ENST00000560880	718	547.204	0	0
ENST00000558374	731	613.17	9.72053	0.768034
ENST00000559558	562	429.145	3.0996	0.349923
ENST00000559704	449	279.27	0	0
ENST00000360468	6268	6582.74	52.6826	0.387732
ENST00000431652	2461	2535.68	0	0
ENST00000430376	1443	1403.65	0	0
ENST00000382303	5581	5538.76	148.97	1.30304
ENST00000467541	514	338.216	9.01021	1.29066
ENST00000475690	342	176.705	1.47786	0.405185
ENST00000489369	7193	6992.4	135.872	0.941401
ENST00000354485	6912	6498.58	18.1799	0.135533
ENST00000382297	5051	5009.06	953.414	9.22138
ENST00000382293	5249	5238.56	26.0463	0.240883
ENST00000382289	1926	1745.31	29.4527	0.817567
ENST00000382286	2268	2134.05	49.4584	1.12281
ENST00000497722	444	225.033	9.11525	1.96242
ENST00000471658	1647	1402.47	274.99	9.49938
ENST00000492741	1709	1460.51	274.159	9.0943
ENST00000338910	2407	2059.69	1586.74	37.3227
ENST00000427943	866	701.439	0	0
ENST00000566571	2938	2767.2	0	0
ENST00000567107	3030	2859.2	0	0
ENST00000312015	2006	1835.2	0	0
ENST00000345070	1972	1801.2	0	0
ENST00000600091	537	366.447	0	0
ENST00000601204	694	410.167	1	0.118117
ENST00000373603	3447	3318.25	0	0
ENST00000373600	3619	3587.09	42.9843	0.580549
ENST00000320246	3447	3377.07	374.803	5.37693
ENST00000444973	790	653.668	7.52999	0.558096
ENST00000454453	732	588.044	0	0
ENST00000373596	758	611.084	0	0
ENST00000425237	806	672.013	7.01571	0.505784
ENST00000423785	726	603.513	0	0
ENST00000422297	799	676.019	5.56665	0.398939
ENST00000447379	716	588.472	0	0
ENST00000540326	2578	2477.28	8.49777e-07	1.66189e-08
ENST00000539416	2582	2493.89	0	0
ENST00000394199	2745	2699.53	0	0
ENST00000545174	2573	2472.1	220.38	4.31894
ENST00000546191	2580	2496.19	54.72	1.06204
ENST00000564322	1761	1590.2	0	0
ENST00000382276	2222	2086.53	3	0.0696575
ENST00000569227	1385	1214.2	0	0
ENST00000380877	3016	2485.05	218.086	4.25171
ENST00000220429	2726	2154.08	746.435	16.7881
ENST00000543881	1450	1096.22	22.6702	1.00191
ENST00000561010	867	610.693	13.5696	1.0765
ENST00000429662	1392	1091.1	0	0
ENST00000396464	1401	1112.36	287.364	12.5158
ENST00000560825	1412	1136.96	94.391	4.02213
ENST00000559100	290	130.18	8.51626	3.16939
ENST00000558335	406	237.554	0	0
ENST00000558970	730	585.115	1.62612	0.134642
ENST00000359031	1633	1397.47	78.3786	2.71723
ENST00000570112	470	299.898	0	0
ENST00000568252	1312	1104.1	3	0.131638
ENST00000564592	629	458.204	0	0
ENST00000568945	582	411.291	0	0
ENST00000314520	2711	2648.41	1	0.0182931
ENST00000256413	5750	6681.74	352.285	2.55432
ENST00000382998	4407	5121.18	132.979	1.25801
ENST00000591412	491	320.65	0	0
ENST00000591387	859	688.204	0	0
ENST00000587752	685	581.722	0	0
ENST00000588345	584	488.609	1.43043	0.141833
ENST00000589585	564	393.372	0	0
ENST00000587769	547	424.184	4.621	0.52778
ENST00000587860	2940	3125.01	74.4378	1.15402
ENST00000592658	952	873.826	6.13341	0.340055
ENST00000590422	412	259.869	1.29876	0.242128
ENST00000190165	2183	2012.2	0	0
ENST00000417254	497	328.629	1	0.147423
ENST00000382909	2861	2191.93	0	0
ENST00000535942	3200	2495.63	34.728	0.674172
ENST00000502168	2604	2044.12	0	0
ENST00000382907	1092	771.822	24.7018	1.55054
ENST00000382905	1382	1043.15	50.8925	2.36361
ENST00000467542	1622	1227.58	19.4639	0.768157
ENST00000495534	1336	979.909	0	0
ENST00000337963	3268	2597.04	266.81	4.97731
ENST00000249053	716	545.204	0	0
ENST00000330377	901	730.204	0	0
ENST00000438703	654	483.204	0	0
ENST00000361371	7685	6204.68	1747.19	13.6424
ENST00000389194	7749	6269.31	1.48119e-06	1.14462e-08
ENST00000486427	539	368.447	0	0
ENST00000475344	696	404.082	4.8986	0.587318
ENST00000389195	2714	2235.88	12.5662	0.272287
ENST00000483326	1753	1424.16	4.3427	0.147731
ENST00000532292	2485	2590.26	131	2.45019
ENST00000331837	1886	1749.35	1156	32.015
ENST00000255152	2773	2760.16	134.221	2.35589
ENST00000454862	2765	2766.13	7.7795	0.136254
ENST00000498485	967	829.519	4.93626	0.288299
ENST00000259457	980	802.356	4188.83	252.928
ENST00000474081	546	347.756	1.53641	0.214045
ENST00000478817	388	204.368	2.46359	0.584019
ENST00000441097	650	442.667	18.3044	2.00331
ENST00000466951	462	300.514	22.5991	3.64331
ENST00000536392	988	836.293	110.325	6.39128
ENST00000329468	8053	7978.4	25.4747	0.154691
ENST00000382255	2367	2196.2	0	0
ENST00000412350	1244	1251.63	3.48491	0.134892
ENST00000358146	1965	1864.74	5.51509	0.143286
ENST00000259622	2459	2288.2	0	0
ENST00000382251	2292	2196.83	0	0
ENST00000302441	2163	2058.34	0	0
ENST00000372523	2769	2794.99	139.341	2.41529
ENST00000372520	2168	2126.6	357.947	8.15464
ENST00000423479	2465	2343.01	7.91764	0.163717
ENST00000608263	4040	3717.39	0	0
ENST00000609232	3668	3337.11	0	0
ENST00000429804	3864	3674.27	4.22264	0.0556781
ENST00000243914	3567	3201.13	215.521	3.2618
ENST00000371196	3491	3138.13	0	0
ENST00000608440	2749	2609.51	0	0
ENST00000426658	3996	3825.2	0	0
ENST00000422109	2964	2898.82	0	0
ENST00000502686	2023	1920.75	0	0
ENST00000433949	2234	2103.09	13.5936	0.313147
ENST00000432255	2955	2784.2	0	0
ENST00000539382	2262	2101.36	1.96948	0.0454069
ENST00000608903	2135	1961.86	0	0
ENST00000422869	2966	2843.31	0	0
ENST00000608425	2915	2802.22	0	0
ENST00000608720	2241	2070.2	0	0
ENST00000607923	2964	2838.51	0	0
ENST00000608858	905	734.204	0	0
ENST00000608108	1628	1453.59	14.059	0.46858
ENST00000608158	1984	1813.2	0	0
ENST00000481655	1512	1341.2	0	0
ENST00000558351	766	600.427	4.7043	0.379582
ENST00000560411	1088	976.083	18.168	0.901761
ENST00000334660	3284	3095.99	2826.92	44.2369
ENST00000560784	717	578.924	0.950866	0.0795736
ENST00000561280	572	450.827	1.63385	0.17558
ENST00000392151	1000	867.215	0	0
ENST00000560397	568	420.36	0	0
ENST00000560633	594	423.249	0	0
ENST00000560965	467	296.928	0	0
ENST00000575564	4054	4779.67	27.5512	0.279264
ENST00000571614	2055	2199.01	355.137	7.8242
ENST00000576042	2136	2314.3	684.891	14.3375
ENST00000572136	2318	2549.9	32.6381	0.620115
ENST00000572556	1513	1541.48	6.91904	0.21746
ENST00000576757	745	672.281	17.5088	1.26176
ENST00000573471	550	379.41	0	0
ENST00000576466	357	190.76	0	0
ENST00000574608	571	488.195	1.35555	0.134522
ENST00000577110	301	139.784	0	0
ENST00000562991	2146	2317.03	0	0
ENST00000563947	735	564.204	0	0
ENST00000564235	1997	2240.43	733.31	15.8572
ENST00000568450	2807	3235.23	14.957	0.22398
ENST00000372519	757	755.381	20	1.28273
ENST00000545238	490	360.476	11.469	1.54142
ENST00000372518	1278	1370.66	43.1429	1.52494
ENST00000575217	3049	2479.76	369.017	7.20954
ENST00000570651	1573	1295.89	85.6965	3.20379
ENST00000573864	2933	2472.25	44.2866	0.867862
ENST00000334810	2892	3355.05	17	0.245483
ENST00000400890	1594	1271.59	3581	136.436
ENST00000220514	1236	991.884	879.843	42.975
ENST00000560640	485	310.355	18.1574	2.83443
ENST00000317749	1300	1136.42	2	0.0852637
ENST00000493196	3094	2673.19	21.8788	0.396519
ENST00000486719	1789	1480.1	116.597	3.81653
ENST00000286777	1625	1305.55	197.507	7.32924
ENST00000472184	1787	1448.33	1.36931	0.0458041
ENST00000466746	842	572.421	12.8269	1.08562
ENST00000481411	950	691.33	0	0
ENST00000471269	571	371.825	0.551909	0.0719119
ENST00000575811	3519	2958.14	5061.62	82.8977
ENST00000575110	559	399.309	0.329446	0.0399711
ENST00000570462	2266	1949.97	1950.35	48.4569
ENST00000575697	1032	801.353	99.4817	6.01437
ENST00000570386	3605	2953.15	0.456577	0.00749032
ENST00000575388	690	466.306	3.28988	0.341806
ENST00000373588	3104	3547.18	11	0.150239
ENST00000373587	768	597.204	0	0
ENST00000455734	826	811.332	2	0.119427
ENST00000262158	3087	3239.9	267.259	3.99642
ENST00000545051	2211	2210.51	76.6668	1.6803
ENST00000591805	1152	1061.98	0	0
ENST00000589634	1278	1275.14	13.0744	0.496745
ENST00000587336	549	401.093	0	0
ENST00000585986	563	411.988	0	0
ENST00000586093	574	425.159	0	0
ENST00000588190	401	232.743	0	0
ENST00000358293	5152	4399.4	0	0
ENST00000360816	5036	4254.61	1056.25	12.0275
ENST00000469084	880	715.7	7.87715	0.533223
ENST00000421092	419	224.987	0	0
ENST00000380393	3636	3394.92	0	0
ENST00000455631	1107	961.498	53.0436	2.67273
ENST00000216877	3725	3610.37	66.7919	0.896279
ENST00000431048	707	514.106	6.07388	0.57238
ENST00000430705	733	503.226	0	0
ENST00000318266	3219	2999.23	1.10994e-05	1.79291e-07
ENST00000425918	2932	2761.2	382.76	6.71584
ENST00000399903	3337	3133.49	669.868	10.3569
ENST00000356147	3135	2918.42	843.312	13.9995
ENST00000358719	3343	3136.82	925.15	14.2887
ENST00000572802	834	736.391	0	0
ENST00000575920	1691	1743.46	591.493	16.4365
ENST00000570506	735	620.749	5.44984	0.425343
ENST00000576205	790	683.104	9.46386	0.671201
ENST00000575905	475	345.236	8.41912	1.18147
ENST00000573472	561	427.437	7.67413	0.869819
ENST00000370996	3459	3259.65	127	1.88757
ENST00000416727	3542	3725.42	0	0
ENST00000487815	642	558.145	0	0
ENST00000454038	887	705.924	0	0
ENST00000424160	3455	3577.22	0	0
ENST00000488549	3404	3486.63	0	0
ENST00000477920	3482	3586.91	0	0
ENST00000425201	2115	2032.97	0	0
ENST00000457933	1858	1724.55	0	0
ENST00000480141	1590	1435	0	0
ENST00000494846	667	487.514	1.25375	0.124594
ENST00000491751	946	836.924	18.5524	1.07395
ENST00000497799	166	37.5336	3.98632	5.14545
ENST00000489969	24	10.3333	0	0
ENST00000400100	1751	1617.91	63.9406	1.91467
ENST00000400097	1605	1483.75	87.8904	2.8698
ENST00000553597	849	636.069	61.419	4.6781
ENST00000390687	1528	1398.12	2208.76	76.5377
ENST00000584968	908	692.229	848.246	59.3667
ENST00000346403	1304	1197.9	787.993	31.8695
ENST00000554227	1763	1687.16	832.756	23.9129
ENST00000579070	871	703.231	119.078	8.20363
ENST00000577565	1298	1178.7	248.642	10.2198
ENST00000400098	1643	1515.99	0	0
ENST00000444203	1904	1716.49	71.6897	2.02343
ENST00000566299	5014	5190.33	3.7407	0.0349164
ENST00000569555	3328	3236.92	0	0
ENST00000563020	580	409.291	0	0
ENST00000565597	565	394.372	0	0
ENST00000567433	545	404.128	0	0
ENST00000569202	568	402.279	0	0
ENST00000561917	558	381.851	0.224798	0.0285213
ENST00000567746	808	568.77	0.0900842	0.00767331
ENST00000564157	790	588.088	0	0
ENST00000569917	645	454.917	0.252054	0.0268431
ENST00000562010	780	600.191	0	0
ENST00000568173	614	441.482	2.95837	0.324646
ENST00000568159	975	874.997	2.734	0.151378
ENST00000563738	554	383.372	0	0
ENST00000561842	211	66.9441	0	0
ENST00000487099	7031	7187.33	12177.5	82.0846
ENST00000373584	1890	1770.78	0	0
ENST00000416460	1898	1813.93	348.348	9.30388
ENST00000344523	1846	1762.54	0	0
ENST00000475178	742	576.253	9.60612	0.807618
ENST00000348616	3182	3048.9	13.1483	0.208928
ENST00000477058	597	424.034	4.91541	0.561604
ENST00000370991	1669	1585.92	1.838	0.0561483
ENST00000497614	1429	1291.89	7.39112	0.277176
ENST00000244049	1931	1497.34	4.71682	0.152616
ENST00000350849	2494	2001.64	0	0
ENST00000456106	418	249.114	0	0
ENST00000244047	2870	2743.18	0	0
ENST00000441897	3779	4093.88	3.58271	0.0423983
ENST00000401461	2420	2587.77	5.80557	0.10869
ENST00000290691	2885	3069.71	31.8958	0.503393
ENST00000460003	2656	2888.78	2.62759e-08	4.4067e-10
ENST00000423392	2333	2463.1	4.63666e-06	9.12e-08
ENST00000467354	2699	2896.26	37.3082	0.624076
ENST00000452208	759	588.204	0	0
ENST00000460167	394	226.113	0	0
ENST00000606788	3056	3391.92	29.3917	0.419807
ENST00000372484	2149	2244.26	49.1527	1.06107
ENST00000606394	584	427.447	0	0
ENST00000354880	1820	1837.28	183.48	4.83822
ENST00000607841	571	400.332	0	0
ENST00000606066	603	488.821	6.958	0.689614
ENST00000191018	1898	1928.66	585.977	14.7196
ENST00000607814	584	502.322	0	0
ENST00000607212	590	519.363	1.45701	0.135913
ENST00000607482	403	234.673	0	0
ENST00000372459	1972	2034.01	15.8415	0.377324
ENST00000485627	695	545.976	4.97056	0.441066
ENST00000606782	582	474.621	8.75225	0.893397
ENST00000419493	606	459.023	0	0
ENST00000493522	901	809.407	20.3707	1.2193
ENST00000480961	513	385.722	18.3811	2.30871
ENST00000484855	2183	2241.02	115.296	2.49252
ENST00000607187	509	364.337	5.94231	0.790176
ENST00000606000	644	531.852	18.4062	1.67666
ENST00000331715	1067	1045.66	19.213	0.890177
ENST00000373580	6425	7065.49	785.401	5.38543
ENST00000288815	5964	6527.42	0	0
ENST00000399975	2960	2365.86	519.343	10.635
ENST00000399976	2963	23