,HMGA1,LIN28A,TERF1,ZFP42,ZSCAN10,HMGA2,SALL4,OTX2,ETV4,NR6A1,LIN28B,HES3,ZIC3,NANOG,ZNF93,FOXH1,MYCN,ZNF730,PRDM14,SOX11
0,1472.39,604.8299999999998,372.52,1.45,124.57,116.87,50.82,12.410000000000002,127.8,121.6,59.59,11.9,25.89,29.7,6.550000000000002,33.59,40.83,29.39,9.11,18.25
1,1512.42,719.11,548.0699999999998,120.5,124.65,101.83,61.60999999999999,23.39,160.5,46.59,98.49,87.72,74.2,294.24,62.64,103.33,42.43,39.74,34.90000000000001,38.46
2,1560.6699999999996,582.86,324.28,19.19,149.76000000000005,111.52,59.89,71.03000000000002,94.98,125.4,51.61,48.33,47.42,50.72,46.75,45.55,63.13,14.0,8.18,18.77
3,1796.48,603.57,497.83,96.13,162.27999999999997,124.68,50.65,22.17,162.82999999999996,63.96,59.97,115.94,51.24,158.79999999999995,45.67,70.62,56.77,18.9,39.83,26.91
4,1840.2000000000005,623.28,494.42000000000013,136.03,178.79999999999995,101.78,66.86999999999999,73.53,98.88,73.22999999999998,62.68,35.43,62.78,112.58,43.36,38.39,66.68,20.22,39.7,15.77
5,1851.83,650.6,455.5100000000001,126.18,201.4,109.15,61.790000000000006,15.98,198.71,47.62000000000001,61.7,119.38,61.58,201.97,48.1,94.03,35.58,29.6,54.27,29.36
6,1823.47,788.49,871.4100000000002,87.53,88.23,94.05,66.55,13.63,123.18,83.56,62.68,30.43,50.4,68.36999999999999,45.36,44.77,31.77,30.04,14.37,14.18
7,1940.66,1035.66,766.91,164.02,111.57000000000002,112.01,113.39,152.98000000000005,60.97000000000001,96.55,97.02,136.32,63.81,55.16,80.49000000000002,69.25,71.52,54.09,48.6,37.18
8,1363.7399999999998,765.97,833.7799999999999,86.99,111.35,152.04999999999995,72.38,48.21,124.96,64.31,116.7,191.42,83.85,182.81,64.97,79.53,39.4,61.7,41.64,52.57
9,1530.62,672.16,761.56,130.03,125.12,124.44,71.62,76.61,55.17,71.28000000000002,63.03,44.29,41.33,74.6,66.28,58.32,50.39,32.95,23.02,22.52
10,1868.25,986.99,1020.89,153.57,136.29,95.23,110.49,158.97,54.88,80.04,96.72,60.37,105.51,65.25,67.64,103.67,60.34,50.39,62.43,31.76
11,1559.82,908.83,568.58,121.22,82.29000000000002,94.19,101.91,230.26,21.46,46.3,69.24,151.88,93.89,68.67,60.23,62.8,44.84,20.18,32.46,36.69
12,1749.53,801.94,637.19,94.01,125.9,115.29,71.46000000000002,37.3,89.68,96.59,58.75,37.02,47.17,54.23,52.79,34.53,49.73,39.38,18.94,23.14
13,1588.4899999999998,975.34,568.0500000000002,122.83,90.78,80.71000000000002,116.8,189.94000000000003,25.3,41.28,67.78,180.48,115.41,83.69000000000003,54.66,85.85,48.97,31.86,40.79,21.85
14,1353.31,513.19,330.26,94.12,128.69,122.44,47.4,24.75,120.58,92.6,66.03,27.17,8.08,52.84,55.32,45.4,37.22,42.37000000000001,8.26,20.31
15,1865.23,718.49,396.79,123.52,135.82999999999998,104.78,72.53,61.47,99.59,65.45,64.08,68.3,48.53,54.45,64.36,42.94,63.19,33.31,29.87,30.67
16,1423.8000000000004,564.7,381.1,75.84,129.66000000000003,76.28999999999998,70.91,39.7,101.73,84.44999999999997,47.62,21.78,26.72,94.38,61.48,59.34,35.16,37.31,27.09,9.39
17,1703.93,1068.41,967.38,151.68,123.07999999999998,102.72,119.53000000000002,126.27,59.3,88.74,105.58,100.41,116.18,41.98,64.55000000000001,71.16,65.36,51.36,43.36,45.05
18,1654.91,930.18,709.6999999999998,165.12,113.3,139.70000000000002,108.94,161.34,63.35000000000001,92.88,97.66,85.87,94.77,31.9,70.82,56.58,55.25,39.290000000000006,37.8,48.73
19,1250.36,751.3900000000001,438.32,42.88,123.46,141.87,88.11,70.62,129.12,86.25000000000001,93.46,202.33,155.07,124.55,15.86,62.39,57.08,33.2,36.31,48.61
20,1131.4800000000002,935.36,705.1199999999999,115.68,122.46,111.47,72.93,140.56,59.14,53.18,46.27,115.59,100.28,40.89,55.88,67.23,75.92,37.94,21.96,47.68
21,1819.19,993.13,634.9100000000002,136.73000000000002,114.59999999999998,124.81000000000002,99.59,130.59,68.71000000000001,94.81,98.9,100.49,82.0,64.7,69.97,50.97,59.01,55.33000000000001,35.46,39.62
22,1826.53,932.58,645.25,129.93,122.98,119.32,94.11,116.92000000000002,70.29,92.75,78.78,88.68,49.21,61.15,59.23,60.92,60.77,47.65000000000001,36.83000000000001,31.47
23,244.41,236.12,667.6600000000002,15.39,52.45000000000001,20.12,13.4,18.3,14.9,24.24,6.08,12.41,6.49,9.91,14.759999999999998,18.08,6.28,4.799999999999999,5.98,9.91
24,1134.19,701.39,350.68,127.96,43.3,64.53999999999999,74.29,257.18,25.52,39.36,66.9,60.95,36.52,45.86000000000001,71.85000000000002,22.81,32.52,47.47,18.700000000000006,17.45
25,1580.6899999999996,533.69,336.74,49.28,152.52000000000004,127.7,56.23000000000001,24.83,116.83,100.86,44.93,20.61,17.23,49.6,39.24,36.48,49.53,40.75,9.96,19.85
26,1975.19,982.27,1065.65,141.85,180.23,116.83000000000004,104.33,87.10000000000002,75.62,107.84000000000002,91.72,63.48,66.74,75.12,82.97,60.79,65.78,59.79,32.74,33.38
27,1842.7200000000007,744.1899999999998,634.3399999999998,121.11,137.65,84.40000000000002,81.46000000000002,50.25,75.32000000000002,40.61,57.83,75.19,77.92,70.89,52.11,68.82,55.34,25.32,41.7,13.7
28,1207.39,573.44,472.83,76.49000000000002,108.34,85.27999999999999,48.99,99.94,61.13999999999999,39.03,22.92,50.88,29.31,50.37000000000001,39.14,67.0,25.57,18.26,26.39,22.6
29,1744.86,768.28,596.8699999999999,112.91,100.61,98.79,56.32,28.51,109.76,71.84000000000002,68.87,31.71,64.63,118.53000000000002,57.28,39.3,50.44,34.2,14.37,17.47
30,1708.77,853.0,662.3699999999999,92.27,129.20999999999998,128.07999999999998,86.95000000000002,84.71999999999998,91.47,93.15,91.45,84.25,54.17,92.08,68.04,68.68,57.59,34.92,30.69,27.06
31,1547.7299999999998,727.9599999999998,507.63000000000005,131.99,108.72,149.99,74.83000000000001,97.57,76.58000000000001,84.61,84.63,50.17,33.03,44.81,66.08,43.03,51.7,44.39,15.72,50.69
32,1243.63,681.36,722.37,104.39,106.05,78.03999999999998,88.4,92.19,32.14999999999999,51.76,58.11,70.22,58.45,95.48,61.7,72.07,44.15,32.690000000000005,36.34,12.51
33,1553.8000000000004,1062.93,597.91,128.81,106.92,134.34,117.22,196.11999999999995,47.73,104.14,98.01,109.67,84.97,22.96,66.45,53.91,52.39,59.43,23.33,64.2
34,1669.84,905.18,829.5300000000002,121.57,139.12,93.8,88.64,72.13,71.57,72.89,73.19,89.78,66.63,65.26,57.47,75.39,48.21,45.94000000000001,34.800000000000004,33.62
35,1383.25,754.81,274.55,167.76,51.43000000000001,44.87,71.06,255.28000000000003,20.47,33.17,40.13,86.01,55.63,40.84,59.97,57.65,37.71,25.28,28.9,7.43
36,1665.2200000000007,850.28,942.96,164.1,118.54,122.0,96.51,99.31000000000002,63.55000000000001,96.35,100.2,38.6,60.14,55.43000000000001,70.27,46.73,43.77,43.71,30.49,26.8
37,1685.4300000000005,834.4,719.5,109.48,115.61,101.23,78.53999999999998,52.39,75.97999999999998,84.79,64.8,62.98,66.23,55.80999999999999,56.99,46.08,56.76,44.81,22.06,18.18
38,1697.84,573.26,309.37,85.44,167.77999999999997,88.88999999999999,70.52,115.61,81.42999999999998,76.27000000000002,58.98,97.56,80.48,47.54,1.5699999999999998,61.26000000000001,55.91,35.160000000000004,21.83,23.33
39,1890.81,754.16,419.28,103.59,155.70999999999995,112.88000000000002,66.39,42.73,129.65,61.67,73.31,156.2,82.44,155.0,51.09,107.06,58.81,30.65,51.41,32.81
40,1670.87,666.3399999999998,477.06,138.28,185.44,101.91,83.76,82.22,91.35,72.15,62.79,79.63,68.88,70.82000000000002,60.19,56.19,67.28,28.950000000000006,26.68,23.99
41,1625.93,1011.1,505.53,125.23,106.29999999999998,130.44,89.9,120.22,78.93,96.35,91.31,73.54,52.97,66.91,67.78,61.54,54.22,43.33,30.18,51.45
42,1333.62,637.11,917.69,146.54000000000005,112.14,100.26999999999998,70.71000000000002,54.73,87.98,50.19,66.08,62.24,40.42,153.14,59.68000000000001,72.97999999999998,52.49,34.35,47.87000000000001,22.61
43,1886.56,903.25,780.58,140.66,94.96,123.55,80.89999999999998,106.01000000000002,77.28,65.07,68.71,66.02,63.85,49.55,62.75,50.0,59.5,53.16,36.51,35.73
44,1618.35,759.29,709.4599999999998,128.14999999999998,140.44,141.31,83.89,52.0,102.74,112.7,75.6,32.32,40.93,57.02,56.19,32.07,61.04,38.86,17.700000000000006,29.86
45,1237.0200000000002,570.1,765.72,118.61,124.04,116.35,69.47,31.559999999999995,120.11,47.36,81.59,102.03,59.12,267.05,62.56999999999999,107.4,40.12,47.25,58.96,36.56
46,1504.12,697.0,577.31,164.39,75.08999999999997,63.290000000000006,61.66,98.01,50.12,42.5,57.74,42.5,41.44,72.75,77.17,41.27,37.68,40.53,25.45,13.03
47,1594.5099999999998,905.07,589.24,130.45,108.18,118.29,91.29,114.35,73.24000000000002,87.92,81.56,101.99,80.80999999999997,32.29,64.37,58.45,50.85,54.1,23.8,39.54
48,1594.73,883.43,566.38,110.4,121.16,113.12,72.87,60.67,108.98999999999998,86.05,90.44,82.62,70.38,132.19,65.12,77.66,52.94,50.16,33.97,39.76
49,1669.53,935.98,958.37,157.64,133.97,142.70000000000005,82.03,82.36999999999998,84.35000000000002,112.81,86.74,60.56,58.85,72.02,68.7,49.15,70.49,40.84,27.26,32.88
50,1455.11,722.61,555.1899999999998,122.27,96.57999999999998,155.15999999999997,65.16,39.32,130.69,82.93999999999998,100.63,94.17,64.22,178.41000000000003,53.35,68.41,47.25,34.28,26.19,49.78
51,1812.52,617.0899999999998,655.81,66.03,162.78,87.74,78.13000000000002,79.92999999999998,90.07,59.09,52.77,64.41,108.37,87.28,6.7,50.01000000000001,58.81,21.19,42.12,16.76
52,1557.13,1011.79,612.01,113.92,103.88,129.41999999999996,101.37999999999998,161.33,58.81,83.99000000000002,94.09,107.74,85.14,54.38,61.67,62.7,50.36,42.41,35.2,46.68
53,1585.93,710.0600000000002,410.38999999999993,110.21,112.01999999999998,59.87000000000001,83.94,87.33999999999997,56.56,60.85,35.54,62.23,36.48,45.92,57.81,99.32,44.94,37.18,39.99,22.84
54,1731.4799999999998,644.31,685.0799999999998,157.01999999999995,182.51,96.31999999999998,79.63,52.8,98.57,71.59,60.46,57.57,49.0,92.17,51.97000000000001,33.52,93.43,25.12,25.4,19.79
55,1627.29,505.45,391.02,107.19,124.07,152.95000000000005,76.3,80.07000000000002,113.64,109.68,58.76,46.32,21.2,52.47,57.02,54.82,51.22,42.72000000000001,13.86,29.22
56,1783.5400000000004,501.25,267.05999999999995,64.97999999999999,90.31,148.93,59.88,37.02,129.19,93.07,63.19,33.81,24.53,52.87,52.79,44.19,40.4,47.27,13.3,56.49
57,1701.01,593.8,478.09,95.64,123.86,62.76999999999999,68.03,20.110000000000007,104.59,82.16,42.43,40.83,19.94,90.52,61.53,57.44,52.03,33.89,19.790000000000006,11.27
58,1537.8700000000006,1201.17,840.87,141.51999999999995,155.55,116.03,151.75,225.65,44.44,61.06,103.45,165.83,140.12,48.73,82.09,90.32,62.25,53.35,83.15,42.36
59,1754.3200000000004,987.91,779.7400000000001,137.22,98.81,142.67000000000004,128.19,198.96,35.44,113.22,108.17,111.81,89.85,93.46,67.25,60.90000000000001,56.55,42.25,55.38,43.19
60,1866.05,877.76,819.92,104.11,89.39,115.44,97.47999999999998,144.11,49.39999999999999,63.31,73.92,80.17,65.88,53.79999999999999,57.25,51.18000000000001,47.62,31.88,50.24,46.11
61,1445.16,1106.86,784.9599999999998,125.67,107.36,112.27,101.09,192.36000000000004,46.73000000000001,58.32,77.95,120.02,75.88,32.69,60.73,78.26,63.48,37.4,38.07,17.5
62,1618.94,825.58,658.6199999999999,129.39,101.03,120.86,78.89,80.35000000000002,85.47,75.61999999999998,74.16,38.81,43.2,33.309999999999995,53.99,42.25,56.59,47.05,24.73,33.96
63,1471.66,776.13,620.4399999999998,99.77,156.02,110.43,84.62,41.39,96.54,111.64,76.63,52.56,90.8,63.29999999999999,54.95,39.85,64.63,29.49,16.950000000000006,32.13
64,1649.4,943.63,680.62,137.95999999999998,89.91000000000003,104.25,103.56,169.99,35.02,64.98,109.99,114.21,125.53,76.41000000000003,72.38,59.87000000000001,52.25,42.33000000000001,47.01,34.1
65,1869.64,1101.93,921.61,109.64,123.88,96.48999999999998,112.77,113.31,82.97999999999998,96.62000000000002,90.28,89.22,190.44,55.12000000000001,62.81,73.06,62.08,37.37000000000001,42.6,32.36
66,1719.55,1120.16,917.8,123.87,104.0,105.03,101.21,119.05,60.99,87.47,110.69,88.68,106.83,69.08,60.98,70.69,53.49,41.42,51.68,34.9
67,1757.1,769.35,653.05,76.16,127.86,58.35999999999999,72.36000000000001,19.7,89.48000000000002,43.09,57.59,66.75,76.97999999999998,98.1,42.51,65.33,40.57,12.090000000000002,20.88,11.81
68,1649.39,615.53,666.5400000000002,110.99,124.83,102.93,59.18,8.899999999999997,135.25,47.23,84.52,37.6,52.93,225.68,61.75,63.96,31.14,35.18,32.75,30.08
69,1587.27,1044.94,662.1000000000001,126.73,83.93999999999998,111.35,112.41,177.75999999999996,34.46,80.75,117.38,126.61,116.01,69.33000000000001,71.73,62.34,51.11,45.06,47.76,41.36
70,1498.2,783.3199999999998,496.43000000000006,70.19,121.5,121.75,70.95,53.91,104.97,111.05,78.52,34.76,30.270000000000003,49.65000000000001,74.57,45.71,50.26,56.31,12.82,33.02
71,1598.12,819.66,611.3100000000002,112.33,154.92999999999995,82.22999999999998,61.95,18.58,168.95000000000005,33.78,69.35,92.89,69.15,221.64,55.8,111.82,43.32,42.22,40.99,29.77
72,1680.11,779.26,788.95,126.15,128.56,101.71,58.8,44.99,106.84,64.71,46.53,42.59,41.3,53.12000000000001,49.61,54.81,57.79,23.96,18.38,21.51
73,1905.81,640.39,749.72,156.47,137.19,68.57000000000001,98.7,24.8,149.31,69.48,70.48,27.73,38.790000000000006,149.86,65.65,65.85,43.43,0.52,43.42,17.02
74,1603.47,761.01,773.21,129.66,135.96,91.09,64.47,7.94,165.05,44.08,84.81,59.15,66.75,303.47,54.05,88.38,36.32,45.03,35.28,34.04
75,920.16,439.07000000000005,452.06,129.54,52.38999999999999,40.290000000000006,37.28,80.27999999999999,26.32,18.16,26.99,46.21,27.44,57.5,59.74,38.59,30.13,21.82,15.25,6.95
76,1518.61,885.14,705.6600000000002,127.46,122.25,145.07999999999996,83.42999999999998,89.11,83.84,93.31,91.77,61.34,60.77,63.98,71.28999999999998,49.22,46.79,52.38,22.82,34.12
77,1802.11,788.3799999999999,822.65,135.85,119.94,112.46999999999996,71.99000000000002,52.67,83.92,87.06,75.16,46.54,48.35,70.88,57.54,60.91,64.6,36.2,20.71,25.95
78,1695.45,515.22,281.51,60.53,155.32999999999996,130.23000000000002,50.59,48.76,101.23,91.9,41.78,56.51,20.24,29.84,45.14,40.27,49.48,29.860000000000007,9.5,25.26
79,1834.96,590.7,444.29,116.52,184.31,123.09,66.76,22.16,135.45,85.86,64.38,37.05,21.31,82.96,56.21,59.17999999999999,69.5,31.290000000000006,20.28,17.1
80,1641.5700000000004,784.74,796.3799999999999,148.73000000000005,161.23000000000005,123.81000000000002,76.67999999999998,38.27,102.82999999999998,97.94,74.45,39.13,43.23,53.85,56.22,46.92,56.35,35.4,21.46,23.26
81,1574.85,716.0,393.69,103.31,78.53000000000002,75.59,71.71000000000002,101.87,64.61,68.29999999999998,53.2,55.25,37.14,42.38,58.94,42.98,50.88,30.4,17.57,22.38
82,1345.2,601.61,906.02,79.52,139.59,201.1,57.63000000000001,21.23,194.98,72.74999999999999,116.76,89.51,52.2,238.63,64.3,75.67,39.98,57.56,30.49,49.4
83,1798.4699999999998,891.8900000000001,531.3599999999999,133.78,102.65999999999998,135.49,86.59,97.49,79.64000000000001,96.26,82.82,87.65,55.16,43.28,63.7,61.2,60.71,47.11,28.19,33.54
84,1418.25,897.76,577.74,53.40000000000001,127.46,146.67,89.61999999999998,133.31,106.94,92.65,109.76,187.61,120.05,142.57,58.91,80.46,52.93,33.19,33.43,69.08
85,1707.87,957.51,1078.4500000000003,154.65,114.19,94.28,95.90000000000002,156.40999999999997,44.38,65.45,93.15,54.53,100.56,58.61,64.69,94.58,51.62,36.27,56.21,31.64
86,1635.1299999999994,790.51,853.5400000000002,139.07999999999998,179.29999999999995,140.07,86.78,88.42999999999998,79.32,90.67000000000002,91.59,75.52,46.96,75.43,69.63,53.75,55.77,47.23,22.9,25.02
87,1381.85,668.48,458.80999999999983,53.58,102.66,92.23,98.54999999999998,196.86,29.57,69.32,45.37,78.25,181.29,64.6,1.7400000000000002,57.14,66.84,17.28,128.72,22.49
88,1901.12,970.17,1001.83,160.39,127.7,151.11999999999995,111.03,148.29999999999995,50.55,80.16999999999999,101.5,79.48,87.18,72.46999999999998,75.24000000000002,63.59,53.09,44.21,63.83,24.17
89,1545.9,698.15,667.11,94.29,165.72000000000003,113.25,70.78,38.19,99.43,87.65,65.15,45.86,20.28,42.09,57.93,41.62,51.18,39.74,15.95,28.18
90,1679.55,974.0,719.33,132.75,117.29,108.23,99.83,115.63,69.58,80.37,75.3,79.74,86.0,59.28,60.82,56.71,56.02,52.53,34.02,32.52
91,1683.1699999999996,879.94,508.22,112.98,113.02,149.72,104.58,122.19,61.80999999999999,110.91,88.01,92.32,48.28,37.04,67.9,51.75,53.81,51.2,29.16,57.36
92,1683.6699999999996,743.99,719.3500000000001,132.14,137.74,117.0,73.41,37.38,92.82,90.5,67.74,18.2,41.64,70.06,57.47,41.01,70.07,37.82,22.76,24.45
93,2007.64,647.55,428.57,107.36,164.55,101.49,51.86,17.33,128.63,83.09,52.34,11.46,12.65,87.19,55.59,40.58,53.34,21.96,16.82,14.93
94,1836.4700000000007,801.27,530.4099999999999,120.83,139.47000000000003,97.51,70.11,47.89000000000001,99.28,80.65,61.48,39.58,52.38,91.18,56.12,48.88,66.26,22.26,23.45,20.44
95,1863.63,1079.25,461.32,131.37,119.02,134.36,100.57,150.07999999999996,91.07,129.26,92.19,120.07,63.18,34.660000000000004,74.91,58.22,72.08,44.67,24.74,44.76
96,1758.99,983.07,830.8900000000001,148.2,96.89,106.73,95.08,121.89,55.13,85.77000000000002,100.2,84.52,130.93,68.54,63.25,65.35,56.28,35.28,50.65,33.25
97,1595.19,943.43,997.31,137.4,131.36,99.6,98.17,83.01999999999998,68.38,63.35,78.82,83.04,101.72,60.54,58.96,61.49,53.28,42.76,50.69,32.14
98,1763.16,975.44,822.8300000000003,148.72,115.76,103.33,87.48,89.75000000000001,84.44999999999997,85.63,91.0,84.3,80.1,59.07000000000001,71.42,59.22,56.68,47.08,32.129999999999995,30.46
99,1604.39,919.37,887.2299999999998,103.62,116.14,96.08,83.62,89.24000000000002,75.57,78.14,79.15,74.06,67.94,78.96000000000002,65.63,61.0,52.48,45.26000000000001,29.9,26.22
100,1470.7099999999996,697.98,729.93,113.31,141.94000000000003,101.93,57.07999999999999,11.5,149.35,39.63,68.71,57.78,55.1,258.16,57.08,79.54,31.61,43.040000000000006,27.37,26.9
101,1601.02,1022.68,616.22,136.98000000000002,109.44,107.67,109.7,180.26,64.78999999999999,84.38999999999999,93.49,112.63,67.5,54.7,79.88,69.67,56.76,48.58,37.52,46.06
102,1384.57,700.0999999999998,411.72,102.0,87.41000000000003,124.43,89.07000000000002,128.13,66.79,75.21,84.49,58.42,46.55,86.41,69.2,33.74,50.63,50.98,18.72,58.58
103,1600.28,1053.3,551.76,117.24,101.25,116.13,101.89,214.63,52.06999999999999,60.85,87.58,152.97,126.38,35.61000000000001,58.1,74.47,51.45,43.58,30.32,48.54
104,1464.66,927.07,808.9200000000002,131.56,123.36,114.16,88.94,129.35,67.68,58.45,56.58,123.29,156.67,48.09,60.25,67.75,65.73,44.11,22.09,45.76
105,1624.19,810.1700000000002,733.9499999999998,157.96,140.15,99.71999999999998,89.93,47.12,97.95,78.63,71.25,61.55,80.93,68.55,54.790000000000006,40.67,81.24,29.93,22.6,23.07
106,1837.96,872.71,744.66,146.05,102.88,90.19,85.49999999999999,110.92,54.84,49.32,69.26,81.48,73.16,69.57000000000001,57.42,72.2,47.39,33.45,52.48,19.33
107,1537.0299999999993,897.45,732.1300000000001,132.2,106.92,93.24,71.44,41.8,76.95999999999998,115.72,72.95,32.75,37.62,66.96,75.49000000000002,42.84,50.69,52.46,13.46,24.91
108,1826.68,1112.83,747.4700000000001,130.96,131.27,131.48,113.25,158.35000000000005,60.68000000000001,83.89000000000001,92.31,109.13,92.47,39.15,71.46000000000002,65.45,64.16,49.69,48.23,45.06
109,1898.57,1061.15,657.78,124.06,132.91,111.21,110.08,126.83,70.81,83.69,89.49,81.59,88.75,45.14,69.22,67.46000000000001,53.48,48.59,37.32,25.08
110,1605.6999999999996,736.34,823.45,151.05,150.54,90.69999999999996,107.85,137.40999999999997,43.97,45.290000000000006,64.57,77.05,157.55,97.55,51.88,79.14,69.86,19.62,118.91,19.02
111,1594.1900000000005,875.67,551.73,121.75,124.02,128.75,82.71000000000002,87.90999999999998,104.45000000000002,97.54999999999998,96.77,52.48,37.87,82.76,74.95,45.27,49.29,48.83,19.6,36.43
112,2042.22,1054.12,995.06,138.62,134.69,94.38,131.21,169.79,42.0,83.16999999999999,86.71,116.0,107.63,64.4,73.61,84.16,55.1,40.33,90.62,29.92
113,1277.34,704.59,816.62,103.14,116.61,92.58999999999996,89.82,92.06,33.36,59.91,76.71,61.65,64.58,87.15,65.03999999999999,59.7,45.26,37.56999999999999,37.13,16.39
114,1565.9499999999996,663.98,533.5500000000002,87.38,85.98,34.22000000000001,55.97000000000001,9.74,122.27,43.91,59.55,6.29,31.73,154.91,37.76,46.33,25.26,17.4,13.82,10.97
115,1605.88,642.47,372.37,124.76,140.32,110.24000000000002,79.1,138.76,66.89,73.28,54.28,86.48,69.76,43.97,51.97,38.89,64.51,14.359999999999998,25.880000000000006,24.65
116,1558.89,854.1400000000001,703.05,109.48,123.49,120.69,88.24999999999999,94.03999999999998,68.85,83.42,81.68,69.2,56.67,37.9,55.87000000000001,50.94,60.34,46.03,21.34,32.26
117,1113.22,419.95,143.26999999999995,77.06,66.38000000000001,94.3,52.72,41.19000000000001,30.4,47.51,27.4,54.68,88.78,59.54,27.07,56.06,53.1,10.78,38.84,24.0
118,1471.8900000000006,753.1,620.2200000000001,149.9,119.9,112.1,67.23,43.59,85.0,68.02,71.53,38.05,51.87,68.24,56.59,44.82,55.97,32.98,21.18,23.58
119,491.57,843.21,562.2699999999999,78.82,111.19999999999996,89.40999999999998,57.81,138.46,30.95,32.12,34.67,83.35,47.7,32.5,37.8,40.5,56.9,33.2,16.71,36.84
120,1705.3899999999994,942.57,788.44,110.03,147.69,137.33,87.24999999999999,102.3,65.82,96.7,95.87,53.77,53.7,63.10999999999999,72.64,51.38,64.2,38.89,39.84,32.49
121,605.81,738.38,675.85,77.37,117.54999999999998,79.30000000000003,42.87,97.12,56.77000000000001,39.79,33.32,56.47,42.37,40.64,43.44,47.19,59.02,34.92,8.489999999999998,23.7
122,1652.3200000000004,939.02,691.7700000000002,115.23,114.36,129.20999999999998,97.07,122.53000000000002,67.0,65.5,62.83,89.61,84.12,70.36000000000001,65.88,52.15,66.28,40.48,16.6,34.48
123,1641.28,628.56,586.99,121.64,108.24,70.97000000000001,48.57,28.81,76.66,68.47999999999999,52.92,14.85,20.6,74.81,62.16,39.89,45.55,27.21,19.26,12.02
124,2061.61,959.97,425.44,148.3,181.49,84.47000000000001,98.26,61.09,113.10000000000002,145.31,45.84,38.65,32.1,108.86,79.09,65.50999999999999,68.58,30.22,27.35,20.28
125,1453.2900000000004,740.16,611.6800000000002,117.62,122.42999999999998,80.88000000000002,66.99000000000001,23.47,135.70999999999998,40.06,93.21,97.55,69.24,256.96000000000004,65.86,94.32,39.83,35.04,39.95,28.07
126,1604.72,805.12,606.71,128.05,147.42999999999995,122.54000000000002,93.04,49.13,82.92000000000002,80.41000000000003,83.34,59.35,77.69,65.35,59.75,44.09,63.56,39.38,24.41,23.26
127,998.2,790.59,698.9400000000003,83.22999999999998,131.7,80.91,74.89,127.37,57.96,42.6,39.35,106.29,110.02,43.56000000000001,56.56999999999999,72.08,76.73,37.66,18.46,29.72
128,1611.57,719.8399999999998,305.1,72.9,97.64,150.57,87.0,76.96,110.41,95.17,86.56,32.61,28.06,81.05000000000003,63.71000000000001,43.39,52.18,48.68,12.77,51.37
129,1464.9199999999996,947.95,825.6,122.48,124.14,115.2,112.03,107.32,72.16,87.36,101.62,110.68,85.79,49.97,75.19,63.29,58.5,52.41,43.29,42.42
130,1787.38,949.99,773.34,135.54,124.56,114.32000000000002,101.0,99.81,77.25,110.88,85.76,97.18,138.81,76.66,70.26,65.92,56.96,51.9,40.43,32.69
131,1504.84,842.47,757.0299999999999,114.52,154.92,104.38,108.06,100.63,72.53,75.18,74.65,73.26,83.21,39.790000000000006,72.74000000000002,75.08,60.77,57.73,35.57,18.44
132,1641.37,705.11,847.1800000000002,136.37,125.55,90.97,73.95,94.15,52.58000000000001,45.38,48.18,61.45,61.9,87.76,61.28999999999999,64.39,40.34,35.8,35.03,21.58
133,1597.0400000000004,768.56,743.6500000000002,139.49,165.93,112.18000000000002,73.05,73.21,82.74000000000002,76.83,68.47,72.21,66.06,48.66,52.16,43.72,59.99,43.37000000000001,23.96,19.46
134,1436.71,727.25,381.76,101.01,126.32,102.96,70.99000000000002,45.27,99.98,97.85,84.04,36.7,79.71000000000002,96.72,59.1,54.24,26.23,47.3,16.65,17.51
135,1400.58,731.63,402.54,120.85,75.41000000000003,72.94999999999997,45.34,90.33,74.64,46.04,51.24,49.98,33.16,49.85999999999999,63.06999999999999,36.56,39.08,33.94,10.13,16.46
136,1923.64,710.9399999999998,540.71,120.68,88.73,82.47999999999998,69.47999999999999,53.11999999999999,80.16,50.45,52.88,46.33,32.5,49.77,62.08,39.46,49.69,30.6,17.59,19.05
137,1471.55,573.96,469.99,37.32,97.57,110.61,74.76,71.74,114.35,103.14,51.47,50.09,36.94,70.25,61.53,47.04,43.92,38.86,37.290000000000006,27.46
138,1690.57,889.75,846.9300000000003,122.84,116.0,101.27,95.48,113.43,55.23,61.19000000000001,86.8,99.21,70.82000000000002,71.97,71.3,63.38,61.2,39.42,65.64,31.38
139,1896.43,880.76,813.6899999999998,131.3,112.64,86.81999999999998,85.26,51.81,81.86,62.29,71.09,73.77,115.68,73.15,56.59,52.6,59.92,43.12,27.61,25.68
140,1475.63,742.29,520.46,80.56,134.91,105.29,63.78,31.83,108.15,87.2,55.55,55.93,42.17,52.67,51.4,38.44,47.2,33.16,16.1,27.33
141,1655.61,851.86,776.6400000000003,127.82,148.86,105.49,77.82000000000002,82.32,88.65,97.23,74.44,46.54,53.46,39.03,57.91,47.96,60.26,36.05,16.47,24.31
142,1462.7299999999998,928.65,616.7399999999999,132.45999999999998,125.78,112.58,108.88,99.76,72.42,87.3,101.5,94.53,64.38000000000001,77.37,62.48,61.22,55.84,42.21,33.38,41.08
143,1839.63,706.5,671.03,89.14,118.48,66.26999999999998,66.02000000000001,15.64,118.7,46.31999999999999,41.54,50.73,66.29,92.4,56.44,53.61,44.2,20.83,21.55,6.31
144,1760.35,750.33,551.0799999999998,127.22,136.87,81.30000000000003,97.15,137.77,85.9,70.72,63.73,81.1,67.58,68.7,108.42,58.64,76.39,34.370000000000005,31.4,22.77
145,1748.77,944.07,647.59,151.09,112.4,128.58,95.27,161.78,54.68,89.2,91.18,79.5,66.21,52.54,71.09,58.1,64.89,43.39,43.33,36.7
146,1738.9200000000005,766.97,443.46,85.7,156.7,116.4,78.49000000000002,119.33,78.95,80.44,59.63,85.73,69.95,40.56,57.41,56.55,63.31,38.040000000000006,22.23,32.35
147,1680.7100000000007,882.3799999999999,792.2500000000001,136.05,125.85,114.63,84.35000000000002,48.98,91.29,69.99,75.53,51.82,73.42,77.78,72.13000000000002,55.42,48.12,18.630000000000006,34.47,22.23
148,1742.9899999999998,457.25,194.29000000000005,97.76,120.54000000000002,45.97999999999998,51.99,15.4,120.98,37.36,13.0,20.64,11.76,93.26,41.46,59.77,34.13,9.5,18.92,10.4
149,1704.04,1030.97,892.35,151.93,100.1,121.01000000000002,106.73,150.97000000000003,60.72,95.2,100.31,93.47,94.71,45.95,67.05,62.38,53.26,55.6,37.96,38.98
150,1680.7000000000005,832.35,352.67,155.75,94.9,49.24,82.12,165.39,25.34,41.95,34.26,120.68,54.13,41.05,57.2,59.1,43.58,30.440000000000005,24.59,18.1
151,1571.52,845.4000000000002,693.7500000000001,161.38,113.87,126.14,85.6,89.32,84.05,112.0,95.29,72.1,59.88,38.32,66.16,47.33,58.97,49.37000000000001,17.7,37.66
152,966.01,605.9,208.46000000000004,128.07,29.87,54.38,49.31,191.3100000000001,31.32,27.31,47.74,51.49,31.71,36.0,69.0,25.24,27.16,38.53,12.22,14.26
153,1444.5500000000004,663.51,426.73,85.84,56.21,131.01,93.23,193.7,36.87000000000001,50.12000000000001,79.76,66.67,65.98,37.7,53.17,42.18,38.67,47.14,20.29,68.07
154,1733.9,883.9100000000002,653.0300000000002,132.04,110.26999999999998,147.40999999999997,98.65,135.8,69.99000000000001,98.83,95.16,86.29,62.75,56.97,69.83000000000001,40.22,54.79,52.58,25.9,52.01
155,1711.26,961.16,789.79,140.16,118.46,137.46,97.42,129.57000000000002,65.78999999999999,83.26,93.93,117.58,110.09,63.12,63.98,63.2,66.88,40.06,48.08000000000001,35.28
156,1394.21,907.82,615.4900000000001,92.1,108.47,80.36999999999998,78.49000000000002,24.15,85.47,50.42,107.54,108.62,96.12,159.84,48.8,88.59,34.73,40.45,50.84,27.54
157,1550.54,853.59,712.5000000000001,114.8,83.15,137.42,112.07,186.98,35.35,78.25,95.98,89.35,68.28,77.05000000000003,69.94,52.7,50.87,47.12,34.07,19.48
158,1824.56,1061.93,800.6,146.63,124.82,129.07000000000002,102.01,170.80999999999997,66.35999999999999,86.35,78.64,113.92,77.35,36.74,65.64,55.68,69.84,40.43,42.43,25.71
159,2032.47,808.48,813.6199999999999,127.0,108.55,105.34,83.34,73.09000000000002,76.49000000000002,65.58,77.06,49.91,46.87000000000001,78.22,63.14,61.17999999999999,48.17,32.32,30.57,27.09
160,1888.47,737.25,578.03,162.56,178.77,77.13000000000002,68.58,11.1,191.35,43.08,80.34,95.76,49.08,311.85,64.48,97.01,45.27,23.36,69.18,24.38
161,1581.44,1027.9,804.02,119.71,106.09000000000002,114.81000000000002,135.75,174.9,31.64,72.65,103.95,110.91,131.23,53.34,62.91,69.73,53.86,38.22,44.43,37.87
162,2068.33,1051.04,657.25,147.1,97.73,125.16,110.92,168.23,38.91,79.53,97.45,65.56,78.5,39.35,58.5,67.55,56.66,32.95,39.77,41.59
163,1706.5199999999998,825.03,896.14,153.0,152.86,134.7,79.52,68.85000000000001,84.31,98.09,88.49,54.27,38.76,86.46999999999998,67.59,52.86,54.97,38.83,17.97,20.27
164,1507.15,840.65,935.4100000000003,100.9,136.83,79.9,86.7,32.48,71.37,63.290000000000006,69.42,57.19,75.24000000000002,75.61999999999998,58.32,67.84,40.0,41.77,28.5,17.96
165,2191.24,866.99,472.15999999999985,117.27,123.89,77.97000000000001,84.73,118.1,57.53,62.32000000000001,59.88,127.08,103.83,41.41,47.69,71.61,57.7,22.59,32.43,23.66
166,1658.98,900.79,976.21,129.74,96.61,121.73000000000002,105.55,177.81,37.68,79.06,95.5,64.56,89.24,63.33,68.42,65.91,55.18,39.22,52.73,22.11
167,1572.3100000000004,898.32,803.5100000000001,128.49,113.64,100.61,87.39999999999998,106.23,63.46000000000001,78.05,81.56,86.93,76.49,65.74000000000001,68.27000000000001,49.23,53.21,49.09,21.54,31.84
168,1926.17,774.5500000000002,561.82,119.87,118.7,122.37,69.03999999999999,36.81,98.72,103.45000000000002,74.22,20.71,21.85,86.92,67.92,46.91,53.81,26.08,15.42,22.6
169,1352.68,691.6899999999998,1007.12,122.25,175.66000000000003,123.83,64.91,14.48,108.2,88.39000000000001,78.11,22.2,36.97,92.11,79.64,52.69,53.82,63.65000000000001,18.61,21.26
170,1525.4599999999996,942.25,377.86,105.77,88.28999999999998,112.29000000000002,121.37999999999998,199.64,41.40000000000001,77.07000000000002,75.81,100.2,118.07,15.65,57.92,48.92,45.58,52.83,19.540000000000006,37.5
171,1966.34,817.47,529.75,77.28,97.12,73.23,83.79,21.969999999999995,144.31,45.00000000000001,52.74,48.83,72.21000000000002,185.88,48.7,77.43,33.5,28.590000000000003,18.28,8.38
172,1575.6699999999996,544.69,434.36,100.55,130.85,129.65999999999997,67.08,62.95,115.44,142.64,67.96,38.53,12.4,102.01,78.58,41.87,49.46,62.6,10.81,32.14
173,1543.37,719.3,709.04,131.37,139.77,97.57,92.7,91.69,53.74,43.16,69.34,37.75,73.72,80.98,49.8,75.58,58.39,19.14,80.71000000000002,15.06
174,1698.29,791.52,558.04,100.1,101.45,104.83,94.17,113.95,47.99,62.07,83.42,63.58,68.27,71.57,63.55,49.55,57.79,36.14,29.43,44.19
175,1671.51,1293.56,781.93,121.07,103.43,101.23000000000002,132.79000000000002,199.25000000000003,39.17,84.33,91.57,179.46,90.54,44.59,59.76000000000001,88.64,48.98,38.37,46.17,50.41
176,1571.65,654.7,700.1500000000002,115.96,153.36,125.43,66.66,8.87,178.51,55.95,89.78,49.42,51.41,271.87,72.10000000000002,74.58,37.23,56.73,24.91,38.04
177,1455.4899999999998,577.16,336.76,8.49,148.45000000000005,105.24999999999996,57.82,47.36,96.56,108.69,49.1,41.72,32.93,25.76,47.99,42.25,61.21,15.03,7.1000000000000005,17.09
178,1419.71,575.74,410.12,68.21,148.63,141.77999999999997,74.82000000000002,40.0,95.07,110.97,72.36,43.33,20.3,56.56999999999999,49.34,34.8,62.8,37.03,9.77,40.65
179,1791.45,857.56,686.73,158.01,130.79,106.43,84.44,99.87,81.18,88.47999999999998,70.83,54.66,61.79,56.66,56.51,43.98,73.05,0.2,22.66,33.03
180,1633.9,761.3299999999998,634.1099999999999,77.2,171.27,162.57,69.39,51.19000000000001,106.36,118.94,63.16,24.64,26.08,42.24,51.92,37.22,61.75,49.12,13.44,29.46
181,1969.7,953.36,873.0400000000002,131.03,131.79000000000002,104.67,102.72,101.29000000000002,70.56,62.26000000000001,78.81,134.42,150.77,60.68,73.92,77.54,76.59,46.66,71.08,33.67
182,1772.34,1118.03,613.1899999999998,133.27,113.63,96.19,102.06000000000002,111.14,108.3,100.43,83.9,93.82,106.63,51.93,69.58,95.18,58.92,33.59,27.53,38.88
183,1943.03,944.49,609.4499999999998,127.19,102.73,90.29,95.74,108.29000000000002,75.44999999999997,54.88,76.2,92.5,118.9,90.24,59.34,58.82,58.12,40.82,29.29,35.41
184,1602.35,738.17,861.4799999999998,143.76,114.9,90.53,74.92,103.44,54.12,48.99,52.89,65.59,91.63,76.95,60.040000000000006,68.11,40.93,31.81,27.65,17.72
185,1940.52,816.57,406.82000000000005,128.23,148.9,80.12999999999997,63.36,47.33,115.69,56.13999999999999,55.5,79.85,56.74,81.41,56.71,59.81,64.86,24.04,21.87,19.7
186,1533.37,756.1099999999999,604.94,133.65,140.25,110.25,84.42999999999998,53.53999999999999,83.00999999999998,85.62,74.75,56.69,65.64,54.22000000000001,66.65,47.93,67.39,29.43,24.99,27.07
187,1684.41,925.18,862.9900000000001,130.93,122.07999999999998,112.07,94.5,90.68,69.46000000000001,86.64000000000001,86.41,79.37,84.05,41.07000000000001,59.540000000000006,60.22,49.49,41.29,31.41,23.4
188,1449.72,498.19,314.67,54.41,141.72,83.83,51.08,21.91,129.37,76.39999999999998,52.88,48.52,70.47,65.54,6.55,42.32,54.74,22.32,15.2,16.85
189,1811.86,934.48,753.15,145.25,127.19,112.03,103.05,80.89,75.5,83.17,82.55,64.71,97.56,84.28,63.21,56.91,63.73,24.02,40.52,26.88
190,1824.11,576.51,449.51,104.43,137.9,114.49,63.23,39.31,102.94,80.9,49.08,14.25,21.67,79.39,23.51,29.31,56.94,24.56,23.880000000000006,17.43
191,1816.36,1109.46,764.9699999999998,136.98000000000002,119.5,114.11,108.68,181.99,56.7,82.92999999999998,81.01,119.42,83.51,70.03,73.32,85.72999999999998,59.14,48.23,40.62,40.99
192,1142.42,470.38,549.9599999999998,101.19,166.87,49.03000000000001,50.35,65.41,51.85000000000001,23.49,30.02,69.09,74.75,55.83,33.96,96.65,49.23,6.7799999999999985,51.34,14.82
193,1787.58,890.74,895.24,134.93,114.83,99.69,88.14999999999998,60.13,83.39999999999998,72.58000000000001,84.19,71.44,153.3,75.56000000000002,53.26,67.52,58.93,30.61,45.8,25.98
194,2173.4800000000005,985.83,1223.38,222.03,194.7,100.4,113.52,38.74999999999999,106.85,70.59,114.59,26.42,65.9,155.09999999999997,79.67,61.89999999999999,109.85,28.14,52.75,30.45
195,1543.4099999999994,776.0699999999998,721.3999999999999,123.97,116.0,107.45,84.06000000000002,49.72000000000001,80.19,82.03,84.3,61.6,78.01,55.26,57.0,53.09,66.79,26.33,32.300000000000004,16.97
196,2150.39,921.21,889.8,130.03,102.52,97.03,102.15,83.17,81.17999999999998,78.22000000000001,81.89,123.22,103.34,59.71,60.34,68.59,64.72,37.51000000000001,30.95,35.01
197,1448.6,875.75,598.7799999999999,110.51,121.35,117.58000000000004,89.32,104.85,75.24000000000002,93.19,84.32,74.02,54.36999999999999,39.93,73.57,53.99,42.52,58.42,16.81,39.69
198,1540.15,656.5799999999998,367.3,80.52,134.54,90.54,81.5,152.10000000000005,72.61999999999998,60.59,58.0,117.97,144.44,33.13,1.61,58.77,60.91,23.21,23.43,27.28
199,1579.08,924.94,589.56,122.61,119.18999999999996,124.84,86.33000000000001,79.63000000000002,84.75999999999998,96.22,85.11,60.66,41.01,55.05,63.60000000000001,55.5,64.18,39.1,23.56,35.22
200,1601.6999999999996,883.01,748.9599999999997,117.27,120.9,116.54,98.85,122.69,60.17,86.12,84.6,69.38,61.22000000000001,32.46,63.18,52.49,62.95,51.71,21.07,39.06
201,1610.38,890.75,667.15,110.79,109.87,158.77000000000004,81.04,115.27,100.41,89.71,97.96,112.51,81.77000000000002,97.09,61.38,59.9,56.8,57.2,38.19,44.6
202,533.02,793.22,626.9200000000002,89.16999999999999,129.4,89.97999999999998,54.63,120.67999999999998,39.58,37.59,35.44,75.85,50.21,37.75,42.81,42.8,69.11,30.4,14.46,33.4
203,1361.9899999999998,667.98,368.76,86.92,114.46,128.1,74.75,48.50000000000001,105.73000000000002,63.07000000000001,74.34,12.43,41.12000000000001,158.68000000000004,49.69,57.81,34.09,35.33,29.32,22.33
204,1769.32,888.0,648.6800000000002,72.78,113.75,109.70000000000002,88.91,109.22,83.7,90.76,86.42,83.24,57.62,72.97,67.28,69.01,62.1,32.92,29.43,19.62
205,1970.92,1039.55,755.66,157.0,132.55,79.24,101.35,188.25,47.06999999999999,53.21,63.65,108.26,89.79,82.92,73.3,78.09,50.45,38.24,66.33,21.23
206,1797.1600000000005,1065.69,612.24,130.27,97.49,154.93,99.3,228.34,58.78,103.63,78.25,129.2,49.95,22.82,58.96,55.6,64.71,53.6,30.28,59.23
207,1747.94,800.0699999999998,393.52,122.58,81.58,88.58000000000001,70.73,133.57000000000002,55.68,82.82999999999998,58.8,37.67,37.09,47.28,65.07,45.5,47.11,27.53,20.94,23.5
208,1270.4600000000005,550.66,274.67,32.52,108.96,106.56000000000002,50.36,36.78,123.66,56.94,51.0,7.18,26.91,101.28,43.5,57.0,22.35,34.28,10.65,13.35
209,1851.46,1020.37,867.8100000000002,131.41,146.48,111.82999999999998,113.99,70.37,86.12,94.32,91.6,114.04,112.69,61.73,70.37,74.09,54.9,58.46,45.61,30.26
210,1836.37,865.8199999999998,673.02,82.86,127.7,103.64,82.00999999999998,40.06999999999999,122.07,91.83,70.99,26.75,87.56,71.05,0.8700000000000001,66.55000000000001,52.39,34.55,28.23,26.99
211,1480.1,828.11,510.26999999999987,117.2,124.01000000000002,111.38,93.24,70.53,84.4,94.28,87.07,82.83,69.08999999999999,41.97000000000001,73.75999999999998,48.21,49.38,42.24,25.48,38.64
212,1513.15,860.8399999999998,482.48000000000013,106.99,141.34,114.34999999999998,79.06,102.36,80.45,82.49,76.03,87.81,69.08,50.21000000000001,53.3,59.15,57.14,34.38999999999999,20.86,33.98
213,1340.1599999999996,687.05,543.59,112.2,138.64,119.18999999999998,63.32,33.33,131.3,65.15,88.05,107.5,71.84,116.6,44.18,73.73,38.18,42.28,42.99,36.34
214,1857.9,934.21,890.73,137.3,141.06,96.76000000000002,94.37,82.69000000000003,76.38,79.22,72.6,87.47,89.07000000000002,76.07,63.21,68.53999999999999,57.19,47.95,39.37,35.81
215,1581.9699999999998,591.5799999999998,265.8,63.4,113.90000000000002,104.78,39.74,11.83,110.78,77.49,43.57,15.25,31.22,65.66,37.95,29.07,32.67,14.370000000000005,6.2,12.83
216,1684.3300000000004,958.46,760.8300000000003,132.57999999999998,132.94,86.76000000000002,99.0,95.36,74.53,67.6,86.34,91.55,80.61,70.89999999999998,71.96000000000002,75.62,49.81,56.540000000000006,28.94,22.39
217,1678.91,1037.83,1032.31,178.57,146.03000000000003,106.63,110.99,105.63,69.23000000000002,78.85000000000002,102.08,95.45,101.84,67.87,70.58,68.32000000000001,70.23,42.42,58.49,36.54
218,1638.77,848.9300000000002,954.18,138.96,150.37000000000003,113.32,93.99,65.00999999999999,79.49,107.58,96.21,55.99,81.46000000000002,59.92,76.62,49.84,56.4,54.16,21.26,26.86
219,1769.13,1142.4,804.22,133.01,105.1,115.17,112.69,153.42999999999995,67.85999999999999,95.96,99.94,131.24,116.73,44.95,64.34,72.53,57.22,52.46999999999999,32.99,35.01
220,1731.95,606.6,518.09,100.72,112.93,108.06,67.39,48.59,85.16,59.10000000000001,61.03,68.36,39.43,81.41,57.89,56.15,40.28,34.46,25.22,13.43
221,1624.05,1008.2,729.6400000000003,118.79,116.11,95.38999999999996,128.36,132.75000000000003,67.31,78.11000000000001,84.14,97.32,139.93,66.73,60.65,69.85,70.15,45.27,69.99,37.06
222,1568.7700000000002,900.86,872.2699999999999,156.92000000000004,117.21,119.88,104.29,64.72,89.33,73.86,95.37,79.72,161.62,68.99999999999999,75.26,57.61,62.67,36.14,38.38,27.67
223,1729.67,986.25,774.9499999999998,139.33,118.66,108.86,115.76000000000002,137.29999999999998,58.16,85.21000000000002,93.65,112.78,81.41,52.90000000000001,75.88,69.21,69.71,56.2,52.13,35.78
224,1651.57,1025.31,627.52,131.66,102.67,148.58,114.3,195.2,54.38,87.71,88.92,126.14,137.76,36.91,73.5,55.89,61.96,51.64,37.16,57.59
225,1319.53,471.62,487.58999999999986,75.61,125.38,93.38,62.63,23.6,143.32,126.26,57.16,31.72,15.84,55.29,26.65,22.79,56.64,48.46,15.739999999999998,34.3
226,1719.3000000000004,809.8599999999999,622.8,131.07,113.87,93.04,70.92999999999998,36.93,81.68,71.53,68.36,48.81,50.22,64.14,55.10000000000001,38.85,55.04,37.86,17.23,21.21
227,1763.6799999999996,986.0,695.47,155.29000000000005,126.36,112.45000000000002,135.86999999999998,206.39,61.47,97.91,99.15,134.01,132.94,60.03,78.25999999999998,71.85,65.62,52.66,46.98,49.8
228,1643.87,913.52,878.0200000000002,122.32,115.10000000000002,103.9,105.6,99.03000000000002,72.11000000000001,62.18,83.08,97.58,144.37,70.71000000000002,60.47000000000001,68.47,54.88,43.29,56.23,34.04
229,1859.83,719.34,583.2299999999998,94.97,107.76,79.17,57.55,36.19,93.99,55.06,42.37,54.17,19.03,117.75,59.99,59.96,40.02,31.14,14.79,11.37
230,1122.39,570.3,574.2599999999999,73.21000000000002,151.62999999999997,107.00000000000004,51.22,24.97,134.94,24.83,46.43,130.14,58.33,187.17,54.1,89.50999999999998,35.58,49.51,45.66,31.44
231,1507.92,915.59,661.6199999999999,135.01,126.54,116.98,95.03,115.21,59.10000000000001,88.22000000000001,84.97,79.69,72.83,40.47,62.58000000000001,54.76,53.41,53.14,22.42,30.09
232,1357.84,598.87,600.1700000000002,80.08,167.9,84.11999999999998,70.94999999999997,33.57,87.27000000000002,57.4,36.87,40.32,17.07,89.99000000000002,59.64,54.92999999999999,35.56,39.42,16.93,14.31
233,1591.16,743.1,495.99,111.46,92.3,83.5,62.21,104.43,49.28,45.16,67.25,91.17,87.48,52.88999999999999,61.15,43.62,56.84,32.57,30.45,20.93
234,1928.57,943.24,1158.09,134.96,155.67000000000004,97.17,105.71000000000002,33.01,120.71,80.49000000000002,79.08,61.91,127.86,72.37,64.11,67.51,61.22,39.24,41.55,23.69
235,1574.51,829.66,594.2599999999999,125.78,93.62,155.76,100.61,131.86,51.17,79.98,89.03,47.38,58.19,48.2,64.27000000000001,51.99,51.92,51.790000000000006,29.8,62.17
236,2083.25,850.1700000000002,739.02,127.69,122.65999999999998,109.11,102.92,55.93,107.26999999999998,84.9,76.43,88.89,95.55,73.69,63.77,66.73,76.6,35.76000000000001,27.87,32.9
237,1854.0,785.8599999999999,734.12,128.42000000000002,128.20999999999998,94.29,82.34,93.07,80.66999999999999,77.0,58.29,71.17,46.81,46.19,59.5,60.9,52.88,39.14,21.22,33.15
238,1585.6799999999996,889.4399999999998,854.6099999999999,141.38,143.13000000000005,132.97,95.41,124.65000000000002,70.26,95.7,93.59,77.23,61.9,86.77,74.09,51.31,50.88,52.34,31.33,39.31
239,1540.1799999999996,634.57,433.43,108.65,176.4,95.04000000000002,77.64,60.28,103.57,78.27,68.3,83.13,88.69,66.72,54.03,51.11,75.56,27.06,22.7,21.3
240,1639.1,675.04,441.41,115.75,145.35000000000005,87.49000000000002,64.72,76.01,84.00999999999998,68.25,53.06,86.71,97.74,48.09,40.48,48.95,54.84,21.54,22.74,18.74
241,1667.74,748.39,624.41,95.41,83.2,161.62999999999997,85.06,161.76000000000005,54.37000000000001,102.73000000000002,92.49,41.27,51.99,41.7,63.5,39.14,49.5,36.27,26.11,44.42
242,1885.44,978.88,892.48,133.37,122.38,131.82,113.14,122.62,73.99000000000002,100.36,96.26,103.26,151.81,41.79999999999999,66.42,56.8,71.95,53.81,32.28,42.25
243,1752.31,1005.31,699.6800000000003,134.73,108.54,127.57,102.31,136.44000000000003,65.38,79.9,89.58,111.74,106.41,59.46,61.27,59.03,65.61,45.28,33.32,33.54
244,1566.62,942.86,890.7299999999998,124.02,113.33,108.93,97.34000000000002,97.63,63.36,87.64,91.3,93.24,73.78999999999998,47.74,69.24000000000001,75.36,53.93,32.07,31.97,27.79
245,1507.91,729.75,624.04,117.26,114.7,117.45,55.54,12.749999999999998,145.65,54.25,64.6,69.13,54.04,185.04,49.27,65.4,39.29,47.42999999999999,27.97,35.84
246,1834.15,820.61,587.54,131.35,106.5,123.08999999999996,105.96,176.36999999999995,78.52999999999999,113.53,72.09,133.73,33.63,40.77,79.92,56.75,77.18,38.94000000000001,28.99,50.68
247,1888.59,801.5999999999998,544.3100000000002,104.51,162.39,110.36,82.25,87.84,76.97,81.57000000000002,68.1,104.9,64.06,34.660000000000004,46.42999999999999,67.31,63.52,34.48,25.73,30.77
248,2024.77,472.28,155.52,35.3,103.0,52.24,26.57,20.43,171.68,62.3,17.95,22.18,29.79,45.35,2.06,55.61,33.77,6.749999999999999,6.5,12.14
249,1535.25,806.49,529.5200000000002,104.11,120.8,95.95,77.92999999999998,76.43999999999998,78.53,69.25,60.81,65.41,36.6,33.69,57.19,49.48,47.11,35.07,18.03,26.01
250,1747.85,1061.73,605.55,130.56,119.82,107.99,81.84,93.11,85.7,88.86999999999998,81.99,61.28,64.16,56.85,65.71000000000001,62.92,64.88,37.65,27.38,29.12
251,1435.0700000000004,608.25,556.04,85.50999999999998,136.02,71.85,71.18,31.39,78.26,64.85,41.98,61.16,32.08,68.36999999999999,61.09,71.21000000000002,42.3,32.510000000000005,24.32,7.86
252,1622.7,658.85,534.34,84.11,172.95999999999995,83.59,79.67000000000002,60.95,81.97999999999998,84.73,80.13,107.38,111.16,72.41,58.540000000000006,60.73,57.96,41.69,34.7,25.78
253,1648.67,1004.56,633.2199999999998,130.67000000000002,125.23,89.03,82.81,78.61,86.66,55.0,70.9,80.62,56.31999999999999,77.88,62.95,70.69,49.71,37.17,26.2,25.91
254,1683.9800000000002,836.16,669.0899999999998,134.04000000000002,98.04000000000002,112.8,106.68000000000002,141.09999999999997,41.22,88.5,105.4,67.81,61.24,87.57000000000002,77.97,48.88,47.47,35.75,42.48,35.77
255,1738.5599999999995,886.74,598.97,114.61,103.48,119.48,114.65,180.72,39.7,80.71,84.61,83.35,88.30000000000003,39.35,59.46,55.78,56.13,44.53,44.54,54.22
256,1723.81,896.5600000000002,801.7899999999997,143.73000000000005,137.16,91.04,116.07999999999998,97.15,75.63,84.13000000000002,88.31,86.7,80.92999999999998,54.19,73.97,72.21,51.27,46.89,44.17,29.97
257,1889.61,724.46,623.4699999999998,149.23000000000005,139.19,106.52,80.24000000000002,76.22,82.34,63.28,63.34,51.41,62.07,76.16,58.44,45.93,61.16,18.38,38.11,19.73
258,1564.7600000000002,831.76,558.6999999999998,120.22,122.7,84.85,88.92,101.82,71.00999999999998,54.48,46.11,107.01,77.33,35.37000000000001,62.37000000000001,60.43,57.18,48.65,29.42,28.86
259,1850.12,838.42,476.63000000000005,106.47,147.64,84.59,70.88,36.67999999999999,85.05000000000003,77.57000000000002,61.51,95.11,104.57,83.27000000000002,53.59,78.02,57.22,24.01,27.98,19.21
260,1561.23,855.75,575.21,115.41,131.34,97.18999999999996,95.56,134.7,59.7,50.84,48.13,120.84,58.66,38.26000000000001,65.58,57.25,54.81,44.55,32.83,34.93
261,1532.3299999999995,757.57,769.96,134.03,121.77,135.84000000000003,60.93,31.06,142.03000000000003,52.85,92.22,84.6,64.31,247.79,56.36,81.58,39.98,49.46,33.4,40.05
262,1983.72,727.4200000000002,383.38,118.9,125.73,91.08,61.1,26.15,121.32,71.95,56.45,29.39,78.36,76.06,53.01,47.62000000000001,63.51,18.090000000000003,20.39,15.67
263,1730.7199999999998,1177.06,813.33,147.45,127.1,117.01,103.28,145.59999999999997,65.08,89.16000000000003,100.36,95.8,97.89,38.98,72.35,64.12,60.47,50.9,42.5,42.53
264,1527.9999999999998,840.14,697.0100000000001,141.34,139.46,95.21,68.76,19.48,140.78999999999996,46.5,97.96,116.75,79.53,260.77,59.49000000000001,94.53,39.44,48.55,47.40000000000001,36.14
265,1731.97,660.16,360.28999999999985,109.9,153.68,79.21000000000002,61.24,35.63,125.22,74.39,52.2,62.35,41.97,89.64999999999998,67.85,52.64,60.05,25.81,20.82,17.46
266,1443.0700000000004,799.39,721.9900000000004,112.98,111.9,133.11999999999998,90.41,77.78999999999998,78.97999999999998,95.05,90.63,69.57,77.32,38.77,60.17,45.94,46.39,43.25,27.46,34.61
267,1582.3,905.8,770.8499999999998,147.56,92.14999999999998,118.45,97.74,204.33000000000004,39.49,81.96,103.43,74.5,68.30000000000001,92.68,78.1,49.790000000000006,54.36,44.53,31.73,32.0
268,1784.76,935.4,664.4799999999998,116.29,102.3,144.60000000000005,136.03,210.61,34.17,125.51,103.75,89.29,70.11,50.13,58.25,47.36,55.48,39.34,40.82,53.85
269,1524.87,834.21,677.66,112.58,122.11,120.86,86.26,64.88,91.48999999999998,97.6,82.01,59.81,71.37,43.33000000000001,66.35,53.43,58.53,51.27,25.33,27.51
270,1737.4799999999998,1011.69,689.6100000000001,122.63,100.0,106.13,97.31000000000002,143.65,64.67,86.58,84.15,96.12,75.72999999999998,53.64,70.91999999999999,62.64,57.19,43.67,26.29,39.85
271,1385.7599999999998,753.49,463.84,119.92000000000002,114.79,116.93,71.50999999999998,77.14,81.45,83.91999999999999,67.71,69.07,42.81,27.559999999999995,56.15000000000001,53.02,50.46,41.59,15.69,31.16
272,1578.58,849.1700000000002,765.5400000000002,47.5,122.28000000000002,116.48,82.23999999999998,68.22,79.67999999999998,92.06000000000002,74.63,44.2,66.74000000000001,43.13,56.84,52.75,47.24,49.0,25.790000000000006,19.2
273,1627.6,745.0699999999998,587.8100000000002,80.15,116.29,162.26000000000005,57.34,23.43,140.12,125.99,58.31,21.64,34.89,31.84,61.82,54.32000000000001,56.65,47.57,19.98,35.92
274,1543.7199999999998,838.7800000000002,778.7900000000003,103.9,89.79,138.57,98.52,182.65000000000003,33.02,82.96000000000002,95.07,74.33,87.44999999999997,55.35,62.84,64.55,53.78,43.61000000000001,46.1,29.83
275,1671.1,831.0600000000002,762.9300000000002,101.47,124.79999999999998,87.22999999999998,105.54,46.13,85.1,60.62,73.2,80.37,133.75,66.8,70.98,66.57,65.53,37.48,47.59,21.97
276,1432.7300000000002,626.15,478.85,111.81,115.23999999999998,86.78,62.99000000000001,45.14000000000001,119.63,53.25,73.28,160.45,66.32000000000001,140.1,51.01,53.32,52.24,27.930000000000003,31.72,22.65
277,2218.94,897.21,383.44000000000005,126.76,146.97,78.01,91.69,76.58000000000001,83.25000000000001,57.58,61.46,145.47,132.15,52.93,56.36,71.89,68.9,26.18,25.07,23.56
278,1491.64,757.06,524.34,90.33,121.96,124.49000000000002,73.65,104.04,80.82,80.91000000000003,68.15,82.66,51.76,41.6,63.88,49.19,49.96,41.56,19.73,34.14
279,1810.6,725.0,331.4,44.4,125.59,105.93,68.55999999999999,80.60999999999999,90.63,87.81,57.55,84.56,41.94,52.26,54.24,62.12,58.58,27.35,18.520000000000003,28.39
280,1597.8299999999995,705.62,449.46,163.96,153.71,68.63,75.08,25.81,108.66,53.5,29.25,9.83,15.62,66.67,67.88000000000001,53.21,53.17,14.01,26.86,17.15
281,1746.7900000000004,866.01,460.23,124.31,131.42999999999998,107.39,85.72,139.85000000000002,67.53999999999999,73.93,73.96,111.36,140.85000000000005,62.1,54.87000000000001,77.43,68.08,19.12,36.05,34.03
282,968.4,904.38,427.91,182.49,42.29999999999999,56.3,52.6,245.1,15.21,17.4,46.18,47.21,45.50999999999999,29.77,59.28,29.9,27.15,30.78,18.53,9.0
283,1676.0,977.36,665.4600000000003,139.22,117.08,107.69,86.19000000000003,102.97,73.87,89.40999999999998,103.18,81.65,78.92999999999998,76.4,70.04,51.35,57.56,48.27,27.86,31.34
284,1715.1,654.9300000000002,456.27,97.17,108.45,57.67,57.12,27.09,80.35000000000002,49.84,50.12,40.11,48.2,52.34,51.28,38.66,55.07,28.38,19.96,12.9
285,1420.88,735.25,606.48,62.51,136.62,123.5,72.19,25.05,133.3,73.41,82.58,61.07,106.59,141.92000000000004,57.52,74.86,41.64,42.42,33.75,32.82
286,1795.38,854.66,734.35,100.57,96.74,111.68999999999998,96.38,144.23,46.27000000000001,65.67,64.94,79.05,61.36,50.37,56.43000000000001,49.46,45.83,34.35,46.15000000000001,47.63
287,1764.4699999999998,1011.71,652.72,110.51,96.32,111.32,103.22,152.4,66.64,84.30999999999997,82.78,108.61,121.58,45.35,59.55,68.14,52.15,34.08,45.51,37.7
288,852.75,571.24,459.19000000000005,67.67999999999999,128.13000000000002,59.09,41.71,82.38000000000002,53.33,35.85,21.26,47.61,21.05,36.040000000000006,41.03,57.79,27.39,16.75,12.04,16.45
289,2173.55,789.25,268.25,121.7,215.38000000000008,52.59999999999999,58.87,25.01,130.45,100.64,21.85,26.99,7.439999999999999,67.33,76.03999999999998,79.78999999999998,53.19,16.889999999999993,13.78,13.45
290,1676.13,784.04,485.98000000000013,127.99,163.29,73.38000000000002,65.04,22.11,109.41,72.75999999999998,35.92,19.72,18.7,78.83000000000001,61.96,57.89,43.18,19.73,16.53,16.16
291,1787.7299999999998,689.82,607.73,123.8,163.88000000000005,71.01,79.60999999999999,48.27,78.35000000000002,43.12000000000001,57.01,94.08,80.24,58.63000000000001,52.3,66.69,44.96,25.98,33.22,12.35
292,1547.7800000000002,706.73,485.9,95.18,141.99999999999997,124.35,62.41,54.14,149.88,51.14000000000001,86.53,225.24,90.93,203.67,49.68000000000001,109.87,45.12,34.919999999999995,42.89,32.62
293,1581.61,670.67,565.53,102.23,118.9,82.42,84.36000000000001,77.31,55.17999999999999,98.73,58.48,43.25,33.55,69.35,56.19,82.18,47.32,44.74999999999999,32.03,19.67
294,1656.2099999999996,960.27,439.7000000000001,127.22,101.77,82.45,106.05,233.39,47.62000000000001,61.03,72.45,113.55,40.28,53.12000000000001,63.1,64.05,49.81,38.89,44.38,16.5
295,1783.4000000000005,488.68,304.85,33.61,134.49,100.25,44.58000000000001,24.200000000000006,148.64,94.54,38.34,31.47,15.5,38.37000000000001,18.69,30.78,53.32,34.29,10.24,21.4
296,2058.98,1044.46,976.64,171.38,180.99,120.78,103.91,112.95,66.34000000000002,108.07,92.47,90.06,78.22,58.12,81.15,71.19,60.41,62.81999999999999,34.58,34.41
297,1389.0700000000004,726.66,787.5,132.51,119.15,80.54,81.31,40.0,91.04,49.17,62.96,63.32,116.1,63.69,51.33,50.6,53.27,24.28,30.91,20.39
298,1916.22,887.97,667.8900000000001,64.15,107.21999999999998,131.48,85.57,102.02,83.83999999999997,109.06,84.72,117.5,65.99,54.01000000000001,58.19,54.92,75.3,47.1,46.58000000000001,38.94
299,1920.69,829.1800000000002,533.73,49.62,102.34,107.72,97.28,131.18,41.18,84.69,64.3,100.76,93.71,86.06,56.01,53.14,50.7,35.26,54.86,20.59
300,1679.14,705.3100000000002,529.7800000000002,135.28,103.47,82.08,71.28,79.22999999999998,73.56,60.91,68.09,68.11,41.97,108.48,60.94,43.81,58.04,24.71,40.22,21.43
301,1471.3100000000004,879.14,540.47,49.49,109.79,95.92,106.31,59.15000000000001,72.96000000000002,67.38,84.76,78.16,85.22,78.09,49.31999999999999,62.95,58.09,36.16,44.03,21.05
302,2053.96,833.03,852.69,157.4,175.75,122.82999999999996,101.81999999999998,96.39,79.75,136.33,79.48,48.4,40.79,89.14,73.28999999999998,63.21,61.96,51.27,35.23999999999999,24.76
303,1599.74,792.39,400.57000000000016,90.84,149.42,121.5,77.03999999999998,50.98,100.49,97.69,73.59,42.56,59.23,55.77,52.32,45.57,46.94,32.37,13.7,22.28
304,1594.1899999999996,866.9,572.9400000000003,128.18,90.5,120.47999999999998,79.17,94.02000000000002,78.1,75.4,75.19,43.91,52.23,77.00000000000001,58.86,49.98,51.1,31.06,28.28,34.43
305,2050.29,865.23,710.7699999999999,197.43,238.27,83.81000000000002,90.16,33.64,129.76000000000002,53.51,73.79,59.71,73.33,111.32,56.43000000000001,84.11,105.04,17.16,44.84,16.84
306,2138.67,804.87,547.3300000000002,180.69,267.31,81.8,91.62,58.91,139.23999999999998,72.06000000000002,85.83,48.1,31.09,95.53,65.63,96.65,87.05,13.42,65.14,17.59
307,1738.44,951.02,929.4,119.17,115.49,110.65000000000002,74.81,68.13,79.72999999999998,102.12,80.27,56.61,47.55,31.66,61.48,56.76,42.37,35.97,21.86,32.01
308,1588.85,999.48,753.07,152.6,119.12,136.46,119.76,181.93,63.89,73.88,98.93,91.83,94.72,49.31,71.12,63.4,60.72,39.77,54.66,47.1
309,1778.48,831.21,868.48,138.74,166.97000000000003,119.21,85.21000000000002,42.75,97.28,101.01,90.18,46.23,44.49,82.76,78.2,51.92,60.65,51.47,20.72,23.26
310,1713.3599999999994,980.83,712.43,142.76,114.82,138.35,86.38999999999999,99.05,85.94,110.83,92.11,76.9,49.58,66.81,64.14,57.2,56.75,40.89000000000001,22.45,35.75
311,1652.9899999999998,886.0899999999998,742.3500000000001,117.99,132.37,78.09,84.95,32.15000000000001,87.02000000000002,95.77,63.5,44.76,51.40000000000001,65.47,69.43,43.85,51.76,52.37000000000001,18.55,21.75
312,1576.78,803.23,713.67,143.43,128.48999999999998,116.07,70.69999999999997,14.09,154.55,69.03,97.4,67.5,63.01,214.26,63.21000000000001,62.12000000000001,43.79,40.58000000000001,42.91,39.8
313,1738.3199999999995,843.9,733.05,127.66,107.47,112.99,78.75,107.26,60.88,73.29,69.05,83.74,61.27,41.290000000000006,53.3,61.57,64.35,33.75,26.26,34.95
314,1509.93,712.24,252.0,55.99,111.95,113.45000000000002,89.76,137.0,64.02,92.17,57.12,117.25,34.09,18.6,56.72,51.53,61.86,38.25,15.15,55.17
315,1400.9499999999996,751.72,596.85,100.97,96.2,161.47000000000006,74.42,72.21,109.72,95.33,90.72,83.06,70.52,99.29,60.9,59.14,42.45,58.52,22.08,66.57
316,1575.11,538.3100000000002,336.16000000000014,113.16,157.76,105.28,52.66,30.82,106.22,75.38999999999999,57.59,19.97,48.54,85.36999999999998,46.41,31.75,64.65,25.54,14.47,18.49
317,1778.53,1077.63,705.58,146.21,113.01000000000002,118.02000000000002,109.54,200.08,34.78,65.83,70.65,80.02,69.42,48.25,60.76000000000001,58.13,54.35,32.99,48.47,24.73
318,1891.63,1090.12,539.9200000000002,123.35,121.16,89.1,109.4,154.62,71.53999999999998,81.64999999999998,82.91,162.97,114.18,51.66,65.0,106.78,53.17,37.96,34.35,35.99
319,1616.27,683.53,370.63999999999993,125.98,114.95,86.83,52.10999999999999,50.59000000000001,107.48000000000002,60.35,62.68,102.59,55.94,102.33,55.86999999999999,56.36,56.85,28.67,26.72,18.86
320,1511.4699999999998,729.69,566.78,50.58,122.06,120.71,70.49,54.75,94.89,102.51,78.22,35.07,28.99,49.49,64.17,36.6,69.64,37.84,11.91,24.55
321,2003.04,779.72,552.4599999999998,151.02,191.17,110.20000000000002,88.39,71.25,110.2,76.59,67.86,90.62,57.31,89.38,54.55,54.74,81.07,31.200000000000006,32.94,27.68
322,1824.04,705.62,494.68,117.8,155.22000000000003,118.02,74.73,90.48,80.76,87.94999999999997,62.33,82.08,62.57,43.12,48.53,52.26,62.58,33.36,27.700000000000006,19.54
323,1209.64,709.12,260.46,135.47,51.35,39.540000000000006,62.23,160.46999999999997,28.349999999999994,30.12,31.21,49.86,70.12,33.99,52.69,40.66,29.17,23.340000000000003,20.11,10.38
324,1460.9,802.78,648.93,138.12,130.59,98.39,68.49000000000001,38.71999999999999,79.33,63.81,70.92,50.67,61.31,66.57,61.66,40.81,56.99,38.67000000000001,21.69,17.48
325,2124.09,840.9399999999998,316.86999999999995,109.02,121.67,75.76000000000002,71.93,60.53,123.83,76.31,53.09,102.16,67.39,105.85,60.52,73.97999999999998,51.04,23.340000000000003,21.43,20.31
326,1828.46,747.89,480.24,124.37,156.61,85.5,75.51,81.23,88.94,58.58000000000001,60.83,98.68,58.29,50.78,59.6,71.65,56.91,35.26000000000001,28.42,23.36
327,1638.83,1023.11,896.5899999999998,143.6,111.40999999999998,121.28,113.35,182.83,46.22,80.86,105.13,112.16,108.91,39.26999999999999,66.78,63.77,56.4,49.59,48.65000000000001,48.69
328,2100.75,727.04,574.64,149.05,195.3,111.10999999999996,69.75,64.13000000000001,115.82999999999998,92.19,59.13,47.51,28.92,74.9,50.86,54.86,51.64,30.18,24.2,20.62
329,1728.2900000000004,849.24,1053.4199999999996,179.44,179.76999999999995,101.8,98.64,47.90000000000001,117.58,82.27,114.14,41.52,52.05,101.85,85.93,48.04,83.56,39.57,48.3,22.01
