,EEF1A1,NPM1,PTMA,TMSB4X,HNRNPA1,TPT1,PPIA,SCGB3A2,PABPC1,GNB2L1,HSP90AB1,NACA,TUBA1B,HMGA1,NCL,HNRNPA2B1,SET,GABRP,NAP1L1,HNRNPC
0,13252.92,5733.909999999999,3840.74,5815.580000000001,3521.190000000001,2913.69,2601.83,587.8299999999999,2131.9599999999996,2255.2500000000005,2213.3599999999997,1955.3,1586.3500000000001,1472.39,1689.82,1590.94,1276.8100000000004,495.85,1221.93,1301.9599999999998
1,13993.789999999999,4813.670000000001,6000.689999999999,4536.7699999999995,3220.4200000000005,3297.3999999999996,2406.6600000000003,10627.1,2418.25,2047.2599999999995,1931.81,1889.78,1404.3899999999999,1512.42,1381.83,1214.07,1345.19,3851.85,1169.64,1149.49
2,11000.52,4036.79,3277.4700000000007,4241.540000000001,2951.11,2758.9600000000005,2224.73,1770.8300000000002,2487.07,2235.7100000000005,1812.6699999999998,1763.06,1881.5600000000004,1560.6699999999998,1288.2799999999997,1269.47,1078.48,970.2499999999999,1174.78,1546.21
3,11161.8,3986.65,3802.8800000000006,5710.86,2883.6600000000003,2791.1100000000006,2889.6600000000003,2695.38,1825.8300000000002,2484.5499999999997,1884.17,1559.1199999999994,2209.5199999999995,1796.48,1274.42,1424.56,980.24,1267.5100000000002,881.0699999999998,1303.7000000000003
4,11258.34,4366.899999999999,3387.5400000000004,3292.53,2913.1600000000003,2920.1,3309.9799999999996,2347.93,1917.2699999999998,2354.0700000000006,1983.1100000000001,1556.6000000000001,2155.8200000000006,1840.2000000000003,1589.69,1660.0500000000002,1163.5700000000002,1269.1,931.47,1454.2999999999997
5,12810.689999999999,4095.5300000000007,3790.59,3974.07,3164.61,2952.1499999999996,3185.7,5865.59,2087.5000000000005,2917.86,2033.85,1653.35,2043.7900000000002,1851.8300000000002,1223.13,1377.93,1016.8000000000002,2867.36,893.2699999999998,1207.0700000000002
6,13952.369999999999,5251.969999999999,5899.440000000002,3264.55,3033.45,3028.67,2778.8100000000004,6539.7,2682.6400000000003,2214.54,2652.9900000000002,1975.74,1645.4399999999998,1823.4699999999998,1858.74,1552.0900000000001,1702.04,3051.03,1381.1699999999996,1325.63
7,15444.440000000002,5414.43,6291.380000000001,4978.96,3643.52,2990.32,2939.6299999999997,1915.9099999999999,2699.0199999999995,2643.24,1914.1699999999998,2101.35,1872.64,1940.66,1686.5200000000002,1595.99,1724.7,911.33,1461.0699999999997,1386.7200000000003
8,13168.820000000002,3642.26,5560.399999999999,8406.26,3187.85,3140.4,2686.1600000000003,5540.57,2019.2800000000002,2285.77,1662.84,2061.810000000001,1535.7900000000002,1363.7399999999998,1302.39,1360.4500000000003,1382.99,1988.6999999999998,1286.2,1021.5599999999998
9,9437.21,4385.43,3685.11,2337.3799999999997,3121.14,2608.69,2763.5,1091.21,2598.56,1963.2400000000007,2009.77,1669.87,1812.0,1530.62,1916.4400000000003,1761.34,1437.69,570.96,1291.64,1239.07
10,13198.240000000002,4684.8099999999995,3926.99,3300.36,3324.43,2906.4900000000002,3121.7699999999995,4928.900000000001,2811.79,2532.69,2014.23,1787.1499999999999,1854.03,1868.25,1685.4299999999998,1803.3400000000001,1591.13,2009.68,1310.74,1253.9700000000003
11,14218.700000000003,4842.330000000001,5074.9800000000005,4901.4800000000005,3117.84,3738.08,2677.73,2206.47,2554.9999999999995,2538.2200000000003,1485.3,1963.0500000000004,1925.0400000000002,1559.82,1029.35,1251.9699999999998,1153.03,1102.0499999999997,1230.6499999999999,1317.9500000000003
12,13555.78,6210.260000000001,5136.23,3575.75,3425.04,3148.83,3280.1000000000004,947.47,2312.86,2202.25,2272.4100000000003,1807.4700000000005,1733.9700000000005,1749.53,1636.15,1782.58,1415.2799999999997,656.4499999999999,1272.3000000000002,1490.21
13,14671.66,4682.02,5883.61,4940.790000000001,2981.5499999999997,3506.16,2540.21,3415.66,2642.5799999999995,2592.1800000000003,1572.02,1911.0499999999995,1719.4199999999998,1588.4899999999998,1005.45,1255.29,1146.6200000000001,1576.9900000000002,1171.4900000000002,1223.6899999999998
14,15082.74,5216.82,4193.13,3471.17,3715.9700000000007,3983.93,3150.24,253.45000000000002,1722.5299999999997,2190.8500000000004,1777.69,2206.81,1816.9099999999999,1353.31,1260.7699999999998,1705.1599999999999,1038.45,190.75,1282.2500000000005,1564.97
15,13394.199999999999,4348.330000000001,4054.2599999999993,4661.43,3225.36,2508.3799999999997,2247.83,1326.52,2491.7200000000003,2465.7899999999995,1896.3,1848.07,1782.23,1865.2299999999998,1196.98,1305.12,911.0200000000001,750.4900000000002,1124.89,1157.1299999999999
16,8690.57,3461.8000000000006,1843.5100000000004,2994.31,2183.92,1954.2299999999996,2120.7899999999995,1511.15,2800.4099999999994,1878.9099999999994,1959.4999999999998,1164.6799999999998,1488.74,1423.8000000000002,1612.46,1212.3400000000001,1029.42,829.2799999999999,1115.4899999999998,928.96
17,13709.019999999999,5374.959999999999,4951.820000000001,4074.97,3643.3799999999997,3140.4600000000005,2949.1399999999994,6699.95,2454.34,2323.0399999999995,1990.0100000000002,1934.9399999999996,1677.33,1703.93,1784.0,1723.1399999999999,1623.1699999999998,2650.57,1392.37,1185.5500000000002
18,12161.07,4982.06,5195.62,3986.2799999999997,3573.4500000000003,2923.8,2843.1600000000003,2424.5699999999997,2206.0100000000007,2281.4300000000003,1816.6499999999999,1870.24,1838.8999999999999,1654.9099999999999,1771.3799999999999,1943.54,1768.25,1003.42,1348.2500000000002,1359.88
19,13381.71,4345.110000000001,5652.200000000001,10303.939999999999,3237.5499999999993,3013.07,2416.82,3880.3,1959.1,2189.2100000000005,1506.77,1858.8899999999999,1582.2,1250.36,1110.85,1295.8100000000002,1092.69,1822.93,1175.1999999999998,1165.8899999999999
20,11640.02,5096.679999999999,6130.09,9049.230000000001,4244.670000000001,3622.2200000000003,2858.89,3068.66,2467.98,2345.03,1567.25,2898.8299999999995,1721.9299999999998,1131.4800000000002,1404.64,1757.45,1217.1300000000003,1465.1000000000001,1450.4299999999994,1178.52
21,15109.279999999999,5029.040000000001,4742.499999999999,5848.83,3619.4900000000002,2945.73,2661.15,3016.12,2670.7500000000014,2449.819999999999,2094.54,1974.34,1836.91,1819.19,1660.6100000000001,1583.2099999999998,1487.1,1375.6799999999998,1463.2099999999998,1154.8899999999999
22,14818.37,5349.95,4268.179999999999,3237.8999999999996,3367.52,3259.1000000000004,2965.2799999999997,1400.7200000000003,2352.9799999999996,2403.2699999999995,2171.5899999999997,1870.9600000000005,2025.18,1826.53,1804.6,1414.31,1480.9499999999998,737.3,1309.1999999999998,1237.94
23,2580.1499999999996,1555.05,7406.379999999999,1231.9499999999998,861.25,1073.3999999999999,845.88,695.68,1560.1399999999992,811.6,554.3100000000001,477.13,320.13,244.41,368.0,597.4699999999999,506.33000000000004,490.52,621.75,852.0900000000001
24,22175.0,5457.3099999999995,3336.5699999999997,5203.549999999999,2593.8500000000004,5337.660000000001,3678.7,360.8,1641.1300000000003,2804.5700000000006,1612.64,1979.5,2427.2099999999996,1134.19,643.4,813.2700000000001,864.34,175.38,1389.27,1685.5499999999997
25,12321.78,4363.050000000001,3565.99,3834.08,2949.9999999999995,3179.2899999999995,2838.6000000000004,664.94,1701.8400000000001,2232.2599999999998,1960.71,2038.1099999999997,1769.2799999999997,1580.6899999999998,1163.48,1344.6399999999999,908.99,477.34000000000003,1024.1200000000001,1413.0199999999998
26,12968.36,5866.830000000001,4719.859999999999,3066.81,3615.05,2891.7299999999996,3475.23,4719.72,2939.6800000000003,2589.0399999999995,2420.6699999999996,2118.25,1996.01,1975.19,2129.88,1858.43,1853.51,2306.01,1454.45,1339.1000000000004
27,15383.05,4904.660000000001,4229.240000000001,3534.77,2882.1100000000006,3428.8599999999997,3093.18,4889.330000000001,2063.06,2674.1800000000003,2037.33,1793.84,1840.4699999999998,1842.7200000000003,1402.1399999999996,1404.9099999999999,1164.2599999999998,2537.87,1000.2299999999998,1285.8200000000004
28,8393.83,5085.7,4046.8900000000003,4019.8199999999997,3468.1600000000003,3477.46,3618.120000000001,1344.73,2718.0600000000004,2606.32,1511.4,2405.1999999999985,1958.0100000000004,1207.39,1727.87,1388.68,1011.68,676.52,1107.69,1372.7600000000002
29,14203.26,5572.009999999999,5592.97,5734.3099999999995,2899.4399999999996,3019.13,2986.0,4131.910000000001,2773.6099999999997,2045.1400000000003,2190.5,1735.03,1598.9399999999996,1744.86,1433.2100000000003,1549.7699999999998,1558.5099999999998,2093.68,1281.5600000000002,1303.89
30,13776.91,4718.27,4802.970000000001,3742.37,3776.0700000000006,2938.59,2772.3599999999997,3327.24,2288.2999999999997,2501.09,2173.3999999999996,2185.18,1814.09,1708.77,2022.45,1759.6899999999998,1710.6499999999996,1431.45,1349.9199999999998,1195.6400000000003
31,12457.15,4680.830000000001,4291.71,3492.92,3292.1500000000005,3004.47,2623.08,1300.72,2363.99,2199.4100000000008,1814.6299999999999,1965.1200000000001,1933.61,1547.7299999999998,1552.8300000000002,1513.89,1469.8300000000002,633.78,1325.1899999999998,1273.7400000000002
32,9832.49,3924.33,4243.540000000001,3331.93,2476.89,2487.72,2240.23,3737.14,2641.3600000000006,1894.8499999999997,1577.54,1757.7800000000004,1344.4399999999998,1243.6299999999999,1266.8400000000004,1126.34,1117.3300000000004,1777.3500000000001,1299.3499999999995,1070.2899999999997
33,12831.259999999998,4828.23,4704.59,3649.84,3588.2199999999993,2621.13,2565.1500000000005,1316.24,2439.48,2210.5999999999995,1867.1499999999999,1884.7599999999995,1845.21,1553.8000000000002,1564.74,1678.62,1596.18,640.29,1270.2299999999998,1275.6
34,13248.940000000002,4627.639999999999,4725.399999999999,4888.73,3645.7400000000002,2765.9,2811.5200000000004,5024.0199999999995,2419.0199999999995,2597.1,2138.0800000000004,1974.8900000000003,1728.8899999999999,1669.84,2044.0399999999997,1673.92,1572.2599999999998,2248.2999999999997,1462.7700000000002,1083.33
35,20870.36,5025.09,2691.409999999999,4610.929999999999,1987.95,3961.28,3960.1099999999997,485.3400000000001,1639.1599999999996,3203.57,1596.9200000000003,1817.31,2644.129999999999,1383.25,479.6000000000001,617.8199999999999,670.1400000000001,237.44,875.7,1772.5900000000001
36,11482.539999999999,5048.970000000001,4096.57,3430.7,3032.3100000000004,2800.36,2976.41,3203.81,2528.71,2043.1,2065.34,1564.03,1964.79,1665.2200000000003,2023.7399999999998,1798.3400000000001,1724.2900000000002,1421.26,1227.2299999999998,1409.1899999999996
37,12318.359999999999,5057.62,4347.91,3302.2099999999996,3133.0200000000004,2948.1599999999994,2701.4299999999994,2729.6900000000005,2626.2400000000002,1962.62,2161.54,1711.5,1671.05,1685.4300000000003,1821.9200000000003,1527.5299999999997,1517.1100000000001,1396.1899999999998,1323.3600000000001,1132.9700000000003
38,13269.56,3877.51,4214.309999999999,8921.380000000001,2913.0300000000007,2669.7399999999993,2172.19,1397.7199999999998,2010.99,2426.7299999999996,1828.3999999999999,1893.7499999999998,1702.3600000000001,1697.8400000000001,1001.2899999999998,1158.8,855.07,894.25,1014.02,1219.76
39,11780.07,3854.7799999999997,3707.19,4004.33,3070.56,2647.35,2658.62,5670.700000000001,2295.67,2576.3199999999997,2022.52,1584.4700000000003,1908.7700000000002,1890.81,1161.9999999999998,1361.67,934.96,2698.66,988.5799999999999,1146.1400000000003
40,12342.800000000001,4529.64,3933.6200000000003,4771.78,3008.5199999999995,2921.8099999999995,2978.08,1171.1399999999999,2057.1699999999996,2370.2999999999997,2061.8500000000004,1910.8,1979.4500000000003,1670.87,1243.9,1456.76,1047.3400000000001,707.7000000000002,995.3000000000001,1416.06
41,14850.300000000003,4753.389999999999,5212.540000000002,7392.469999999999,3713.0399999999995,2910.6299999999997,2563.39,3640.58,2407.22,2742.67,2087.42,2326.9399999999996,1765.16,1625.93,1542.8599999999997,1531.84,1568.96,1561.6099999999997,1421.86,1211.3500000000001
42,10022.25,3864.9399999999996,3179.149999999999,3621.3599999999997,2320.4700000000003,2709.05,2782.65,1522.7300000000002,2103.4699999999993,1863.4900000000005,1731.1499999999999,1189.6,1847.7300000000002,1333.6200000000001,1512.31,1156.9500000000003,1160.0400000000002,703.99,1005.32,1173.38
43,13656.92,4900.76,4992.300000000001,4298.5199999999995,3371.6400000000003,3269.1399999999994,2942.23,2226.52,2209.86,2192.9400000000005,2097.7999999999997,1994.5900000000001,1953.05,1886.5600000000002,1722.4199999999998,1512.4599999999998,1595.66,1041.7,1403.4999999999998,1158.8200000000004
44,11443.159999999998,5823.800000000001,4602.669999999999,3514.95,3558.5099999999993,3168.14,3103.93,2235.17,2159.64,2110.65,2209.42,1852.3600000000004,1908.5800000000002,1618.3500000000001,1821.3299999999997,2074.51,1393.9400000000005,1371.72,1326.9099999999996,1511.2200000000005
45,8819.890000000001,3699.6499999999996,3500.2099999999996,3340.49,2643.0099999999993,2327.49,2463.71,4672.21,2266.9599999999996,1810.44,1814.24,1217.2299999999998,1665.8999999999999,1237.0200000000002,1770.4299999999998,1309.64,1240.26,1954.78,1014.3599999999998,1066.8299999999997
46,18910.75,5625.320000000001,3419.4400000000005,5078.420000000001,2175.9700000000003,4620.07,4751.59,2023.15,1760.1499999999994,2536.94,1638.27,1713.25,2347.32,1504.1200000000001,894.7099999999999,857.0999999999999,1007.02,966.06,1243.21,1702.0700000000006
47,15243.729999999998,4985.7699999999995,6053.639999999999,5648.17,3292.25,3133.94,2722.3300000000004,3930.2999999999997,2396.0699999999997,2244.74,1900.08,1909.3800000000003,1636.78,1594.5099999999998,1415.97,1517.7599999999998,1471.94,1474.1700000000003,1367.4800000000002,1263.79
48,13975.88,4883.280000000001,4756.609999999999,5462.26,3264.9800000000005,2978.81,2735.9,8049.85,2573.9499999999994,2415.1499999999996,2062.8300000000004,1931.3000000000002,1573.45,1594.73,1326.57,1304.64,1341.39,3340.7999999999997,1262.14,1227.2800000000002
49,11476.23,4833.219999999998,4013.1200000000003,3523.59,3148.26,2838.77,2730.6400000000003,3638.06,2519.42,2094.2299999999996,2102.85,1509.79,1876.1699999999998,1669.53,2024.2199999999998,1677.7300000000002,1541.46,1775.6899999999998,1270.0699999999995,1250.99
50,13650.860000000002,5536.58,5051.359999999999,4907.67,3188.31,3107.3,2437.75,9182.23,2598.59,2341.51,1930.95,2038.6399999999994,1687.3200000000002,1455.11,1296.48,1226.05,1388.55,3014.6000000000004,1374.0700000000002,1166.8000000000004
51,12184.03,4735.63,3886.79,7276.360000000001,2395.47,3341.37,3516.56,4226.179999999999,1665.99,2303.9,1760.1699999999998,2097.92,2050.19,1812.52,1433.32,1422.2400000000002,1010.7299999999999,2305.43,944.6,1375.53
52,15565.67,5185.78,5259.58,8653.8,3701.0999999999995,3238.8900000000003,2722.9599999999996,2996.3700000000003,2846.870000000001,2411.4900000000002,1882.08,2203.54,1786.2900000000002,1557.1299999999999,1513.8500000000001,1602.9,1526.55,1446.5699999999997,1651.4999999999998,1223.7400000000005
53,11019.789999999999,3650.15,2746.3,2473.0399999999995,2574.3899999999994,2120.89,2689.28,2039.0300000000002,2760.82,2063.37,1892.9599999999998,1413.22,1906.52,1585.93,1310.5400000000002,1096.82,1051.73,992.02,1222.0199999999995,1076.15
54,9862.610000000002,4678.2300000000005,3036.3299999999995,3079.7799999999997,3103.9500000000003,2904.9999999999995,2624.75,2075.46,2161.05,2153.6000000000004,2112.65,1651.8,1951.9700000000003,1731.4799999999998,1750.6299999999999,1477.75,1194.26,1243.25,1133.3100000000002,1305.5800000000002
55,12446.060000000003,4891.820000000001,3767.380000000001,2854.31,3394.8300000000004,2936.7900000000004,2525.92,725.68,2430.5900000000006,1943.59,1987.22,1953.74,1868.2100000000003,1627.29,1573.86,1342.1,1337.6999999999998,424.36,1339.48,1233.6599999999999
56,14899.53,4585.71,2846.1600000000003,4825.26,3685.94,3244.48,2621.65,1035.93,2371.91,2975.3599999999997,2001.54,2387.0299999999997,2467.1799999999994,1783.5400000000002,1544.3400000000001,1398.1699999999998,1215.96,567.1899999999999,1399.3000000000002,1246.5500000000004
57,11872.139999999998,4188.990000000001,3450.27,3503.83,2397.12,2091.8,2459.07,3183.42,3107.9600000000005,2062.2100000000005,1969.47,1531.1300000000003,1475.2200000000003,1701.01,1439.28,1024.97,1056.26,1581.6200000000001,1421.9999999999998,1029.9099999999999
58,14741.56,4489.349999999999,5446.28,9198.339999999998,3492.5200000000004,3048.03,2199.8399999999997,4036.2499999999995,2702.47,2389.6800000000003,1754.73,2022.7500000000002,1408.3400000000001,1537.8700000000003,1467.05,1520.6499999999999,1655.22,1655.3,1505.2800000000002,1122.5199999999998
59,13228.949999999999,4859.670000000001,4743.109999999998,3077.4,3621.0700000000006,2998.7900000000004,2532.13,2137.85,2689.47,2287.0699999999993,1873.0,1834.0399999999997,1794.3700000000001,1754.3200000000002,1596.7199999999998,1754.66,1694.94,921.7199999999999,1567.5099999999998,1361.2399999999996
60,11906.630000000001,5092.090000000001,4220.2699999999995,3689.17,3503.03,3069.6799999999994,2856.31,2308.88,3166.17,2383.7800000000007,1928.6399999999999,1957.6499999999994,1987.3200000000002,1866.0500000000002,1961.6300000000003,1590.19,1521.77,987.8900000000001,1319.5700000000002,1257.2700000000002
61,13257.83,5356.349999999999,6139.350000000001,4934.53,3514.4700000000003,3135.06,2527.1299999999997,4160.57,2839.1799999999994,2209.2699999999995,1750.85,2370.4500000000007,1336.16,1445.1599999999999,1504.5600000000002,1505.09,1515.37,1663.89,1399.1700000000005,1185.2999999999997
62,13356.890000000001,4817.670000000001,4455.16,5629.52,3314.7599999999998,2930.4900000000002,2416.59,2085.8599999999997,2475.0599999999995,2177.320000000001,1891.3600000000001,1803.46,1769.46,1618.94,1509.35,1472.75,1434.18,1061.3600000000001,1303.3999999999996,1094.45
63,12933.400000000003,5281.299999999999,4823.76,3620.92,3115.97,3033.640000000001,3160.27,1131.46,2112.0200000000004,2026.8200000000004,2025.26,1635.3500000000001,1808.9,1471.6599999999999,1682.1799999999998,1944.94,1427.9900000000005,772.13,1270.2199999999998,1426.5899999999995
64,15237.24,5037.2699999999995,5071.490000000001,4709.9400000000005,3157.3999999999996,3168.2100000000005,2767.18,2749.63,2220.2000000000003,2339.6900000000005,1831.1699999999998,1769.1899999999998,1955.1699999999998,1649.4,1246.5800000000002,1454.39,1395.52,1251.9299999999998,1301.8700000000003,1400.9800000000002
65,14352.400000000003,4770.449999999999,5459.9,7433.88,3350.98,2681.06,2638.51,5927.14,2649.8299999999995,2286.5699999999997,2251.92,1981.7800000000002,1618.02,1869.64,1789.5100000000002,1577.1,1618.04,2804.08,1339.77,1197.2600000000007
66,14076.08,5067.42,5165.789999999999,4838.169999999999,3485.32,3066.37,2736.0699999999997,4854.76,2635.020000000001,2150.6099999999997,2050.74,1982.7100000000005,1767.8,1719.55,1459.94,1473.96,1416.41,1947.65,1299.37,1224.73
67,16167.730000000001,5314.23,5013.9,3023.4900000000002,2935.2999999999997,3366.07,2567.78,7193.83,2761.24,2444.340000000001,2173.92,1797.67,1438.78,1757.1000000000001,1282.99,1169.21,1179.96,3748.71,1259.79,1213.83
68,11986.070000000003,4283.55,4803.400000000001,4591.869999999999,3315.24,2856.82,2649.93,5583.38,2098.4199999999996,2156.8799999999997,2148.99,1798.3999999999999,1553.97,1649.39,1892.0300000000002,1574.24,1699.09,2143.37,1147.1500000000003,1119.8599999999997
69,14399.0,4772.92,4842.37,3567.93,3345.0600000000004,2974.37,2323.37,3431.9100000000003,2456.63,2277.0299999999997,1804.1299999999999,1716.49,1749.4199999999998,1587.27,1328.4,1502.3000000000002,1428.77,1550.8400000000001,1315.7199999999993,1218.7600000000007
70,13977.11,5709.46,4581.330000000001,4841.780000000001,3381.0100000000007,2643.3900000000003,2596.28,1245.0399999999997,2675.08,2413.8999999999996,1939.38,2063.6,1528.83,1498.2,1520.1000000000001,1454.54,1464.8499999999997,631.5100000000001,1486.9700000000003,1361.6399999999999
71,13499.579999999998,5025.1799999999985,6699.5199999999995,4716.490000000001,3254.499999999999,3263.0499999999997,2787.6,13622.67,2392.919999999999,2829.41,1885.67,2217.0200000000004,1414.4399999999998,1598.1200000000001,1467.42,1262.64,1530.06,5128.759999999998,1300.5500000000002,1209.5
72,11178.19,5478.230000000001,5147.62,3882.2699999999995,3224.47,3201.169999999999,2987.7100000000005,2941.0600000000004,2481.08,2132.83,1838.67,1912.2500000000002,1873.8,1680.11,1537.9100000000003,1549.91,1355.71,1522.56,1214.8799999999999,1194.8199999999995
73,8920.510000000002,4499.469999999999,3032.5500000000006,3403.75,2927.58,2139.26,2492.45,5451.420000000001,2594.7000000000003,2080.4299999999994,2002.18,2033.1600000000003,1504.45,1905.81,1758.3199999999997,1412.3699999999997,1396.6299999999999,2379.84,1098.6499999999996,979.0899999999999
74,12509.900000000001,4157.2699999999995,5405.040000000001,2829.91,3289.210000000001,2845.34,2807.9999999999995,14002.289999999999,2412.66,2542.55,2117.19,2165.32,1545.26,1603.47,1988.3899999999996,1446.9299999999998,1701.5099999999998,5536.8,1217.7300000000002,1136.77
75,12656.949999999999,4545.86,3437.230000000001,4821.5599999999995,1795.85,4411.280000000001,3762.74,510.31,1446.0800000000002,1975.48,1137.1,1656.46,1805.5299999999997,920.16,610.8699999999999,645.3999999999999,667.93,285.96999999999997,1083.9800000000002,1513.7599999999998
76,13173.010000000004,5477.14,4678.629999999998,7047.41,3696.8099999999995,2969.22,2735.5400000000004,1962.27,2419.9099999999994,2144.7599999999998,2032.06,1953.1599999999999,1675.67,1518.61,1802.5499999999997,1853.2800000000002,1633.09,958.4300000000001,1411.41,1185.1399999999996
77,12157.67,5303.77,4700.580000000002,2506.16,3243.06,3062.859999999999,2747.9999999999995,3545.73,2855.4399999999996,2025.2500000000005,2051.7200000000003,1791.0799999999997,1754.49,1802.11,1627.8600000000001,1615.2499999999998,1475.78,1650.5700000000002,1424.0300000000002,1127.4800000000002
78,13075.57,4097.91,3443.07,3530.9700000000003,3238.3500000000004,3443.0099999999993,2910.8199999999997,305.0,1805.18,2569.06,1860.01,1872.89,2144.92,1695.45,1085.45,1363.9999999999998,941.5699999999999,217.42999999999998,1015.1900000000002,1289.19
79,12296.47,4337.150000000001,3737.1000000000004,2801.77,3095.9100000000003,2878.56,3116.7900000000004,1242.26,1730.6299999999997,2471.48,2117.95,1976.56,2123.37,1834.96,1343.8400000000001,1560.48,1091.4500000000003,718.3600000000001,1008.6700000000001,1430.8200000000002
80,12676.119999999999,6044.919999999999,4821.290000000001,2450.0299999999997,3582.4100000000003,3009.91,3093.359999999999,1896.97,2169.4900000000002,2023.64,2240.64,1805.09,1779.4300000000003,1641.5700000000002,1879.4400000000003,1990.38,1480.76,1128.2700000000002,1322.19,1430.3199999999997
81,15155.529999999999,5127.19,3117.6499999999996,5702.87,2774.13,4406.06,3453.92,1425.04,2269.28,2414.91,1489.8600000000001,2165.530000000001,2081.69,1574.85,1223.7600000000002,996.47,1052.17,694.8699999999999,1192.96,1251.24
82,13177.22,4130.4800000000005,6165.5,8636.23,3182.6000000000004,3234.05,2577.5,5105.15,2024.27,2348.5400000000004,1699.0500000000002,2149.1400000000003,1727.1499999999999,1345.2,1228.2600000000002,1444.06,1480.6599999999999,1879.7099999999998,1305.24,1293.0900000000001
83,13562.58,4582.55,4359.65,6593.71,3456.62,3220.14,2448.41,2574.7,2707.2300000000005,2324.7000000000007,2009.21,1967.3,1780.6700000000003,1798.4699999999998,1580.4399999999998,1450.6599999999999,1615.0299999999997,1221.94,1324.42,1127.7799999999997
84,12187.43,4206.53,5664.54,5898.84,2777.4199999999996,2639.58,2090.38,2992.1600000000003,2301.9100000000003,1929.9299999999998,1576.5400000000002,1722.4299999999998,1528.4399999999998,1418.25,1359.9499999999998,1199.0,1381.47,1302.85,1250.3500000000004,1039.1599999999999
85,13866.429999999998,5055.989999999999,4527.269999999999,2910.3,3281.1299999999997,3233.8900000000003,2883.0999999999995,3973.5699999999997,2879.9300000000003,2285.48,1938.34,1767.0999999999997,1667.8000000000002,1707.8700000000001,1642.4200000000003,1763.1800000000003,1526.6299999999997,1624.11,1377.8300000000002,1256.44
86,12519.8,5259.23,4720.36,5620.580000000001,3253.8,3049.21,3105.32,3189.8399999999997,2321.1,2242.0299999999993,1906.1100000000001,2049.9900000000002,1837.8899999999999,1635.1299999999997,1604.4,1680.1699999999998,1513.71,1494.05,1461.37,1284.5200000000004
87,9945.3,4162.41,2865.9300000000003,8328.33,2941.1800000000003,2935.23,2676.28,6516.76,1815.38,2159.3500000000013,1573.1599999999999,1620.03,1786.42,1381.85,1204.6399999999999,1303.52,912.2799999999999,3737.4799999999996,968.6200000000001,1223.26
88,14485.370000000003,5575.88,4883.450000000001,4487.790000000001,3656.93,3460.8,3451.7799999999997,2192.04,2370.58,2694.3999999999996,2210.52,2173.8,2100.93,1901.12,1831.42,1957.58,1863.9599999999996,951.9699999999999,1338.5699999999997,1430.4699999999996
89,13216.17,5537.139999999999,4492.510000000001,2916.93,3583.07,3136.32,2758.1800000000007,583.37,2096.7999999999997,2148.5800000000004,2036.67,1956.1599999999999,1729.3,1545.8999999999999,1677.6599999999999,1647.7299999999998,1363.83,415.3,1289.75,1299.54
90,13664.810000000001,4725.630000000001,4696.379999999999,2927.46,3646.560000000001,2915.29,2920.6299999999997,3780.98,2245.560000000001,2462.270000000001,1940.65,2035.2999999999997,1693.13,1679.55,1858.59,1770.4,1644.9099999999996,1753.3,1329.33,1178.5700000000002
91,13675.34,4034.04,4527.010000000001,4411.400000000001,3894.0399999999995,3029.82,2435.2099999999996,872.8299999999999,2263.53,2479.52,2032.99,1982.4799999999998,1974.2800000000002,1683.1699999999998,1770.3300000000002,1822.21,1664.98,514.08,1411.9199999999998,1101.8799999999997
92,11860.84,5776.52,4556.21,4049.96,3143.5900000000006,3148.38,3259.9999999999995,1960.12,2133.15,1982.3299999999995,2068.07,1652.8300000000002,1949.91,1683.6699999999998,1870.01,2044.78,1343.2900000000002,1318.0600000000002,1212.4299999999998,1524.43
93,13138.55,4432.1399999999985,3442.3500000000004,3026.9500000000003,3236.2599999999998,2631.84,2934.1800000000007,1293.11,2394.58,2775.2299999999996,2315.85,1688.6200000000001,1961.7999999999997,2007.6399999999999,1406.88,1426.88,938.8399999999999,803.2199999999999,1006.3499999999998,1272.4999999999998
94,12535.49,4457.17,3592.8700000000003,3036.8,2828.8100000000004,2792.87,2935.38,2861.6200000000003,2438.75,2293.9400000000005,2249.07,1487.7599999999995,1995.99,1836.4700000000003,1410.2199999999998,1558.02,961.4399999999999,1620.8100000000002,1023.3399999999998,1289.82
95,16734.5,5476.999999999999,5559.150000000001,6065.490000000001,3670.0699999999997,3009.7,2569.88,1148.0,2900.74,2484.0,2133.91,1978.1999999999994,1677.9799999999998,1863.6299999999999,1516.25,1494.8999999999999,1580.5500000000002,644.83,1526.9399999999998,1247.94
96,15226.14,5012.879999999999,4977.41,5237.5,3415.5,2903.6199999999994,2828.4100000000008,3582.8,2587.0200000000004,2204.8200000000006,1999.1100000000001,1712.9299999999996,1799.06,1758.99,1489.23,1590.5,1434.7000000000003,1469.42,1325.4099999999999,1214.5800000000002
97,10583.51,5258.32,5167.260000000001,6581.139999999999,3359.61,2932.48,3079.2799999999997,7183.53,2514.5099999999993,2172.25,1922.39,1836.6200000000003,1677.24,1595.19,1830.0200000000002,1820.21,1579.9799999999998,2837.9100000000003,1356.21,1255.06
98,13636.360000000002,4914.5,4655.580000000001,4869.7699999999995,3535.959999999999,3019.08,3083.2699999999995,3862.3900000000003,2380.58,2523.33,2248.07,2144.81,1891.0700000000002,1763.16,2157.65,1630.16,1728.95,1743.53,1359.95,1215.8600000000004
99,13148.45,5336.529999999999,4750.16,3361.33,3232.269999999999,3189.64,2841.4299999999994,2044.1699999999998,2553.94,2108.2299999999996,2164.44,1860.4699999999998,1773.48,1604.3899999999999,1585.8400000000001,1525.55,1510.52,1148.2799999999997,1355.5399999999997,1219.4900000000002
100,12043.560000000001,5601.579999999999,5971.289999999999,4300.82,3291.2900000000004,2942.6099999999997,2897.26,9384.749999999998,2384.2000000000003,2351.14,1921.4299999999998,2094.63,1501.5,1470.7099999999998,2005.7400000000002,1520.31,1602.98,3360.1099999999997,1246.31,1176.69
101,14553.179999999998,4984.92,5374.209999999998,9439.460000000001,3707.6900000000005,3175.5899999999997,2470.9499999999994,2022.79,2487.210000000001,2437.44,1864.1100000000001,2190.06,1668.34,1601.02,1518.0400000000002,1633.6399999999999,1602.0,962.02,1448.57,1147.7799999999997
102,12338.980000000001,4270.229999999999,4152.2,5029.9,3178.0,2987.94,2251.1899999999996,2411.3,2610.49,2155.42,1713.1100000000001,1615.06,1767.2100000000003,1384.57,1406.2300000000002,1464.92,1293.3799999999997,1102.86,1331.6299999999999,1126.43
103,14580.27,4197.2300000000005,5831.480000000001,8075.110000000001,3218.2900000000004,3285.41,2417.96,4659.1900000000005,2240.2500000000005,2342.6800000000003,1684.59,1985.7199999999998,1661.3799999999999,1600.28,1225.4299999999998,1265.71,1395.47,2083.4599999999996,1314.22,1066.6599999999999
104,12794.150000000001,5104.33,6363.82,8521.689999999999,3839.3199999999997,3321.31,2676.8499999999995,4205.3,2807.0600000000004,2326.250000000001,1766.19,2510.5099999999998,1735.0099999999998,1464.66,1495.3200000000002,1603.8,1447.6000000000001,1974.9399999999998,1430.0,1279.4100000000003
105,11862.4,5945.71,4735.5,5243.919999999999,3253.5299999999997,3007.2000000000003,3252.0600000000004,3668.6600000000003,1984.3900000000003,2006.5399999999997,2133.1099999999997,1776.8200000000004,1854.3999999999999,1624.19,1802.1599999999999,1836.9,1386.48,2011.96,1185.44,1369.4900000000005
106,13755.54,5572.09,3807.56,4534.469999999999,2787.130000000001,3686.4799999999996,3685.83,1614.11,2211.7200000000003,2506.07,2023.7599999999998,1821.6199999999994,2326.52,1837.96,1599.0500000000002,1253.53,1297.76,752.4399999999999,1164.8099999999997,1459.5200000000004
107,14352.94,5774.13,4630.150000000001,3634.64,3125.87,3246.38,3049.97,2554.34,1962.3900000000003,2194.65,1932.49,2231.7799999999993,1521.46,1537.0299999999997,1645.4099999999999,1452.6499999999999,1528.3600000000001,1257.6799999999998,1245.0299999999995,1296.18
108,14724.319999999996,4624.230000000001,5639.679999999999,4158.7699999999995,3977.55,3030.7000000000003,2695.43,3042.21,2469.9000000000005,2472.1199999999994,1958.39,1985.9599999999998,1783.26,1826.68,1739.7699999999998,1768.0800000000002,1813.48,1489.26,1510.0,1229.2100000000005
109,14412.029999999999,4881.110000000001,5457.670000000001,3289.2400000000002,3511.4199999999996,2920.42,2625.73,3735.7799999999997,2352.3,2516.0,2113.19,2094.6600000000003,1740.3500000000004,1898.57,1658.0,1668.77,1599.3899999999999,1773.3899999999999,1385.79,1210.3100000000002
110,10259.45,4160.36,3531.6,5451.77,2760.0,3120.3900000000003,2908.5,4676.860000000001,2003.88,2382.5299999999997,1937.8600000000001,1811.24,1721.63,1605.6999999999998,1313.78,1457.96,1095.3500000000001,2438.7,941.9699999999997,1354.9099999999999
111,14186.840000000002,5603.68,5330.88,4820.7699999999995,3173.95,2988.679999999999,2380.18,2549.3500000000004,2519.4899999999993,2020.88,1990.0299999999997,1870.6300000000003,1580.19,1594.1900000000003,1580.12,1689.71,1633.4199999999996,1169.17,1537.5499999999997,1435.9599999999998
112,12940.63,4593.89,3996.07,3114.58,3253.3999999999996,2541.7199999999993,2935.9500000000003,2442.36,2567.66,2355.0599999999995,1896.51,1651.2300000000002,2013.9399999999998,2042.22,1673.2699999999998,1573.9499999999998,1464.7700000000002,1238.2399999999998,1262.85,1275.6999999999998
113,10118.88,4255.300000000001,3910.98,3121.9900000000002,2694.1499999999996,2487.45,2306.05,3231.58,2611.73,1917.45,1634.92,1710.59,1410.5300000000002,1277.3400000000001,1421.52,1336.6299999999999,1217.33,1499.4599999999998,1348.9800000000002,1054.1799999999998
114,12969.169999999998,6076.680000000001,4645.929999999999,4822.01,2904.86,3052.65,3126.7500000000005,11303.460000000001,2582.1700000000005,2358.8300000000004,2817.9599999999996,1749.1099999999997,1424.8700000000001,1565.9499999999998,1653.4800000000002,1586.97,1329.8600000000001,5695.98,1012.04,1331.44
115,12887.83,3851.46,3498.2900000000004,4055.0,3195.5299999999997,3176.62,3082.1699999999996,485.49,1765.85,2556.830000000001,1806.1799999999998,1920.17,2107.4700000000003,1605.88,1204.29,1397.46,982.5400000000001,342.75,944.1500000000003,1347.31
116,13807.119999999999,5127.8099999999995,4609.599999999999,4764.22,3312.8599999999997,3034.35,2643.25,1828.19,2421.399999999999,2197.3,1944.28,1806.1099999999997,1857.7599999999998,1558.89,1603.06,1462.39,1372.1300000000003,921.2,1208.36,1256.3899999999999
117,6899.740000000001,3186.5499999999997,2786.4900000000002,3683.0500000000006,2298.34,2710.5400000000004,2439.5699999999997,2200.3,1201.24,1912.010000000001,957.6999999999999,1809.8999999999996,1729.75,1113.22,868.29,1144.34,682.0900000000001,984.16,765.19,1170.1399999999999
118,14844.499999999998,6016.46,4752.059999999999,3124.87,3434.92,3682.43,3633.2600000000007,1479.62,1841.7699999999998,2201.4,2065.2599999999998,1824.3100000000002,1945.0700000000002,1471.8900000000003,1535.91,1780.27,1256.2099999999998,849.5500000000002,1296.0500000000002,1544.9699999999996
119,10546.12,4924.52,8681.990000000002,6169.549999999999,3601.5499999999997,3768.1200000000003,2374.6799999999994,1157.3,2044.5,1739.0600000000002,1135.7,3339.419999999999,1116.16,491.57,901.43,1770.84,837.2500000000001,756.2599999999999,1662.5100000000002,1616.2800000000002
120,13363.240000000002,5337.78,4618.459999999999,3349.56,3652.940000000001,3248.81,3083.6800000000003,1802.73,2643.1000000000004,2416.9000000000005,2078.3900000000003,1927.9999999999998,1854.76,1705.3899999999996,1907.4399999999998,1754.1299999999999,1749.55,838.1899999999998,1537.73,1231.62
121,9125.009999999998,5384.5,6947.749999999999,7548.7699999999995,3814.9999999999995,3324.2199999999993,2353.1200000000003,2864.06,2350.9300000000003,1922.3,1484.13,2886.7399999999993,1289.9099999999999,605.81,1179.8600000000001,1844.37,954.7300000000001,1401.8899999999999,1694.6400000000006,1413.9199999999998
122,12940.789999999999,4668.95,6133.52,5100.37,3695.9199999999996,3024.9800000000005,2888.15,6394.63,2297.3599999999997,2576.3799999999997,1818.05,2220.5499999999997,1699.2499999999998,1652.3200000000002,1377.39,1734.8799999999999,1481.3300000000002,2781.23,1364.8600000000001,1248.25
123,14457.61,7194.259999999999,3980.9700000000003,3622.01,2811.2799999999997,3632.37,3739.8100000000004,2544.0899999999997,1828.1200000000001,2392.2799999999997,2122.23,2176.24,1917.1200000000001,1641.28,1374.8199999999997,1610.7400000000002,1110.37,1524.0399999999997,1168.9800000000002,1541.43
124,10558.909999999998,4685.850000000001,3399.52,2749.08,3224.1499999999996,2225.78,2581.34,3090.13,3291.5299999999997,2322.2,2469.45,1769.3400000000004,2027.6599999999999,2061.6099999999997,1931.85,1439.8700000000001,1391.1399999999999,1459.05,1315.0700000000002,1262.5700000000004
125,14136.929999999997,4174.580000000001,6169.37,5268.49,3028.99,3019.5,2542.1099999999997,9007.68,1995.9299999999998,2532.1600000000003,1874.84,2040.3200000000002,1504.8400000000001,1453.2900000000002,1467.48,1244.1899999999998,1387.7,3140.41,1113.1,1090.8799999999999
126,13136.319999999998,5316.0,5186.590000000001,3659.9700000000003,3295.520000000001,2922.63,3051.4800000000005,3702.2999999999997,2139.7,2013.8100000000002,1970.1700000000003,1763.1000000000001,1715.12,1604.72,1599.7599999999998,1808.5900000000001,1273.4499999999998,2108.0899999999997,1297.7099999999996,1314.13
127,10295.92,5003.61,6263.77,11455.75,3748.61,3245.15,2711.7,3237.9500000000003,2410.3199999999997,2252.69,1541.1399999999999,2530.9,1483.4,998.2,1277.79,1683.1499999999999,1077.4200000000003,1505.82,1554.3300000000004,1171.2800000000002
128,15383.34,4299.769999999999,4290.349999999999,4070.52,3868.0699999999997,3230.8799999999997,2319.74,1702.42,2502.6600000000008,2678.55,1908.82,2259.0200000000004,1831.38,1611.57,1439.3600000000004,1626.87,1469.8500000000001,962.96,1538.9899999999998,1246.4599999999998
129,13221.880000000001,4184.110000000001,5134.439999999999,4406.78,3479.7799999999997,2754.78,2654.28,3095.2200000000003,2548.7899999999995,2226.74,1944.94,1889.4900000000002,1521.02,1464.9199999999998,1542.2399999999998,1646.74,1561.32,1385.9399999999998,1450.2599999999998,1210.0300000000002
130,12698.480000000001,4696.570000000001,4806.669999999998,6084.009999999999,3493.5,2756.05,2864.43,7911.73,2437.65,2165.0099999999998,2244.62,1876.11,1808.2199999999998,1787.3799999999999,1878.4999999999998,1748.28,1699.1499999999999,3826.26,1446.66,1276.4299999999998
131,10758.88,4136.21,4194.22,2454.79,2851.2000000000003,2380.18,2422.4299999999994,4044.9100000000003,2250.43,2075.19,1923.3200000000002,1622.45,1591.1799999999998,1504.84,1598.93,1542.03,1354.2000000000005,1930.7399999999998,1361.2500000000005,1079.94
132,10234.52,4387.109999999999,4365.7300000000005,3503.7900000000004,2606.21,3005.0900000000006,3231.26,3189.19,2430.55,2235.26,1637.1899999999998,1740.2699999999995,1999.1100000000001,1641.3700000000001,1317.58,1441.4900000000002,1135.1499999999999,1589.5,1158.19,1393.81
133,14075.25,5604.660000000001,4871.339999999999,4357.1900000000005,3254.97,3395.7499999999995,3144.1099999999997,1559.5100000000002,1914.9200000000003,2128.24,1842.71,1929.6599999999994,1682.4,1597.0400000000002,1666.76,1596.88,1225.59,949.3200000000002,1240.27,1310.46
134,11640.3,4873.330000000001,3980.4700000000003,3194.5299999999997,3216.16,2816.0299999999997,3196.71,6059.4800000000005,2211.56,2409.51,1995.9,1896.55,1821.06,1436.71,1436.6700000000003,1775.45,1507.39,2825.06,1316.93,1310.3799999999999
135,19234.010000000002,5831.400000000001,4992.929999999999,8035.51,2653.4900000000002,4628.459999999999,3443.34,818.9000000000001,1630.7200000000003,2425.2899999999995,1709.5,1983.6099999999997,1930.3,1400.58,801.6500000000001,895.02,1036.9999999999998,429.21,1113.8700000000001,1597.3699999999997
136,17565.609999999997,5367.570000000001,5087.43,4685.910000000001,3050.3199999999997,3446.3999999999996,2580.93,2680.24,2903.4500000000003,2249.18,1755.03,2049.71,1544.7,1923.64,1399.45,1381.23,1383.34,1276.0200000000002,1522.0799999999997,1103.4399999999998
137,11192.960000000001,3492.24,2632.37,7845.8099999999995,2780.8999999999996,2777.8300000000004,2874.21,596.1899999999999,2309.96,2184.7000000000003,1765.85,1340.7100000000003,2510.07,1471.55,1621.1000000000001,1492.13,1328.6799999999998,330.05999999999995,1146.8099999999997,1257.6200000000001
138,13705.029999999999,5115.199999999999,5909.879999999999,3670.7200000000003,3372.94,3040.3999999999996,2489.4700000000003,3395.2599999999998,2563.8700000000003,2127.4400000000005,1937.43,1881.54,1567.7399999999998,1690.57,1544.9299999999998,1509.9999999999998,1510.2399999999998,1540.2099999999998,1506.47,1218.3600000000008
139,12519.67,5023.69,5328.699999999998,4608.9400000000005,2710.7499999999995,3096.149999999999,2880.0000000000005,7684.84,2471.709999999999,1928.23,2000.76,1599.1999999999998,1678.88,1896.4299999999998,1459.18,1518.27,1438.5399999999997,3367.4199999999996,1132.86,1198.39
140,12698.880000000001,5674.39,5011.9000000000015,3761.2000000000003,3350.3199999999993,2876.36,2748.0299999999997,1451.8799999999999,1995.6700000000003,2229.28,2058.0000000000005,1737.6199999999997,1564.0600000000002,1475.6299999999999,1530.4099999999999,1495.67,1220.4099999999999,846.1400000000001,1201.26,1281.1200000000001
141,14102.73,6205.88,5003.589999999999,3196.27,3563.6200000000003,3434.1899999999996,3104.27,2181.33,2294.5899999999997,2197.0900000000006,2203.6900000000005,1834.9299999999998,1762.88,1655.61,1596.55,1791.3100000000002,1384.85,1302.79,1326.4000000000003,1489.8300000000002
142,14814.7,5052.890000000001,5410.31,4328.879999999999,3479.2100000000005,2936.8399999999997,2502.8,3126.75,2228.7200000000003,2038.41,1849.7800000000002,1990.4000000000003,1542.9199999999998,1462.7299999999998,1187.19,1502.2,1234.0500000000002,1848.74,1350.44,1312.32
143,12863.510000000002,4858.160000000001,5111.16,9028.179999999998,2736.6100000000006,3028.7300000000005,2884.0899999999997,4817.24,2785.68,2317.8400000000006,2066.92,2134.91,1518.4099999999999,1839.6299999999999,1590.59,1292.54,1308.1199999999997,2421.0499999999997,1236.2099999999998,1081.4900000000002
144,12468.98,4596.740000000001,4464.39,6771.04,3219.67,2866.0,2560.25,2060.74,1888.0,2467.9500000000007,1974.84,1980.3600000000001,1725.0800000000002,1760.35,1638.4600000000003,1451.98,1474.1000000000001,1080.8799999999999,1258.6800000000003,1207.12
145,15399.309999999998,5472.200000000001,4523.639999999999,3797.23,3604.07,3495.26,3123.0400000000004,1278.14,2552.04,2492.0399999999995,1923.1100000000001,2037.1499999999996,1985.3999999999999,1748.77,1705.5,1724.16,1710.1900000000003,563.46,1480.3500000000001,1288.86
146,12861.480000000001,5062.869999999999,4090.31,4325.66,3243.6199999999994,3131.5699999999997,3009.4,1338.95,1892.96,2285.16,2137.36,2180.88,1843.3699999999997,1738.9200000000003,1296.16,1552.7499999999998,1136.1399999999999,787.1900000000002,1126.62,1368.5800000000002
147,10920.890000000001,5636.320000000001,5126.91,7049.42,3167.3899999999994,3216.77,3158.3,7633.06,2445.9300000000003,2214.3,2069.16,1798.64,1766.9800000000002,1680.7100000000003,1766.2800000000002,1930.74,1658.85,3022.4900000000007,1373.71,1377.96
148,11752.73,3596.99,3332.0899999999997,4981.0,2199.2500000000005,3061.73,3995.56,2339.84,2522.28,3058.6399999999994,1820.73,1817.9299999999998,2452.22,1742.9899999999998,987.3100000000001,837.84,753.3299999999999,1038.25,671.4,1244.1299999999997
149,14605.69,5849.79,5154.23,4222.07,3488.3799999999997,3348.0,2907.4,5301.03,2635.6099999999997,2388.82,2043.9399999999998,2249.73,1775.8200000000002,1704.04,1572.1999999999998,1728.35,1683.51,2108.57,1506.0699999999997,1440.1499999999999
150,15664.73,4725.509999999998,2870.9700000000003,5023.52,2609.69,3834.41,3928.8799999999997,1125.19,1908.0699999999997,3047.15,1569.51,2012.3900000000006,2403.49,1680.7000000000003,1016.0100000000001,937.93,896.2700000000001,574.16,1008.0899999999999,1358.36
151,12604.570000000002,5320.859999999999,5397.4299999999985,3849.2,3346.79,3136.5800000000004,2760.21,2659.3,2352.5499999999997,2177.28,1965.96,1884.1399999999996,1734.86,1571.52,1751.76,1719.6699999999998,1678.5200000000004,1188.2700000000002,1447.6,1416.77
152,23692.000000000004,5431.260000000001,3545.37,6974.669999999999,2148.0899999999997,5892.34,3681.8499999999995,410.9,1363.16,2679.4499999999994,1458.98,1916.5,2268.9,966.01,488.07000000000005,607.86,685.8699999999998,196.51,1255.5000000000005,1740.1199999999997
153,14169.729999999996,4682.56,3780.0499999999997,3122.5099999999998,3379.48,3566.7000000000003,2407.3299999999995,989.0500000000001,2568.58,2187.0500000000006,1630.9,1975.4000000000003,2090.4,1444.5500000000002,1164.22,1393.68,1173.72,493.38,1360.9899999999998,1282.5700000000002
154,13526.19,4653.950000000001,4383.26,4543.95,3523.6,3030.7499999999995,2371.0400000000004,2284.11,2746.1900000000005,2220.8199999999993,1877.8600000000001,1921.2000000000003,1912.9599999999998,1733.9,1637.11,1695.11,1548.4400000000003,1081.6999999999998,1386.0099999999998,1146.27
155,13602.94,4972.009999999998,4241.05,3562.77,3242.5499999999993,2977.6099999999997,2799.02,3845.25,2665.2299999999996,2215.2400000000002,2076.0099999999998,1596.6200000000003,1769.3799999999999,1711.26,1544.03,1603.07,1430.5300000000004,1624.37,1317.4299999999998,1163.7100000000005
156,13370.640000000001,4343.7,5106.730000000001,9836.990000000002,2727.86,2735.0000000000005,2581.99,18321.05,2263.13,2079.6899999999996,1855.3799999999999,1542.0900000000006,1450.22,1394.21,1327.8299999999997,1248.0100000000002,1242.02,7183.200000000001,1193.54,951.76
157,12703.7,4637.589999999999,4485.870000000001,2659.76,3461.85,3227.2,2620.39,3332.09,2759.9,2262.4,1939.25,2033.7300000000005,1797.87,1550.54,1582.9600000000005,1670.52,1571.78,1398.34,1484.0100000000004,1356.9099999999996
158,14176.700000000003,4638.17,4165.1900000000005,3127.68,3422.9599999999996,3202.42,2929.21,2033.3500000000001,2354.17,2299.0499999999997,1891.43,1978.9900000000005,1792.28,1824.56,1813.2100000000003,1503.02,1565.9,909.1500000000001,1300.7600000000002,1081.31
159,14541.680000000002,5503.19,4815.7699999999995,3827.0900000000006,3241.71,3033.8500000000004,2913.5,3286.96,2331.330000000001,2357.8600000000006,2328.1299999999997,2048.48,1850.47,2032.4699999999998,1968.69,1449.88,1627.7499999999998,1562.4199999999998,1311.3400000000001,1255.1600000000003
160,12863.3,4116.57,3846.150000000001,3826.34,3172.6999999999994,2999.5800000000004,3079.24,4310.78,2176.32,2885.7399999999993,2108.17,1840.23,2037.2499999999998,1888.47,1580.5700000000002,1423.2599999999998,952.3000000000002,2310.9300000000003,827.2300000000004,1360.11
161,15020.720000000001,4791.530000000001,5060.560000000001,3671.1,3449.8900000000003,3254.8399999999997,2628.5999999999995,4675.58,2271.850000000001,2285.8799999999997,1898.89,1902.43,1764.4600000000003,1581.44,1454.7,1584.2099999999998,1461.6000000000001,1994.91,1297.66,1323.79
162,14842.560000000001,5754.16,4088.3499999999995,3846.4300000000003,4007.16,3236.22,3403.0200000000004,2485.36,2545.7899999999995,2498.2799999999997,2403.62,2045.77,2362.2500000000005,2068.33,2289.83,1746.48,1862.0900000000001,967.6899999999999,1286.69,1397.45
163,13531.099999999999,5943.599999999999,4833.370000000001,4859.69,3397.1499999999996,3326.3900000000003,3370.18,3942.7899999999995,2588.49,2298.3000000000006,2095.6000000000004,2209.2000000000007,1793.89,1706.5199999999998,1749.3899999999999,1721.3899999999999,1603.5099999999998,1739.7299999999998,1545.2299999999998,1294.18
164,13082.569999999998,5353.429999999999,5809.68,2918.07,2884.52,2774.9999999999995,2760.75,7466.73,2748.2099999999996,2051.2200000000003,2033.1200000000001,1616.5299999999997,1415.1800000000003,1507.1499999999999,1442.09,1588.25,1381.64,3094.1800000000007,1334.86,1292.6100000000004
165,14229.009999999998,3832.14,4383.75,6161.01,3393.9300000000003,2603.89,2637.56,3080.65,2485.3400000000006,2899.0499999999993,2047.95,1775.5200000000004,2032.2500000000002,2191.24,1117.8200000000002,1355.27,939.27,1790.72,879.5099999999999,1192.0599999999997
166,12804.309999999998,4670.34,4562.09,3016.4100000000003,3373.26,3021.600000000001,2753.56,2723.8,2503.22,2123.980000000001,1854.02,1649.16,1802.8700000000003,1658.98,1657.27,1769.59,1582.61,1279.6299999999999,1303.3599999999997,1261.7800000000002
167,12640.31,4978.34,4946.1100000000015,3111.65,3198.4100000000003,2974.03,2608.9300000000003,2120.04,2353.4700000000003,1955.29,1986.9199999999998,1842.46,1642.09,1572.3100000000002,1483.8500000000001,1577.99,1468.8900000000003,1147.7799999999997,1382.1399999999999,1182.71
168,13448.75,6018.919999999998,4360.51,2568.9,3626.9799999999996,3177.8399999999997,2788.36,3409.1800000000003,2843.06,2191.96,2372.46,2068.7699999999995,1886.0600000000002,1926.1699999999998,2036.0799999999997,1755.08,1714.2199999999998,1483.9299999999996,1458.4700000000005,1342.9700000000003
169,9494.32,5482.11,4449.570000000001,2068.19,2947.3799999999997,1913.0400000000002,2456.52,5649.66,2766.6899999999996,1916.31,2016.8600000000001,1497.6799999999998,1393.4099999999999,1352.68,1690.6100000000001,1669.66,1425.82,2490.2999999999997,1417.67,1135.3999999999999
170,13394.159999999998,4052.7500000000005,4220.43,8688.05,3253.69,2884.9900000000007,2716.48,3980.0299999999997,1952.6699999999998,2322.33,1729.7600000000002,1975.8400000000004,1856.06,1525.4599999999998,1520.89,1519.32,1443.2800000000002,1812.3999999999996,1232.4399999999994,1163.9600000000003
171,18055.12,4553.969999999999,8557.67,10598.359999999999,2986.7299999999996,3081.5299999999997,2326.9700000000003,5785.93,2600.14,2511.9700000000003,2046.1000000000001,2107.94,1249.61,1966.3400000000001,1567.9399999999998,1288.53,1534.3200000000002,2845.34,1387.44,1204.58
172,10097.099999999999,3945.9900000000002,3994.36,4694.469999999999,3432.49,2276.4799999999996,2686.16,632.28,1822.4899999999996,2257.6800000000003,1818.21,2107.3300000000004,1905.66,1575.6699999999998,1603.78,1791.51,1368.2800000000004,447.55,1249.86,1251.3400000000004
173,11061.300000000001,4290.520000000001,3407.739999999999,3764.8399999999997,2747.21,3294.0299999999997,3158.7000000000003,4734.849999999999,1878.4199999999998,2220.84,1793.48,1729.6500000000003,1921.0299999999997,1543.37,1366.26,1613.05,1128.33,2420.0999999999995,1048.0400000000004,1391.37
174,11901.31,4901.009999999999,4522.250000000001,3737.9,3190.1799999999994,2742.3900000000003,2698.2500000000005,2085.56,2598.3100000000004,2253.64,1829.7,1784.19,1804.3299999999997,1698.29,1732.0699999999997,1546.36,1403.59,1039.3400000000001,1282.5400000000002,1152.83
175,19957.859999999997,5696.11,7006.82,4832.049999999999,4024.15,3662.89,2453.4,1251.4700000000003,2398.0599999999995,2309.3800000000006,1761.8300000000002,2144.66,1367.62,1671.51,1224.1799999999998,1472.99,1368.1199999999997,750.11,1472.6999999999998,1427.65
176,11423.67,4262.9800000000005,4864.0199999999995,4257.73,3409.9600000000005,2841.43,2687.81,6543.09,2259.8399999999997,2528.87,1962.9099999999999,2146.36,1682.2999999999997,1571.65,1436.7299999999998,1577.32,1507.1,2634.7,1291.0299999999997,1131.0100000000002
177,12309.109999999997,5843.56,3692.8900000000003,4015.27,3403.1099999999997,3006.43,3082.6400000000003,1668.32,2143.51,2153.1699999999996,1818.33,2068.34,1883.49,1455.4899999999998,1605.9,1654.3,1329.0100000000002,859.21,1361.7300000000002,1635.59
178,12879.759999999998,5358.14,3932.6,3309.71,3626.8700000000003,3000.4000000000005,2634.08,248.95000000000002,2025.9399999999994,2140.04,1804.8200000000002,1838.45,1873.49,1419.71,1474.16,1693.71,1174.61,212.16,1399.1899999999996,1324.0
179,11681.66,5130.47,3887.6700000000005,2867.2599999999998,3306.1800000000003,2783.66,2527.39,1476.54,2386.6600000000003,2004.9300000000003,2104.5800000000004,1693.1100000000001,1798.7800000000002,1791.45,1975.49,1640.1000000000001,1625.2700000000002,704.21,1331.95,1050.59
180,11542.12,5866.520000000001,4242.53,3379.6800000000003,3484.5799999999995,2865.73,3218.1800000000003,455.53999999999996,2222.64,1933.4,2065.4300000000003,1927.8999999999999,1897.08,1633.8999999999999,1925.25,1975.26,1434.0900000000001,305.14000000000004,1263.66,1452.8000000000004
181,15817.420000000002,4392.98,5424.560000000001,8693.62,3638.3900000000003,2818.62,2466.9800000000005,3668.91,2395.85,2394.9399999999996,2036.17,2325.0899999999997,1600.22,1969.6999999999998,1906.18,1469.1499999999999,1655.16,1630.6599999999999,1476.7900000000002,1164.42
182,15194.35,5124.98,4999.19,4515.089999999999,3349.5299999999997,3084.01,2589.87,5836.74,2970.24,2506.3599999999997,2183.0799999999995,1794.8,1598.1499999999999,1772.3400000000001,1413.4999999999998,1286.98,1511.5999999999995,2556.84,1389.63,1235.4399999999996
183,15162.38,4715.429999999999,6194.759999999999,7239.22,3163.4900000000002,2998.76,2306.61,4812.67,2649.7099999999996,2233.87,1956.09,1911.26,1683.07,1943.03,1423.8400000000001,1405.9,1493.21,2127.21,1316.21,1055.8200000000002
184,10957.560000000001,4673.31,4450.79,4423.930000000001,2599.35,3124.52,3199.59,3738.62,2550.8499999999995,2164.87,1773.69,1673.4400000000003,1898.65,1602.35,1418.5800000000002,1449.61,1207.4899999999998,1837.7099999999998,1231.9900000000002,1373.1700000000003
185,14941.16,4382.6500000000015,4622.799999999999,4159.55,3035.3700000000003,2625.15,2377.61,1595.9099999999999,2225.6099999999997,2613.4300000000007,2149.55,1900.06,1716.0700000000002,1940.52,1114.1299999999999,1210.4299999999998,874.4900000000001,1015.9099999999999,951.7299999999999,1236.42
186,12315.55,5695.37,4647.009999999999,7213.879999999999,3152.7100000000005,2954.58,3030.28,2753.2700000000004,2037.1100000000001,1861.9899999999993,2073.1800000000003,1741.34,1852.4599999999998,1533.37,1651.4299999999996,1835.2299999999998,1330.9399999999998,1544.93,1190.74,1414.3
187,12861.06,5242.680000000001,4573.550000000001,3643.51,3516.76,2927.83,2981.79,4073.5299999999997,2293.68,2286.8499999999995,1992.3799999999999,1829.82,1733.96,1684.41,1954.4499999999998,1760.6399999999999,1666.0299999999997,1688.4699999999998,1297.43,1184.83
188,13347.23,4171.12,3440.9200000000005,5537.22,2692.9799999999996,2851.26,2620.53,1733.6200000000001,2011.1999999999998,2324.5100000000007,1830.8300000000002,1887.38,1877.3099999999997,1449.72,1011.4799999999999,1239.7600000000002,838.7700000000001,1130.1200000000001,1028.66,1451.41
189,14711.45,5262.059999999999,5108.53,3294.27,3849.69,3108.9700000000003,2907.69,6031.9800000000005,2723.9100000000003,2461.63,2290.9200000000005,2133.4999999999995,1753.6000000000001,1811.8600000000001,2075.9,1913.76,1783.7299999999998,2772.82,1538.9299999999998,1218.8099999999997
190,11962.68,4396.99,3951.08,4373.51,2843.19,3045.92,3335.3700000000003,2742.92,1837.5899999999997,2319.7300000000005,1975.08,1790.19,2162.37,1824.11,1497.9399999999998,1486.92,1083.6899999999998,1349.4199999999998,1011.93,1410.79
191,15628.49,4733.81,6170.05,3926.84,3583.63,3214.55,2688.2400000000002,3786.71,2380.83,2670.2099999999996,1897.3799999999999,2216.7700000000004,1603.91,1816.36,1448.67,1459.8799999999999,1606.4,1759.93,1438.6499999999999,1383.44
192,7796.2699999999995,3412.76,3428.3399999999997,4799.05,2494.11,2927.7000000000003,2803.6200000000003,3849.5299999999997,1840.9600000000003,2311.12,1192.4999999999998,1896.3400000000004,1451.6899999999998,1142.42,831.0100000000001,1302.9199999999998,685.9600000000002,2081.8100000000004,668.9399999999999,1379.6799999999994
193,13232.96,5349.54,4887.639999999999,4488.5199999999995,3067.29,3016.0099999999998,2838.2200000000003,9748.4,2655.92,2085.27,2085.84,1883.9499999999998,1633.24,1787.58,1639.5200000000002,1631.3400000000001,1475.23,4566.0599999999995,1326.0600000000004,1151.9800000000002
194,11214.72,6077.070000000001,4714.450000000001,2891.58,3204.7700000000004,3232.9500000000003,3457.6699999999996,3769.57,2593.8500000000004,2163.07,2273.5299999999997,1784.7299999999998,2094.94,2173.4800000000005,2370.6700000000005,1954.04,1939.79,1865.6599999999999,1293.2,1502.0200000000002
195,13019.779999999999,5681.62,4871.18,4137.5599999999995,3127.4199999999996,3061.1800000000003,3025.4600000000005,3893.11,2134.41,1850.3,1995.3500000000001,1737.7,1706.5300000000002,1543.4099999999996,1562.9899999999998,1812.4099999999999,1291.6999999999996,1981.4799999999998,1264.1599999999999,1368.1000000000001
196,10710.63,4824.77,4523.839999999999,3105.16,3405.6800000000003,2280.93,2883.51,6799.7,2357.28,2249.0499999999993,2089.13,1933.23,1800.15,2150.39,1694.0100000000002,1592.0199999999998,1508.5700000000002,3285.47,1169.47,998.1000000000003
197,14083.820000000002,4794.84,5420.930000000001,5366.91,3082.9,2594.93,2440.5899999999997,1455.57,2372.0899999999997,2245.7,1801.03,1916.0,1589.6200000000001,1448.6000000000001,1371.67,1354.8899999999999,1437.9,682.8899999999999,1454.4799999999998,1221.9099999999996
198,12123.260000000002,3952.22,3539.41,9484.49,3006.45,2947.8199999999993,2761.98,1467.17,1585.9499999999994,2260.5400000000004,1712.55,2042.3200000000006,1857.28,1540.15,1117.8400000000001,1332.77,963.9799999999998,934.3,984.6099999999999,1191.0900000000001
199,13939.689999999999,5930.559999999999,5276.0599999999995,3405.8999999999996,3619.8799999999997,3084.5,2610.5,1678.0900000000001,2501.8499999999995,2207.58,2126.2999999999997,1900.6399999999999,1603.51,1579.08,1549.6499999999999,1765.8500000000001,1400.25,977.9399999999998,1443.92,1431.1399999999999
200,14493.140000000001,5121.860000000001,4699.130000000001,4935.070000000001,3311.99,3158.85,2787.75,1446.9,2374.5999999999995,2300.2900000000004,1930.8000000000002,1807.3899999999999,1995.8700000000001,1601.6999999999998,1525.61,1455.73,1390.14,743.01,1229.4100000000003,1312.17
201,15063.990000000002,4991.070000000001,4735.91,4173.96,3404.0699999999997,3273.43,2849.76,2929.15,2345.52,2345.46,2080.5499999999997,1923.3699999999997,1969.93,1610.38,1749.2700000000002,1457.0400000000002,1542.0899999999997,1241.5700000000002,1327.1000000000004,1297.9000000000003
202,9690.460000000001,4656.500000000001,7413.59,5398.35,3762.2300000000005,3387.7800000000007,2209.5099999999998,1460.87,2116.87,1627.5,1119.7800000000002,3227.2299999999996,1111.0800000000002,533.02,1079.9699999999998,1809.32,868.6,880.67,1586.8300000000002,1321.4599999999994
203,10228.329999999998,4608.21,3496.4999999999995,3178.7,3102.47,3026.47,2896.6100000000006,6971.7,2506.81,1797.3200000000004,1812.12,1852.4499999999998,1749.11,1361.9899999999998,1300.52,1492.67,1325.57,3292.86,1284.5700000000002,1144.0900000000001
204,14083.35,4391.1,5193.029999999999,3559.2799999999997,3692.4399999999996,2947.76,2782.1800000000003,2858.53,2127.47,2588.2200000000007,2140.9500000000003,2267.5900000000006,1801.55,1769.32,1828.9599999999998,1728.99,1635.63,1295.8700000000001,1331.57,1227.4599999999998
205,15417.17,5158.920000000002,4008.9000000000005,4117.71,3278.9199999999996,3422.8099999999995,3762.0200000000004,1672.1899999999998,2293.14,2848.82,2014.2299999999998,1878.5400000000004,2416.3700000000003,1970.92,1454.9299999999998,1434.8,1340.1899999999996,819.9499999999999,1284.9700000000003,1550.7599999999998
206,15429.539999999999,4649.589999999999,4371.77,3445.75,3832.1,3454.51,2713.2999999999993,1012.5899999999999,2411.5799999999995,2327.22,1823.31,2123.48,1948.37,1797.1600000000003,1470.94,1443.22,1557.39,476.23,1404.2600000000004,1137.59
207,17331.92,5804.719999999999,3216.5099999999998,3508.3299999999995,3212.1900000000005,3943.74,3510.9100000000003,627.3399999999999,2081.5299999999997,2706.62,1867.82,1906.6000000000004,2288.310000000001,1747.94,1309.3100000000002,1204.14,1201.23,335.7,1313.32,1480.2800000000007
208,10432.6,4364.079999999999,3056.2799999999997,4565.76,3134.0,3297.1900000000005,2575.52,5069.9,2097.23,2108.73,1576.01,1861.1000000000001,1596.2300000000002,1270.4600000000003,1016.3900000000001,1225.28,975.4099999999999,2743.19,1201.6500000000005,1116.9899999999998
209,15630.709999999997,5881.0,5680.710000000001,6036.92,3751.9400000000005,3098.5,3055.75,6598.86,2819.269999999999,2611.1800000000003,2165.45,2275.63,1747.44,1851.4599999999998,1632.4100000000003,1679.6399999999999,1694.91,3282.2000000000003,1567.85,1398.8800000000006
210,8923.699999999999,4840.450000000001,3985.81,4966.900000000001,3037.29,2394.3100000000004,3279.0399999999995,12822.58,2333.099999999999,2162.0499999999993,2077.48,1745.2600000000002,1879.0199999999998,1836.3700000000001,2146.39,1915.0500000000002,1725.2000000000003,6102.9800000000005,1244.4000000000003,1246.4599999999998
211,13470.52,5253.89,4448.7300000000005,8255.39,3394.0899999999997,2937.7000000000003,2491.56,1733.5199999999998,2459.4999999999995,2085.899999999999,2020.01,1660.9399999999996,1508.0300000000002,1480.1,1607.35,1669.98,1282.6800000000003,1011.82,1377.2300000000002,1341.86
212,13764.289999999999,5289.32,4930.839999999999,4088.84,3775.8300000000004,3083.13,2510.0699999999997,1157.1999999999998,1976.33,2176.490000000001,1890.5299999999997,1833.6500000000005,1603.26,1513.15,1345.9700000000003,1511.3400000000001,1187.8500000000001,633.06,1197.9399999999998,1211.52
213,13222.21,4649.509999999999,5418.72,7708.72,3294.7599999999993,3026.9400000000005,2717.97,5659.02,2019.7500000000005,2214.2100000000005,1639.42,1951.4799999999998,1468.04,1340.1599999999996,1388.8899999999999,1342.2700000000002,1159.23,2644.4700000000003,1133.7200000000003,1146.3999999999996
214,12541.659999999998,4869.6900000000005,4691.460000000001,5070.469999999999,3788.83,2943.9,3288.5900000000006,5751.869999999999,2244.44,2798.3600000000006,2117.49,2220.2499999999995,2037.1299999999999,1857.9,2142.6699999999996,1889.68,1723.15,2519.2299999999996,1344.32,1222.8999999999999
215,12105.9,5081.09,2761.5800000000004,4410.610000000001,3138.9099999999994,3446.85,2849.89,1682.7000000000003,2047.5200000000002,2307.6700000000005,2262.4100000000003,1692.3100000000002,2277.11,1581.9699999999998,1535.1499999999999,1292.9499999999998,1107.5100000000002,1012.1700000000001,1180.5899999999997,1475.04
216,17258.41,4832.740000000001,6068.760000000001,3852.6,3388.5599999999995,3047.29,2473.97,4262.25,2551.48,2574.1600000000003,2056.33,2136.9999999999995,1526.24,1684.3300000000002,1542.71,1350.24,1544.65,2087.4799999999996,1533.2000000000003,1061.3600000000001
217,13161.91,5594.279999999999,5458.99,4828.729999999999,3633.9000000000005,2957.6500000000005,3022.7200000000003,3485.5899999999997,2591.4400000000005,2261.6800000000003,2105.63,1953.75,1677.6000000000001,1678.9099999999999,1869.3700000000001,1983.47,1784.9000000000003,1598.9899999999998,1454.1700000000005,1263.18
218,11681.230000000001,5314.32,4984.539999999999,5073.88,3241.3499999999995,2697.24,2990.71,3486.5499999999997,2403.9,2051.6800000000003,2002.77,1860.6600000000003,1753.21,1638.77,1777.8599999999997,1838.61,1721.6200000000001,1686.92,1407.3500000000004,1378.23
219,15195.849999999999,5028.64,5057.4800000000005,7719.699999999999,3439.32,2844.67,2819.12,5804.49,2618.47,2338.3499999999995,2090.3700000000003,1801.87,1813.73,1769.13,1602.0,1472.9999999999998,1521.34,2458.09,1375.27,1132.9699999999998
220,14679.510000000004,5135.46,3926.5100000000007,5315.63,2912.1099999999997,3294.9900000000007,2991.6800000000003,2030.21,2334.6900000000005,2305.9600000000005,1876.77,2132.14,1950.5999999999997,1731.95,1421.1799999999998,1225.51,1199.6499999999999,856.6199999999999,1167.08,1167.4900000000002
221,12401.969999999996,4111.07,4409.97,7523.049999999999,3470.0100000000007,2604.8599999999997,2469.54,4323.259999999999,2335.34,2394.619999999999,1973.1299999999999,1988.7099999999998,1642.7099999999998,1624.05,1796.18,1617.7899999999997,1546.9600000000003,2033.72,1306.2099999999998,992.4500000000002
222,12137.81,5183.52,5342.640000000001,8641.32,3395.6499999999996,2929.33,2793.26,5133.32,2451.3400000000006,2161.0200000000004,1796.0000000000002,2065.4299999999994,1537.32,1568.7700000000002,1749.1499999999999,1644.5100000000002,1616.13,2120.65,1441.04,1154.3700000000001
223,14303.52,5367.570000000001,6126.789999999999,5390.69,3581.76,2904.9900000000007,2681.64,2138.66,2797.0,2335.2499999999995,1876.54,1843.8099999999997,1574.1699999999998,1729.67,1575.9700000000003,1532.8,1612.4199999999996,1039.9699999999998,1453.9,1221.5699999999997
224,13247.06,4615.29,5110.5999999999985,8510.52,3719.52,2937.57,2677.5199999999995,2618.93,2401.9599999999996,2223.9600000000005,1934.32,1837.86,1933.4,1651.57,1690.35,1833.1999999999998,1669.6299999999999,1173.79,1386.9199999999998,1175.05
225,11007.86,4853.0,3831.2799999999997,5252.65,3103.88,3013.93,2693.2,590.15,1929.7199999999998,1897.8799999999999,1970.81,1833.54,1657.1199999999997,1319.53,1474.5700000000002,1609.66,1538.1900000000003,372.0400000000001,1285.5100000000004,1388.2300000000005
226,14543.520000000002,5982.26,5203.7300000000005,4231.28,3506.0900000000006,3200.9200000000005,2936.89,4083.57,2185.25,2232.799999999999,2051.08,1819.5700000000002,1702.23,1719.3000000000002,1507.64,1751.29,1237.5400000000002,2351.1400000000003,1271.18,1333.1400000000003
227,14592.869999999997,4755.98,5078.46,9575.960000000001,4070.7400000000002,3072.2,2618.7799999999993,2104.7400000000002,2715.16,2735.3300000000004,1976.49,2215.75,1868.1200000000001,1763.6799999999998,1603.18,1660.8999999999999,1690.79,994.4700000000001,1522.1900000000003,1192.95
228,13260.329999999998,4817.2300000000005,5460.97,8455.070000000002,3438.7799999999993,3169.0,2757.4300000000003,4876.46,2402.07,2292.77,1981.4,2020.71,1651.1199999999997,1643.8700000000001,1909.75,1647.19,1566.58,2232.27,1242.2099999999996,1108.1500000000003
229,15658.39,5445.990000000001,4836.129999999999,3401.9700000000003,2176.0,3534.45,2983.2499999999995,2184.9599999999996,2589.2799999999997,2403.22,1917.09,1877.3599999999997,1744.87,1859.8299999999997,1267.33,1303.8700000000001,1202.01,1101.3599999999997,1307.9099999999999,1331.84
230,9448.409999999998,3983.2199999999993,5471.84,4748.69,3018.24,3178.27,2334.02,7097.95,1944.2799999999997,2411.4799999999996,1430.2,2205.46,1341.48,1122.3899999999999,1472.3600000000001,1161.52,1213.3,3035.42,1346.9,1076.7299999999998
231,14764.989999999998,5961.009999999999,5916.209999999999,4127.8,3333.3399999999997,3335.6099999999997,3129.89,1236.1699999999998,2204.0700000000006,2019.6100000000004,1894.1599999999999,2147.15,1673.79,1507.92,1313.15,1662.3600000000001,1294.79,815.4,1425.81,1492.6699999999998
232,9630.650000000001,4602.320000000001,3451.0100000000007,2316.69,2024.38,2377.41,1953.2299999999998,2005.78,2532.86,2007.36,1684.01,1456.7600000000007,1299.54,1357.84,1546.45,1310.73,1035.39,1221.64,1272.61,970.0900000000001
233,15430.44,4960.900000000001,5164.860000000001,6577.08,2815.98,4058.57,2633.0799999999995,2048.75,2353.4900000000002,2313.74,1929.89,1594.3500000000004,1900.8999999999999,1591.16,1247.58,1147.3600000000001,1070.6100000000001,1132.62,1286.5700000000004,1446.5700000000004
234,11560.940000000002,5312.229999999999,4662.199999999999,5801.93,3273.6299999999997,2862.15,3297.3799999999997,7003.22,2787.56,2025.7400000000002,2476.33,1920.89,1783.9799999999998,1928.57,2040.41,1801.59,1727.78,3394.15,1308.3,1242.3099999999995
235,11841.139999999998,5309.91,3832.0,3464.43,3807.1300000000006,3256.94,3141.41,1525.42,2446.2200000000003,2267.6,1818.5700000000002,2050.6,2133.23,1574.51,2093.41,1988.75,1717.56,647.39,1476.16,1199.11
236,9730.820000000002,4683.129999999999,4060.76,3226.98,3068.67,2183.1,3021.17,4344.71,2316.1000000000004,2273.31,2196.96,1786.1299999999999,2038.7800000000004,2083.25,1818.87,1688.63,1561.6999999999998,2356.96,1169.1599999999999,1100.0200000000004
237,11812.74,4638.629999999999,4699.59,5401.289999999999,3600.4700000000003,2849.07,2877.98,2338.87,2196.19,2521.8,1961.6499999999999,2434.55,1791.33,1854.0,2137.7400000000002,1650.8400000000001,1538.7300000000002,1215.96,1200.84,1096.01
238,13766.43,5366.46,5035.8099999999995,3920.52,3812.3700000000003,3151.64,2738.3,2634.83,2523.29,2376.35,1948.54,2117.1499999999996,1695.8799999999997,1585.6799999999998,1669.31,1694.81,1660.4499999999998,1202.99,1481.33,1249.9099999999994
239,11794.51,4258.9,3858.3399999999992,7151.93,3001.11,2665.789999999999,3127.2899999999995,2118.4900000000002,1752.6100000000001,2278.3399999999997,1939.82,1771.51,2023.17,1540.1799999999998,1287.39,1607.9799999999998,999.47,1224.11,1002.21,1394.0
240,13031.269999999999,4190.41,3666.1300000000006,9192.24,2817.25,3165.9,3492.040000000001,1451.5800000000002,1913.0199999999995,2577.959999999999,2077.8,2010.3700000000001,2076.3499999999995,1639.1,1249.0300000000002,1344.65,1020.2199999999999,833.6999999999999,908.9300000000001,1317.99
241,13670.15,5050.16,3487.7200000000003,2708.26,3648.4600000000005,3174.41,2725.1200000000003,930.0100000000001,2498.05,2312.4300000000003,1876.25,1799.63,2128.2400000000002,1667.74,1620.2000000000003,1716.78,1454.58,485.4800000000001,1501.11,1358.33
242,13146.580000000002,4851.23,4771.18,6581.139999999999,3450.89,2920.9600000000005,3034.1099999999997,5340.62,2419.5800000000004,2310.33,1929.4999999999998,1871.4299999999998,1920.5900000000001,1885.44,1723.8200000000002,1674.27,1609.6299999999999,2650.05,1394.6599999999994,1231.2500000000002
243,14850.77,4770.5,4527.120000000001,3878.33,3561.85,3102.5300000000007,2639.0099999999998,4428.8,2690.0,2338.7300000000005,1888.1,2018.9899999999998,1907.4700000000003,1752.31,1692.2199999999998,1520.69,1502.1299999999999,1993.9599999999998,1335.6300000000003,1152.1999999999998
244,13962.68,5336.29,5421.379999999999,4197.12,3456.3500000000004,3104.7699999999995,2760.69,2040.28,2282.72,2354.13,2062.22,1866.2800000000002,1603.22,1566.62,1542.16,1540.8500000000001,1576.2399999999998,990.54,1474.8500000000001,1262.9
245,12843.1,5057.65,5142.18,4365.45,3161.8799999999997,3148.4800000000005,2821.9800000000005,5702.88,2412.1099999999997,2025.4000000000003,1940.15,1856.8399999999997,1667.6299999999999,1507.91,1385.2,1389.1699999999998,1396.1,2294.8199999999997,1187.58,1176.67
246,13480.09,4960.630000000001,5243.139999999999,4853.62,3348.5600000000004,2871.2300000000005,2774.36,964.63,2126.48,2494.5000000000005,1789.1800000000003,1913.87,2298.76,1834.1499999999999,1716.3400000000001,1629.2200000000003,1682.35,470.59000000000003,1386.4399999999998,1498.9500000000003
247,12544.07,5582.0,3783.61,3491.2400000000002,3460.5299999999997,2651.1499999999996,2651.95,1963.1299999999999,2112.5600000000004,2373.2300000000005,2064.77,1968.1000000000004,1817.1100000000004,1888.5900000000001,1427.66,1484.09,1183.23,1114.3300000000004,1197.8899999999999,1229.1
248,14864.680000000002,3833.7000000000003,3472.78,8601.39,2870.2899999999995,3208.37,3109.31,775.81,2077.7400000000002,3416.6600000000003,2146.51,2262.8899999999994,1941.2100000000003,2024.77,817.9000000000001,1039.75,676.5899999999999,464.0,878.4699999999999,1297.7199999999998
249,14539.63,5247.94,5194.17,3296.23,3454.9,3086.78,2452.59,1117.1100000000001,2165.28,2161.6700000000005,1859.8,1878.6899999999998,1498.1400000000003,1535.25,1421.34,1464.0500000000002,1162.26,699.1999999999999,1315.51,1078.2200000000003
250,15236.529999999999,5417.58,4934.360000000001,3368.1,3453.94,2874.39,2531.83,1705.77,2724.7400000000002,2294.82,2164.89,1805.7199999999998,1559.17,1747.8500000000001,1568.3300000000004,1500.81,1453.1999999999998,881.23,1353.8400000000001,1252.5800000000002
251,9523.459999999997,3730.8800000000006,3203.13,3751.7300000000005,2191.7599999999998,2143.91,2342.02,4465.49,3065.8999999999996,1796.3,1711.48,1318.7,1375.28,1435.0700000000002,1295.4399999999998,969.33,952.51,2164.8999999999996,1320.92,895.9999999999998
252,12237.57,3007.1199999999994,3471.8399999999997,4598.02,2617.9300000000003,2596.5599999999995,2746.0399999999995,2666.56,1456.33,2177.05,2098.56,1580.2600000000002,1807.6499999999999,1622.7,1109.84,1206.08,947.7,1495.13,849.5400000000001,1352.93
253,15781.060000000001,5363.399999999999,7147.3,6401.05,3292.0899999999997,3548.0,2889.4800000000005,3585.28,2428.8199999999997,2382.07,1909.56,1919.2300000000002,1517.3600000000004,1648.67,1277.71,1467.82,1426.03,1477.17,1330.78,1347.7900000000002
254,13288.889999999998,5128.9400000000005,4323.1500000000015,3138.23,3342.39,2964.52,3051.41,2801.46,2370.8499999999995,2240.4000000000005,2039.45,1737.6499999999999,2065.2699999999995,1683.9800000000002,1671.69,1512.0099999999998,1590.54,1224.48,1344.5700000000004,1444.02
255,11082.630000000001,4752.1900000000005,4008.7600000000007,4598.22,3831.5599999999995,2996.8,3090.5000000000005,2373.82,2261.05,2553.4900000000002,1787.92,2000.06,2011.8700000000001,1738.5599999999997,1928.17,1954.5399999999997,1640.1899999999998,959.01,1313.73,1100.57
256,14143.349999999999,4575.640000000001,5024.0599999999995,3813.6299999999997,3532.0699999999997,2927.0099999999998,2430.39,5151.37,2666.4100000000003,2538.3900000000003,2014.74,1990.8800000000003,1565.21,1723.81,1702.1399999999999,1497.3700000000001,1634.58,2417.95,1489.82,1131.11
257,13215.550000000001,5139.66,3801.1600000000008,3395.55,3036.6800000000007,3413.9700000000003,3237.95,3521.02,2111.7800000000007,2483.19,2070.6699999999996,1786.8199999999995,2079.8,1889.61,1665.0300000000002,1661.4599999999998,1325.6399999999999,1755.7699999999998,1045.1200000000003,1445.0
258,11508.720000000001,4568.24,5609.64,7300.59,3146.3199999999997,3144.85,2581.02,4779.240000000001,2436.9500000000007,2374.49,1690.7600000000002,2077.66,1583.62,1564.7600000000002,1291.3100000000002,1343.89,1227.62,2391.08,1332.5199999999998,1278.2500000000002
259,16528.960000000003,4045.75,3927.99,4715.57,3088.9999999999995,2972.8499999999995,2800.0699999999997,3581.58,2008.11,2577.7999999999993,2079.42,1677.06,1687.0099999999998,1850.12,1085.87,1195.01,842.32,1941.73,967.9800000000001,1263.5000000000005
260,11362.22,4489.300000000001,5890.159999999999,5922.419999999999,3435.4,3023.3399999999997,2375.96,4129.06,2585.1500000000005,2469.71,1553.14,2289.41,1537.77,1561.23,1376.12,1398.3500000000001,1315.2299999999998,2013.81,1395.8000000000004,1154.1100000000006
261,12051.45,5021.2300000000005,5387.230000000001,5681.93,3590.8099999999995,3132.1299999999997,3061.24,8644.24,2201.6199999999994,2200.120000000001,1831.7,1927.3000000000004,1740.3200000000002,1532.3299999999997,1686.66,1605.6,1593.53,2867.44,1206.6899999999996,1157.5799999999997
262,13018.14,4621.73,3760.75,5026.28,2990.5499999999997,2792.54,2573.74,3816.6800000000003,2506.4,2499.4500000000007,2189.11,1765.0000000000002,2014.3799999999999,1983.72,1452.7,1517.04,993.1099999999998,2540.7799999999997,948.9500000000002,1335.5100000000002
263,13644.35,4560.96,4488.5700000000015,3457.29,3804.92,3121.1500000000005,2826.46,3940.22,2534.939999999999,2528.8500000000004,2085.5800000000004,2149.4199999999996,1874.32,1730.7199999999998,1916.6399999999999,1743.48,1712.81,1768.7600000000002,1443.61,1165.6799999999998
264,14335.06,4983.97,7015.349999999999,5604.300000000001,3163.7300000000005,2964.2499999999995,2907.5099999999998,14807.359999999999,2436.33,2373.4400000000005,1999.71,2110.4300000000003,1456.48,1527.9999999999998,1568.6699999999998,1409.92,1581.8799999999997,4646.28,1263.85,1149.1799999999996
265,14356.210000000001,4176.44,4467.209999999999,3784.79,2917.5799999999995,2769.06,2533.59,1148.95,2000.1699999999998,2751.0299999999993,2152.34,1804.0800000000002,1576.2999999999997,1731.97,1032.63,1100.2399999999998,964.7900000000001,718.87,945.5099999999999,1274.5800000000002
266,12510.29,5133.49,4531.92,5908.419999999999,3352.99,2999.07,2801.609999999999,3011.6900000000005,2413.9399999999996,2018.11,1957.17,1832.67,1650.1,1443.0700000000002,1579.27,1768.37,1492.55,1423.26,1408.24,1260.29
267,16178.759999999998,5600.62,4818.25,4373.139999999999,3294.1799999999994,3894.71,3204.1100000000006,1935.1599999999999,2722.46,2370.289999999999,1970.5199999999998,1814.6400000000003,1956.9600000000003,1582.3,1416.24,1526.24,1491.7900000000002,899.3399999999999,1626.3700000000001,1410.74
268,12203.94,4384.130000000001,3424.88,3195.5699999999997,3667.9300000000003,2995.3,2753.48,1496.86,2744.6100000000006,2365.06,1717.0,1749.4499999999998,2204.3,1784.76,1649.9100000000003,1778.18,1595.01,668.85,1277.01,1248.4600000000003
269,12208.550000000003,5279.6399999999985,4909.179999999999,3510.5600000000004,3167.0299999999997,2676.4100000000003,2746.8100000000004,4066.09,2580.8499999999995,2008.6399999999996,1959.19,1771.0,1528.2500000000002,1524.87,1585.8600000000001,1754.7600000000002,1529.77,1735.62,1418.05,1249.52
270,14845.37,5135.33,4653.54,4509.65,3507.67,2953.1700000000005,1774.17,2974.99,3033.5000000000005,2134.9800000000005,1995.6799999999998,2190.5099999999998,1398.93,1737.4799999999998,1465.3000000000002,1383.0799999999997,1447.1499999999999,1452.9299999999998,1508.31,1050.1
271,10944.260000000002,4233.830000000001,3778.2300000000005,3699.3199999999997,2981.7400000000002,2704.88,2099.83,2045.2100000000003,2697.35,1819.1300000000003,1731.5400000000002,1639.7700000000002,1450.9899999999998,1385.7599999999998,1439.64,1316.64,1340.15,1042.61,1241.7000000000003,1032.27
272,13326.630000000001,5686.57,4812.780000000001,3965.19,3145.4,3117.9900000000002,3027.2100000000005,1732.14,2797.0399999999995,2175.640000000001,2050.1200000000003,1714.1900000000003,1702.0,1578.58,1740.73,1762.8499999999997,1611.6200000000001,831.2,1463.4,1286.9199999999996
273,12569.070000000002,5705.310000000001,4681.450000000001,5923.249999999999,3403.93,3285.9800000000005,3290.500000000001,595.1500000000001,2270.42,2339.19,2233.35,2245.3699999999994,1865.71,1627.6,1667.9699999999998,1754.42,1714.4499999999996,323.77000000000004,1326.55,1440.3200000000002
274,12940.18,4519.510000000001,4253.9400000000005,3296.0499999999997,3494.2299999999996,3038.3200000000006,2635.43,1957.59,2557.2,2179.52,1776.99,1742.52,1843.1999999999998,1543.7199999999998,1509.6000000000001,1611.27,1432.4699999999998,905.35,1313.8999999999999,1211.3600000000004
275,13106.25,4492.970000000001,5440.06,8512.65,3171.0199999999995,2608.7599999999998,2582.0699999999997,5114.78,2316.04,2277.6200000000003,2008.1399999999999,2050.9400000000005,1498.5,1671.1,1607.2699999999998,1489.06,1426.77,2440.84,1323.3900000000003,1195.15
276,13091.42,4462.539999999999,4660.370000000001,6744.25,2768.8200000000006,3525.64,2297.86,3910.3599999999997,2039.7,2430.8800000000006,1644.15,1786.0400000000002,1650.78,1432.7300000000002,1240.7600000000002,1021.82,1015.4,1742.0999999999997,1181.28,1127.9199999999998
277,13468.269999999999,3732.1800000000003,5030.599999999999,8479.769999999999,3133.5899999999997,2360.8400000000006,2576.05,3497.19,2369.3199999999997,2377.4699999999993,2042.71,1647.2999999999997,2007.75,2218.94,1139.79,1326.04,968.98,2037.04,868.2800000000001,1124.3400000000004
278,13936.579999999998,5249.7300000000005,4656.57,6469.06,3586.769999999999,3419.6099999999997,2502.42,873.2599999999999,2496.3799999999997,2313.9900000000007,1745.2,2202.38,1710.4399999999998,1491.64,1282.6500000000003,1502.9899999999998,1354.4699999999998,466.98,1444.94,1203.49
279,13697.279999999999,4199.26,3180.91,3935.4199999999996,3261.3100000000004,2949.5200000000004,2695.56,409.86,2081.73,2617.4900000000007,1918.48,1829.0700000000004,2133.75,1810.5999999999997,1209.8899999999999,1304.85,853.1300000000001,247.65999999999997,999.8000000000003,1165.0400000000002
280,8862.730000000001,4444.99,3419.7400000000002,2838.89,2626.3199999999997,2970.66,2945.120000000001,2584.91,2784.0500000000006,2350.2600000000007,2377.14,1489.1900000000003,2044.42,1597.8299999999997,1943.2100000000003,1370.37,1237.16,1186.7399999999998,1117.93,1137.94
281,14163.91,4226.59,4075.0099999999993,8744.609999999999,3472.2000000000003,2939.54,2595.7200000000003,1348.0,2057.5200000000004,2576.67,1805.71,1753.3999999999996,2026.6399999999996,1746.7900000000002,1124.6499999999999,1419.6999999999998,1034.34,830.82,1096.6,1328.2900000000002
282,20879.6,6079.51,3162.1100000000006,7386.400000000001,2218.0099999999998,6026.719999999999,5111.910000000001,216.09000000000003,1230.2200000000003,2712.85,1257.3500000000001,1665.09,2267.73,968.4,574.41,757.59,769.5599999999998,99.0,1086.36,1815.45
283,17360.99,5763.900000000001,5219.5199999999995,5548.099999999999,3490.73,3292.19,2848.4500000000003,2451.53,2442.900000000001,2447.36,2108.96,2010.9700000000003,1804.01,1676.0,1530.1200000000001,1447.43,1454.1000000000001,1208.2999999999997,1331.42,1407.22
284,15107.6,5328.279999999999,3405.47,4709.2699999999995,2903.540000000001,3544.66,2758.2099999999996,2629.39,2328.0200000000004,2402.0099999999998,2206.1,1618.08,1708.78,1715.1,1558.5700000000002,1211.03,1140.27,1480.02,1271.5399999999997,1240.2400000000002
285,13277.36,5365.079999999999,5299.33,8934.2,3032.1600000000003,3117.35,2910.69,4647.2,2253.4999999999995,2039.5300000000002,2068.98,1733.0000000000002,1622.1,1420.8799999999999,1445.52,1593.3200000000002,1192.8799999999999,2495.01,1225.86,1314.2800000000002
286,11314.760000000002,4993.380000000001,3984.4900000000002,3550.7099999999996,3456.88,3075.2400000000002,2807.7999999999997,2250.6,3170.94,2348.949999999999,1885.21,1914.0000000000002,1974.79,1795.38,1856.7899999999997,1540.08,1401.06,968.3400000000001,1338.9899999999998,1235.7400000000002
287,15780.400000000001,5465.530000000001,4706.45,8314.13,3836.46,3385.8099999999995,3004.08,4232.340000000001,3013.92,2536.3300000000004,2011.01,2169.8599999999997,1835.58,1764.4699999999998,1718.56,1585.8899999999999,1548.22,2036.9800000000002,1689.66,1186.4099999999999
288,11423.460000000001,4643.599999999999,5841.320000000001,5289.7300000000005,3358.62,3540.9500000000007,3468.7199999999993,1428.16,2381.07,2655.1399999999994,1259.2499999999998,2635.8599999999997,1356.75,852.75,1052.64,1339.26,738.9,710.62,1118.1,1408.8200000000004
289,11377.380000000001,4442.530000000001,4284.78,2808.0499999999997,3092.4100000000003,2697.76,2841.55,1792.6999999999998,3099.6800000000003,3006.9700000000003,2571.28,1970.0500000000004,1954.04,2173.5499999999997,1505.73,1162.1899999999998,1110.29,766.9499999999999,1007.0,1277.68
290,10617.08,4841.12,4247.63,2167.89,3145.1300000000006,2575.4100000000003,2572.5299999999997,4385.26,3052.8600000000006,2297.7700000000004,2426.14,1639.31,1696.58,1676.13,1733.2500000000002,1393.1200000000001,1301.07,1904.7399999999998,1333.1399999999996,1235.6900000000003
291,14497.61,3898.6699999999996,5140.7300000000005,6292.62,2786.609999999999,3053.21,3507.7299999999996,3086.75,1853.3,2504.7499999999995,2115.5,1795.4000000000003,2057.92,1787.7299999999998,1169.81,1358.3999999999999,993.91,1891.3100000000002,912.2999999999998,1314.4399999999996
292,13444.13,3356.6099999999997,5349.75,8496.599999999999,2648.02,3138.5299999999997,2357.35,3352.3799999999997,1737.7399999999998,2590.1000000000004,1755.79,1899.5199999999995,1860.1499999999999,1547.7800000000002,871.0000000000001,1004.4,835.68,1929.9099999999999,920.1000000000001,1235.69
293,9144.29,3905.5299999999997,2346.8299999999995,1776.07,2666.65,1958.04,2150.3399999999992,1729.43,2751.6500000000005,1931.74,1980.77,1379.55,1577.2,1581.6100000000001,1733.5900000000001,1273.6499999999999,1224.2600000000002,807.2499999999999,1273.9899999999998,996.6899999999998
294,18972.650000000005,4945.1900000000005,3954.27,4750.0199999999995,3030.56,3923.6599999999994,2612.06,884.4899999999999,2212.31,2677.6099999999997,1645.59,2020.4999999999998,1966.56,1656.2099999999998,1062.5700000000002,1097.4999999999998,1183.13,456.12999999999994,1322.8600000000001,1396.8899999999999
295,10728.52,4366.879999999999,3282.3299999999995,3920.27,2778.730000000001,2946.24,3074.4700000000003,418.0,1591.0400000000004,2191.7300000000005,2258.83,1749.66,2033.18,1783.4000000000003,1278.1899999999998,1388.3000000000002,993.5199999999999,300.17,972.8700000000001,1350.5599999999997
296,13652.95,5840.839999999999,4994.570000000001,3466.2300000000005,3719.7800000000007,3026.78,3487.1699999999996,3781.68,2762.0400000000004,2617.7799999999997,2386.34,2170.8300000000004,2029.0799999999997,2058.9799999999996,1983.68,1769.81,1790.1,1861.1699999999998,1436.42,1363.4999999999998
297,12076.29,5601.42,4818.07,6719.159999999999,3182.2700000000004,3081.41,2829.64,4015.29,2030.0899999999997,2015.9700000000003,1874.21,1768.9999999999995,1431.89,1389.0700000000002,1759.3899999999999,1555.14,1223.34,2070.9500000000003,1136.0699999999997,1094.09
298,13852.849999999997,4935.719999999999,4120.709999999999,4577.57,3566.18,3121.7299999999996,2802.3100000000004,1468.1899999999998,2569.3400000000006,2264.13,2094.04,1843.85,2015.6100000000001,1916.22,1611.5,1428.76,1531.2299999999998,821.1800000000001,1356.5000000000005,1087.71
299,10485.090000000002,5023.469999999999,3949.58,6513.430000000001,3178.11,2693.8099999999995,3103.2800000000007,2936.26,2856.2500000000005,2451.6100000000006,2287.65,1893.7499999999998,2126.5600000000004,1920.69,1907.51,1545.96,1473.94,1196.8799999999999,1291.67,1223.4399999999998
300,15490.57,5118.3099999999995,4962.54,4711.759999999999,3242.36,3390.7099999999996,2900.55,2267.8900000000003,2266.2,2524.2999999999993,1994.5099999999998,1915.1,1824.2900000000002,1679.1399999999999,1360.7299999999998,1427.29,1063.6499999999999,1309.9199999999998,1187.67,1330.33
301,16303.380000000001,5621.790000000001,4294.859999999999,4047.3999999999996,3646.810000000001,3504.7299999999996,3084.54,3696.2400000000002,2535.24,2294.0800000000004,2090.53,1708.08,1561.6100000000001,1471.3100000000002,1459.9099999999996,1549.14,1183.8000000000002,1944.96,1482.1900000000005,1161.6500000000003
302,11434.619999999999,4981.3099999999995,3349.93,2374.5,3307.65,2686.77,2935.9900000000002,2286.7000000000003,3140.6400000000003,2301.76,2295.0899999999997,1765.2,2036.8700000000001,2053.96,2012.7499999999998,1755.8999999999999,1681.11,1063.01,1439.7399999999996,1314.9300000000003
303,13954.89,6016.110000000001,4395.5599999999995,3291.8100000000004,3964.3099999999995,3077.6499999999996,2976.33,1546.1299999999999,2255.0400000000004,2240.3900000000003,2002.0900000000001,1898.7,1848.8500000000001,1599.74,1595.66,1881.13,1375.12,943.5400000000001,1389.46,1431.7800000000002
304,15469.59,4961.94,5596.38,4335.139999999999,3701.6900000000005,3166.9399999999996,2666.4800000000005,2958.5599999999995,2391.65,2390.3699999999994,1978.66,2218.5399999999995,1757.2600000000002,1594.1899999999998,1655.9799999999998,1676.3600000000001,1592.29,1345.43,1508.4600000000003,1291.2
305,11218.57,4600.6900000000005,3380.93,2811.22,2812.7299999999996,2799.97,3229.4699999999993,2666.5899999999997,2207.93,2640.9599999999996,2163.23,1571.1100000000004,2127.08,2050.29,1597.04,1484.22,1049.97,1461.21,871.8900000000001,1449.7900000000002
306,12612.500000000002,4166.09,3396.0400000000004,2648.2900000000004,3027.390000000001,2622.8799999999997,2787.4500000000003,1274.36,2071.7899999999995,2533.7400000000007,2175.1600000000003,1550.1200000000001,1995.16,2138.67,1629.2899999999997,1413.4199999999998,1049.23,760.96,938.03,1456.94
307,15309.4,5956.04,5774.4,5064.799999999999,3392.1000000000004,3070.83,2766.79,2914.41,2527.2299999999996,2311.6400000000003,2326.94,2350.88,1621.82,1738.44,1967.7000000000003,1604.19,1738.24,1313.3,1372.3499999999997,1336.5900000000001
308,13184.26,5117.08,5016.469999999999,4248.179999999999,3631.5299999999997,3230.5,2897.69,3044.1000000000004,2200.88,2350.129999999999,1833.8799999999999,2044.25,1804.02,1588.8500000000001,1619.2599999999998,1825.1499999999999,1625.82,1180.9199999999998,1445.01,1240.4800000000005
309,12426.500000000002,5867.589999999999,5193.02,3827.35,3550.4699999999993,2835.51,3193.9,2679.3599999999997,2438.82,2334.76,2185.67,2025.86,1869.66,1778.48,1938.0400000000002,1883.0800000000002,1790.4399999999998,1376.1,1350.7999999999997,1340.48
310,14134.379999999997,5175.640000000001,4512.5199999999995,4451.13,3465.620000000001,3171.8799999999997,2653.5,2301.1700000000005,2630.7800000000007,2363.1000000000004,2097.56,1756.73,1832.1299999999999,1713.3599999999997,1608.18,1518.61,1501.06,1110.8999999999999,1360.5800000000004,1292.5400000000002
311,13371.35,4997.379999999999,5133.259999999999,3179.35,2895.53,2689.1000000000004,2547.6000000000004,5787.28,2517.66,1935.6299999999992,1743.68,1845.8700000000003,1267.08,1652.9899999999998,1618.7,1411.7200000000003,1488.01,2363.98,1467.7800000000002,1084.1900000000003
312,11020.300000000001,5028.949999999999,4692.430000000001,5184.98,2912.95,2599.3799999999997,3099.36,11663.39,2600.67,2086.34,2059.0099999999998,1643.2699999999998,1913.1600000000003,1576.78,1845.4399999999998,1695.7099999999998,1549.1799999999998,4335.079999999999,1210.5300000000002,1223.2200000000003
313,12769.52,4959.12,4591.750000000001,3021.5499999999997,3360.85,3098.8300000000004,2611.96,1499.1799999999998,2639.75,2089.3199999999997,1876.23,1876.2200000000003,1765.4899999999998,1738.3199999999997,1519.19,1438.11,1360.4399999999998,728.5400000000001,1426.2800000000002,1026.28
314,13808.99,2889.34,2842.19,3344.7599999999998,2848.36,3088.77,2154.5099999999998,254.34,1552.7100000000003,2441.26,1707.07,1799.6999999999998,1768.63,1509.93,935.59,1068.8700000000001,835.7599999999999,185.39000000000001,1009.5299999999997,1092.94
315,13024.45,3803.5799999999995,4824.44,4781.71,3362.04,3154.7,2476.1899999999996,4030.6499999999996,2318.1,2363.9899999999993,1758.8200000000002,2069.9100000000003,1648.1499999999996,1400.9499999999998,1355.9900000000002,1476.93,1446.5099999999998,1689.08,1360.29,1127.1200000000001
316,11033.66,4647.460000000001,3380.150000000001,5240.06,2804.7599999999998,2962.7099999999996,3413.67,1019.25,1725.68,2302.47,1893.87,1818.5600000000004,2246.8700000000003,1575.11,1338.3899999999999,1594.25,1012.8,693.42,1042.33,1507.9100000000003
317,13622.85,5065.910000000001,3453.6600000000003,4239.75,3489.6999999999994,3514.5099999999998,3294.25,752.97,2399.5299999999997,2554.0800000000004,1679.1499999999999,1947.5300000000007,2102.7000000000003,1778.53,1651.5100000000002,1558.31,1447.3899999999999,368.99,1201.3300000000002,1310.5899999999997
318,16769.27,4581.17,7146.549999999999,12337.4,3423.8800000000006,3114.7700000000004,2249.23,3798.9399999999996,2532.5900000000006,2742.6999999999994,2122.19,2305.08,1551.78,1891.63,1373.6499999999999,1306.4599999999998,1644.94,1834.5099999999998,1429.8100000000002,1206.53
319,14235.130000000001,4296.999999999998,3772.080000000001,6824.44,2823.3300000000004,3014.81,2803.71,2744.2099999999996,1978.0999999999997,2759.7400000000007,1860.5700000000002,1928.0299999999997,1951.8000000000002,1616.27,958.42,1070.27,772.66,1318.3999999999999,996.5999999999998,1235.4199999999998
320,13915.560000000001,5832.97,5401.52,4469.34,3356.29,3305.27,2956.61,592.9300000000001,2087.2499999999995,2061.4500000000003,1941.6200000000001,1927.99,1802.1299999999999,1511.4699999999998,1493.55,1751.2399999999998,1267.0499999999997,452.1599999999999,1353.0300000000004,1477.59
321,13080.439999999999,4661.33,4350.35,3624.3799999999997,3422.89,2831.02,2956.0599999999995,1424.35,2155.41,2425.2099999999996,2322.8199999999997,1846.7700000000002,2030.1200000000003,2003.04,1526.7399999999998,1635.6200000000001,1231.96,936.0000000000001,1060.2900000000002,1259.8099999999997
322,13309.76,3700.86,3584.89,3590.85,3099.38,2941.9900000000002,3125.13,1751.72,1881.53,2507.84,1997.8200000000002,1615.4599999999998,2140.15,1824.0399999999997,1297.2199999999998,1448.26,1038.33,1105.06,1021.04,1342.26
323,21531.67,6037.29,3133.6800000000003,9174.839999999998,2115.06,5497.889999999999,4633.889999999999,800.2700000000001,1691.4299999999996,2792.2500000000005,1397.48,1903.01,2036.24,1209.64,685.68,539.4599999999999,738.0499999999998,359.76,1186.9700000000003,1597.95
324,14665.64,5870.209999999999,4846.580000000001,3633.74,3149.51,3559.2999999999997,3448.7599999999998,2094.3299999999995,1958.44,2246.14,1934.5499999999997,1781.64,1658.5100000000002,1460.8999999999999,1406.3299999999997,1543.0300000000002,1156.02,1248.6499999999999,1240.8500000000001,1331.7799999999997
325,14790.050000000001,4209.34,5478.009999999999,9573.410000000002,2864.9500000000007,2606.57,2442.09,2681.0800000000004,2070.06,2496.44,2099.7000000000003,1798.2899999999997,1725.73,2124.0899999999997,1160.38,1175.8999999999996,981.3300000000002,1621.58,944.33,1344.0199999999995
326,15296.120000000003,4106.64,5220.799999999999,4652.97,2997.7000000000007,3240.0100000000007,2673.84,1457.2000000000003,1926.8900000000003,2558.96,2023.16,1846.18,1743.9699999999998,1828.46,1089.28,1232.37,973.2399999999998,876.6199999999999,1042.9400000000003,1353.7800000000002
327,13748.289999999999,5443.349999999999,5410.4800000000005,4339.120000000001,3574.8800000000006,3167.2699999999995,2560.4399999999996,4332.29,2556.3900000000003,2226.0099999999998,1861.9499999999998,2193.500000000001,1685.38,1638.83,1523.5,1729.0800000000002,1621.34,1763.91,1515.4099999999999,1297.2500000000002
328,12641.980000000001,4549.110000000001,3797.0900000000006,3346.9800000000005,3294.72,2858.3400000000006,3132.24,1100.02,2088.9700000000003,2553.37,2358.9100000000003,1808.94,2286.6700000000005,2100.75,1535.21,1530.3,1135.87,751.17,1031.3300000000004,1510.1399999999999
329,13468.880000000001,5825.83,4748.49,3287.83,3342.65,3024.1,3011.48,5412.32,2684.11,2337.9600000000005,2051.05,1934.14,1567.7,1728.2900000000002,2017.0299999999997,1908.1399999999999,1786.61,2477.2100000000005,1375.78,1264.97
