"","X","RP1.273G13.1","AC016561.1","RP11.554L12.2","AC006499.7","OR2V2","OR7A17","POTED","FAM8A6P","RP11.413E6.2","AC140061.6","CRYGC","RP11.336F14.1","RP11.496I2.4","OR9G1","RP11.272K23.4","AC074008.1","RP11.393M18.1","AC008155.1","RP11.234P3.2","ABCD1P3","RP11.481H12.1","OR6C69P","SPINK14","CTD.2547E10.3","OR4A44P","RP11.324D17.1","CETN4P","TRIM64C","OR4A4P","RP11.588L15.1","RP11.533F5.2","RP11.438N5.2","AC011998.4","TRBV22OR9.2","RP11.347C12.8","RP11.748L13.2","AC018696.3","HMGN1P12","RP5.1121H13.1","RP11.158D2.1","RP11.814E24.1","HIGD1AP4","CTD.3216D2.4","MT1DP","AC096582.9","AC008171.1","RP3.419C19.2","TBC1D3B","LL22NC03.22A12.9","RP11.117L6.1","RP11.201O14.2","QRSL1P2","TMEM244","RPS17P1","OR8K3","RPS6P7","RPS8P6","SEPT7P7","TRAJ38","RP11.42D20.1","RP11.410C4.2","RP11.21C4.4","RP11.180I4.1","FAM90A19P","KLRC4","RP11.191A15.4","OR1L3","AC074290.1","RP11.244K5.7","RP11.16F15.4","RP5.837I24.5","AC104651.2","RP3.468K18.5","RPS7P13","RP11.428G5.1","RP11.731D1.3","CEACAMP11","CTB.179I1.2","AC093084.1","AC139712.1","RP11.665E10.3","NEU2","RP11.740N7.4","PNMA6B","HMGN1P28","HMGN2P22","RP11.129O7.2","AC007395.4","RP11.321E2.6","RP11.6B19.3","PRAMEF14","PPP1R26P3","RP11.61F5.1","RP11.809N8.6","TULP3P1","PHKBP1","RP11.777B9.5","RP11.740D6.3","HMGN2P10","RP11.56P9.4"
"1","HUES44",0,0,0,0,0,0,0,0,0,0,0,0,0,0,0,0,0,0,0,0,0,0,0,0,0,0,0,0,0,0,0,0,0,0,0,0,0,0,0,0,0,0,0,0,0,0,0,0,0,0,0,0,0,0,0,0,0,0,0,0,0,0,0,0,0,0,0,0,0,0,0,0,0,0,0,0,0,0,0,0,0,0,0,0,0,0,0,0,0,0,0,0,0,0,0,0,0,0,0,0
"2","HUES13",0,0,0,0,0,0,0,0,0,0,0,0,0,0,0,0,0,0,0,0,0,0,0,0,0,0,0,0,0,0,0,0,0,0,0,0,0,0,0,0,0,0,0,0,0,0,0,0,0,0,0,0,0,0,0,0,0,0,0,0,0,0,0,0,0,0,0,0,0,0,0,0,0,0,0,0,0,0,0,0,0,0,0,0,0,0,0,0,0,0,0,0,0,0,0,0,0,0,0,0
"3","HUES49",0,0,0,0,0,0,0,0,0,0,0,0,0,0,0,0,0,0,0,0,0,0,0,0,0,0,0,0,0,0,0,0,0,0,0,0,0,0,0,0,0,0,0,0,0,0,0,0,0,0,0,0,0,0,0,0,0,0,0,0,0,0,0,0,0,0,0,0,0,0,0,0,0,0,0,0,0,0,0,0,0,0,0,0,0,0,0,0,0,0,0,0,0,0,0,0,0,0,0,0
"4","H9",0,0,0,0,0,0,0,0,0,0,0,0,0,0,0,0,0,0,0,0,0,0,0,0,0,0,0,0,0,0,0,0,0,0,0,0,0,0,0,0,0,0,0,0,0,0,0,0,0,0,0,0,0,0,0,0,0,0,0,0,0,0,0,0,0,0,0,0,0,0,0,0,0,0,0,0,0,0,0,0,0,0,0,0,0,0,0,0,0,0,0,0,0,0,0,0,0,0,0,0
"5","HUES1",0,0,0,0,0,0,0,0,0,0,0,0,0,0,0,0,0,0,0,0,0,0,0,0,0,0,0,0,0,0,0,0,0,0,0,0,0,0,0,0,0,0,0,0,0,0,0,0,0,0,0,0,0,0,0,0,0,0,0,0,0,0,0,0,0,0,0,0,0,0,0,0,0,0,0,0,0,0,0,0,0,0,0,0,0,0,0,0,0,0,0,0,0,0,0,0,0,0,0,0
"6","HUES45",0,0,0,0,0,0,0,0,0,0,0,0,0,0,0,0,0,0,0,0,0,0,0,0,0,0,0,0,0,0,0,0,0,0,0,0,0,0,0,0,0,0,0,0,0,0,0,0,0,0,0,0,0,0,0,0,0,0,0,0,0,0,0,0,0,0,0,0,0,0,0,0,0,0,0,0,0,0,0,0,0,0,0,0,0,0,0,0,0,0,0,0,0,0,0,0,0,0,0,0
"7","HUES62",0,0,0,0,0,0,0,0,0,0,0,0,0,0,0,0,0,0,0,0,0,0,0,0,0,0,0,0,0,0,0,0,0,0,0,0,0,0,0,0,0,0,0,0,0,0,0,0,0,0,0,0,0,0,0,0,0,0,0,0,0,0,0,0,0,0,0,0,0,0,0,0,0,0,0,0,0,0,0,0,0,0,0,0,0,0,0,0,0,0,0,0,0,0,0,0,0,0,0,0
"8","H1",0,0,0,0,0,0,0,0,0,0,0,0,0,0,0,0,0,0,0,0,0,0,0,0,0,0,0,0,0,0,0,0,0,0,0,0,0,0,0,0,0,0,0,0,0,0,0,0,0,0,0,0,0,0,0,0,0,0,0,0,0,0,0,0,0,0,0,0,0,0,0,0,0,0,0,0,0,0,0,0,0,0,0,0,0,0,0,0,0,0,0,0,0,0,0,0,0,0,0,0
"9","HUES8",0,0,0,0,0,0,0,0,0,0,0,0,0,0,0,0,0,0,0,0,0,0,0,0,0,0,0,0,0,0,0,0,0,0,0,0,0,0,0,0,0,0,0,0,0,0,0,0,0,0,0,0,0,0,0,0,0,0,0,0,0,0,0,0,0,0,0,0,0,0,0,0,0,0,0,0,0,0,0,0,0,0,0,0,0,0,0,0,0,0,0,0,0,0,0,0,0,0,0,0
"10","HUES66",0,0,0,0,0,0,0,0,0,0,0,0,0,0,0,0,0,0,0,0,0,0,0,0,0,0,0,0,0,0,0,0,0,0,0,0,0,0,0,0,0,0,0,0,0,0,0,0,0,0,0,0,0,0,0,0,0,0,0,0,0,0,0,0,0,0,0,0,0,0,0,0,0,0,0,0,0,0,0,0,0,0,0,0,0,0,0,0,0,0,0,0,0,0,0,0,0,0,0,0
"11","HUES28",0,0,0,0,0,0,0,0,0,0,0,0,0,0,0,0,0,0,0,0,0,0,0,0,0,0,0,0,0,0,0,0,0,0,0,0,0,0,0,0,0,0,0,0,0,0,0,0,0,0,0,0,0,0,0,0,0,0,0,0,0,0,0,0,0,0,0,0,0,0,0,0,0,0,0,0,0,0,0,0,0,0,0,0,0,0,0,0,0,0,0,0,0,0,0,0,0,0,0,0
"12","HUES48",0,0,0,0,0,0,0,0,0,0,0,0,0,0,0,0,0,0,0,0,0,0,0,0,0,0,0,0,0,0,0,0,0,0,0,0,0,0,0,0,0,0,0,0,0,0,0,0,0,0,0,0,0,0,0,0,0,0,0,0,0,0,0,0,0,0,0,0,0,0,0,0,0,0,0,0,0,0,0,0,0,0,0,0,0,0,0,0,0,0,0,0,0,0,0,0,0,0,0,0
"13","HUES64",0,0,0,0,0,0,0,0,0,0,0,0,0,0,0,0,0,0,0,0,0,0,0,0,0,0,0,0,0,0,0,0,0,0,0,0,0,0,0,0,0,0,0,0,0,0,0,0,0,0,0,0,0,0,0,0,0,0,0,0,0,0,0,0,0,0,0,0,0,0,0,0,0,0,0,0,0,0,0,0,0,0,0,0,0,0,0,0,0,0,0,0,0,0,0,0,0,0,0,0
"14","HUES9",0,0,0,0,0,0,0,0,0,0,0,0,0,0,0,0,0,0,0,0,0,0,0,0,0,0,0,0,0,0,0,0,0,0,0,0,0,0,0,0,0,0,0,0,0,0,0,0,0,0,0,0,0,0,0,0,0,0,0,0,0,0,0,0,0,0,0,0,0,0,0,0,0,0,0,0,0,0,0,0,0,0,0,0,0,0,0,0,0,0,0,0,0,0,0,0,0,0,0,0
"15","HUES65",0,0,0,0,0,0,0,0,0,0,0,0,0,0,0,0,0,0,0,0,0,0,0,0,0,0,0,0,0,0,0,0,0,0,0,0,0,0,0,0,0,0,0,0,0,0,0,0,0,0,0,0,0,0,0,0,0,0,0,0,0,0,0,0,0,0,0,0,0,0,0,0,0,0,0,0,0,0,0,0,0,0,0,0,0,0,0,0,0,0,0,0,0,0,0,0,0,0,0,0
"16","HUES53",0,0,0,0,0,0,0,0,0,0,0,0,0,0,0,0,0,0,0,0,0,0,0,0,0,0,0,0,0,0,0,0,0,0,0,0,0,0,0,0,0,0,0,0,0,0,0,0,0,0,0,0,0,0,0,0,0,0,0,0,0,0,0,0,0,0,0,0,0,0,0,0,0,0,0,0,0,0,0,0,0,0,0,0,0,0,0,0,0,0,0,0,0,0,0,0,0,0,0,0
"17","HUES3",0,0,0,0,0,0,0,0,0,0,0,0,0,0,0,0,0,0,0,0,0,0,0,0,0,0,0,0,0,0,0,0,0,0,0,0,0,0,0,0,0,0,0,0,0,0,0,0,0,0,0,0,0,0,0,0,0,0,0,0,0,0,0,0,0,0,0,0,0,0,0,0,0,0,0,0,0,0,0,0,0,0,0,0,0,0,0,0,0,0,0,0,0,0,0,0,0,0,0,0
"18","HUES63",0,0,0,0,0,0,0,0,0,0,0,0,0,0,0,0,0,0,0,0,0,0,0,0,0,0,0,0,0,0,0,0,0,0,0,0,0,0,0,0,0,0,0,0,0,0,0,0,0,0,0,0,0,0,0,0,0,0,0,0,0,0,0,0,0,0,0,0,0,0,0,0,0,0,0,0,0,0,0,0,0,0,0,0,0,0,0,0,0,0,0,0,0,0,0,0,0,0,0,0
"19","hESC SC2-1",0,0,0,0,0,0,0,0,0,0,0,0,0,0,0,0,0,0,0,0,0,0,0,0,0.06,0,0,0,0,0,0,0,0,0,0,0,0,0,0,0,0,0,0,0,0,0,0,0,0,0,0,0,0,0,0.06,0,0,0,0,0,0,0,0,0,0,0,0,0,0,0,0,0,0,0,0,0,0,0,0,0,0,0,0,0,0,0,0,0,0,0,0,0,0,0,0,0,0,0,0,0
"20","hESC SC2-2",0,0,0,0,0,0,0,0,0,0,0,0,0,0,0,0,0,0,0,0,0,0,0,0,0,0,0,0,0,0,0,0,0,0,0,0,0,0,0,0,0,0,0,0,0,0,0,0,0,0,0,0,0,0,0,0,0,0,0,0,0,0,0,0,0,0,0,0,0,0,0,0,0,0,0,0,0,0,0,0,0,0,0,0,0,0,0,0,0,0,0,0,0,0,0,0,0,0,0,0
"21","hESC SC2-3",0,0,0,0,0,0,0,0,0,0,0,0,0,0,0,0,0,0,0,0,0,0,0,0,0,0,0,0,0,0,0,0,0,0,0,0,0,0,0,0,0,0,0,0,0,0,0,0,0,0,0,0,0,0,0,0,0,0,0,0,0,0,0,0,0,0,0,0,0,0,0,0,0,0,0,0,0,0,0,0,0,0,0,0,0,0,0,0,0,0,0,0,0,0,0,0,0,0,0,0
"22","hESC SC3-1",0,0,0,0,0,0,0,0,0,0,0,0,0,0,0,0,0,0,0,0,0,0,0,0,0,0,0,0,0,0,0,0,0,0,0,0,0,0,0,0,0,0,0,0,0,0,0,0,0,0,0,0,0,0,0,0,0,0,0,0,0,0,0,0,0,0,0,0,0,0,0,0,0,0,0,0,0,0,0,0,0,0,0,0,0,0,0,0,0,0,0,0,0,0,0,0,0,0,0,0
"23","hESC SC3-2",0,0,0,0,0,0,0,0,0,0,0,0,0,0,0,0,0,0,0,0,0,0,0,0,0,0,0,0,0,0,0,0,0,0,0,0,0,0,0,0,0,0,0,0,0,0,0,0,0,0,0,0,0,0,0,0,0,0,0,0,0,0,0,0,0,0,0,0,0,0,0,0,0,0,0,0,0,0,0,0,0,0,0,0,0,0,0,0,0,0,0,0,0,0,0,0,0,0,0,0
"24","hESC SC3-3",0,0,0,0,0,0,0,0,0,0,0,0,0,0,0,0,0,0,0,0,0,0,0,0,0,0,0,0,0,0,0,0,0,0,0,0,0,0,0,0,0,0,0,0,0,0,0,0,0,0,0,0,0,0,0,0,0,0,0,0,0,0,0,0,0,0,0,0,0,0,0,0,0,0,0,0,0,0,0,0,0,0,0,0,0,0,0,0,0,0,0,0,0,0,0,0,0,0,0,0
"25","hESC GFP12",0,0,0,0,0,0,0,0,0,0,0,0,0,0,0,0,0,0,0,0,0,0,0,0,0,0,0,0,0,0,0,0,0,0,0,0,0,0,0,0,0,0,0,0,0,0,0,0,0,0,0,0,0,0,0,0,0,0,0,0,0,0,0,0,0,0,0,0,0,0,0,0,0,0,0,0,0,0,0,0,0,0,0,0,0,0,0,0,0,0,0,0,0,0,0,0,0,0,0,0
"26","hESC GFP13",0,0,0,0,0,0,0,0,0,0,0,0,0,0,0,0,0,0,0,0,0,0,0,0,0,0,0,0,0,0,0,0,0,0,0,0,0,0,0,0,0,0,0,0,0,0,0,0,0,0,0,0,0,0,0,0,0,0,0,0,0,0,0,0,0,0,0,0,0,0,0,0,0,0,0,0,0,0,0,0,0,0,0,0,0,0,0,0,0,0,0,0,0,0,0,0,0,0,0,0
"27","hESC GFP5",0,0,0,0,0,0,0,0,0,0,0,0,0,0,0,0,0,0,0,0,0,0,0,0,0,0,0,0,0,0,0,0,0,0,0,0,0,0,0,0,0,0,0,0,0,0,0,0,0,0,0,0,0,0,0,0,0,0,0,0,0,0,0,0,0,0,0,0,0,0,0,0,0,0,0,0,0,0,0,0,0,0,0,0,0,0,0,0,0,0,0,0,0,0,0,0,0,0,0,0
"28","hESC GFP2",0,0,0,0,0,0,0,0,0,0,0,0,0,0,0,0,0,0,0,0,0,0,0,0,0,0,0,0,0,0,0,0,0,0,0,0,0,0,0,0,0,0,0,0,0,0,0,0,0,0,0,0,0,0,0,0,0,0,0,0,0,0,0,0,0,0,0,0,0,0,0,0,0,0,0,0,0,0,0,0,0,0,0,0,0,0,0,0,0,0,0,0,0,0,0,0,0,0,0,0
"29","hESC GFP3",0,0,0,0,0,0,0,0,0,0,0,0,0,0,0,0,0,0,0,0,0,0,0,0,0,0,0,0,0,0,0,0,0,0,0,0,0,0,0,0,0,0,0,0,0,0,0,0,0,0,0,0,0,0,0,0,0,0,0,0,0,0,0,0,0,0,0,0,0,0,0,0,0,0,0,0,0,0,0,0,0,0,0,0,0,0,0,0,0,0,0,0,0,0,0,0,0,0,0,0
"30","hESC GFP15",0,0,0,0,0,0,0,0,0,0,0,0,0,0,0,0,0,0,0,0,0,0,0,0,0,0,0,0,0,0,0,0,0,0,0,0,0,0,0,0,0,0,0,0,0,0,0,0,0,0,0,0,0,0,0,0,0,0,0,0,0,0,0,0,0,0,0,0,0,0,0,0,0,0,0,0,0,0,0,0,0,0,0,0,0,0,0,0,0,0,0,0,0,0,0,0,0,0,0,0
"31","HPSI1213i-xuja_2",0,0,0,0,0,0.12,0,0,0,0,0,0,0,0,0,0.05,0.69,0,0,0,0,0,0,0,0,0,1.62,0,0,0,0,0,0,0,0.68,0,0,0,0,0,0,0,0,0,0,0,0,0.32,0,0,0,0,0,0,0,0,0,0,0,0,0,0,0,0,0,0,0.1,0,0,0,0,0,0,0,0,0,0,0,0,0,0,0,0.12,0.11,0,0,0.36,0,0,0,0,0,0,0,0,0,1705.6,0,0,0
"32","HPSI0614i-voce_2",0,0,0,0,0,0.3,0,0,0,2.79,0.06,0,0,0,0,0,0,0,0,0,0,0,0.26,0,0,0,0.34,0,0,0,0,0,0,0,0,0,0,1.84,0,0,0,0,0,0,0,0,0,0.27,0,0,1.84,0,0,0,0,0,0,0,0,0,0,0,0,0,0,0,0,0,0,0,0,0,0,0,0,0,0,0,0,0,0,0,0.11,0.38,0,0,0,0,0,0,0.03,0,0,0,0,0,1679.03,0,0,0
"33","HPSI0814i-doao_2",0,0,0,0,0,0.08,0,0,0,0,0,0,0,0,0,0.06,0.8,0.25,0,0,0.12,0,0,0,0,0,0.69,0,0,0,0,0,0,0,0,0,0,0,0,0,0,0,0,0,0,0.79,0,0.35,0,0,0,0,0,0,0,0,0,0,0,0,0,0,0,0,0,0,0,0,0,0,0,0,0,0,0,0,0,0,0,0,0,0,0,0.87,0,0,0,0,0,0,0,0,0,0,0,0,3801.94,0,0,0
"34","HPSI0314i-sojd_3",0,0,0,0,0,0.1,0,0,0,0,0,0,0,0,0,0,0,0,0,0,0,0,0,0,0,0,0,0,0,0,0,0,0,0,0,0,0,0,0,0,0,0,0,0,0.1,0,0,0.05,0,0,0,0,0,0,0,0,0,0,0,0,0,0,0,0,0,0,0,0,0,0,0,0,0,0,0,1.25,0,0,0,0,0,0,0,0,0,0,0,0,0,0,0.04,0,0,0,0,0,1806.33,0.21,0,0
"35","HPSI0114i-lexy_2",0,0,0,0,0,0.13,0,0,0,0,0.08,0,0,0,0,0.06,0,0,0,0,0,0,0,0,0,0,0.35,0,0,0,0,0,0,0,0,0,0,0,0,0,0,0,0,0,0.19,0,0,0.19,0,0,0,0,0,0,0,0,0,0,0,0,0,0,0,0,0,0,0,0,0,0,0,0,0,0,0,0,0,0,0,0,0,0,0.14,1.7,0.2,0,0,0,0,0,0.03,0,0,0,0,0,1523.29,0,0,0
"36","HPSI1013i-jufd_2",0,0,0,0,0,0.18,0,0,0,6.01,0,0,0,0,0,0,0,0,0,0,0,0,0,0,0,0,0,0,0,0,0,0,0,0,0,0,0,2.02,0,0,0,0,0,0,0,0.96,0,0,0,0,0,0,0,0,0,0.17,0,0,0,0,0,0,0,0,0,0,0.07,0,0,0,0,0,0.12,0,0,0,0,0,0,0,0,0,0.18,0,0,0,0,0,0,0,0,0,0,0,0,0,1523.2,0,0,0
"37","HPSI0215i-deyz_3",0,0,0,0,0,0.16,0,0,0,3.2,0,0,0,0,0,0,0,0,0,0,0,0,0,0,0,0.09,0.54,0,0,0,0,0,0,0,0,0,0,0,0,0,0,0,0,1.6,0,0,0,0.13,0,0,1.11,0,0,0,0,0,0,0,0,0,0,0,0,0,0,0,0,1.62,0,0,0.23,0,0,0,0.31,0,0,0,0,0,0,0,0.15,0,0,0,0,0,0,0,0.11,0,0,0,0,0,2820.75,0,0,0
"38","HPSI0514i-sohd_2",0,0,0,0,0,0.2,0,0,0,0,0,0,0,0,0,0,0,0,0,0,0,0,0,0,0,0,0.26,0,0,0,0,0,0,0,0,0,0,0,0,0,0,0,0,0,0,0,0,0,0,0,2.42,0,0,0,0,0,0,0.04,0,0,1.29,0,0,0,0,0,0,0,0,0,0,0,0.08,0,0,1.21,0,0,0,0,0,0,0,0,0,0,0,0,0,0,0.01,0,0,0,0,0,2639.84,0,0,0
"39","HPSI0714i-kute_4",0,0,0,0,0,0.31,0,0,0,0,0,0,0,0,0,0,1.17,0,0,0.05,0,0,0,0.35,0,0,0.22,0,0,0,0,0,0,0,0,0,0,0.62,0,0,0,0,0,0.65,0.2,0,0,0.07,0,0,0,0,0,0,0,0,0,0,0,0,0,0,0,0.01,0.05,0,0.04,0,0,0,0,0,0,0,0.17,0,0,0,0,0,0,0,0.21,0,0,0,0.3,0,0,0,0,0,0,0,0,0,3416.03,0,0,0
"40","HPSI0115i-payf_1",0,0,0,0,0,0.21,0,0,0,0,0,0,0,0,0,0,0,0,0,0,0.1,0,0,0,0,0,0.42,0,0,0.26,0,0,0,0,0,0,0,0,0,0,0,0,0,0,0.06,0,0,0.45,0,0,2.65,0,0,0,0,0,0,0,0,0,0,0,0,0,0,0,0.04,0,0,0,0,0,0,0,0,0.88,0,0,0,0,2.2,0.02,0.21,1.17,0,0,0.31,0,0,0,0,0,0,0.21,0,0,2410.48,0,0,0
"41","HPSI0115i-tiku_1",0,0,0,0,0,0.14,0,0,0,0,0,0,0,0,0,0,1.44,0,0,0,0,0,0,0.34,0,0,0.38,0,0,0,0,0.29,0,0,0,0,0,0,0.01,0,0,0,0,0,0.08,0,0,0.12,0,0,1.11,0,0,0,0,0,0,0,0,0,0,0,0,0,0,0,0,0,0,0,0,0,0,0,0,0,0.24,0,0,0,0,0,0.37,1.32,0,0,0,0,0,0,0,0,0,0,0,0,1183.43,0,0,0
"42","HPSI0115i-aoxv_3",0,0,0,0,0,0.12,0,0,0,0,0,0,0,0,0,0,0,0,0,0,0,0,0,0,0,0,0.75,0,0,0,0,0,0,0,0,0,0,0.54,0,0,0,0,0,0,0.11,0,0,0,0.02,0,2.34,0,0,0,0,0,0,0,0,0,0,0,0,0,0,0,0.1,0,0,0,0,0,0,0,0,0,0,0,0,0,0,0.02,0.09,0,0,0.68,0,0,0,0,0,0,0,0,0,0,2634.57,0,0,0
"43","HPSI0314i-bipt_1",0,0,0,0,0,0,0,0,0,0,0,0,0,0,0,0,0,0,0,0,0,0,0,0,0,0,1.06,0,0,0,0,0,0,0,0,0,0,0,0,0,0,0,0,0,0.1,0,0,0,0.04,0,0,0,0,0,0,0,0,0,0,0,0,0,0,0,0,0,0.11,0,0,0,0,0,0,0,0.29,0,0,0,0,0,0,0,0.3,1.16,0,0,0.42,0,0,0,0,0,0,0,0,0,3375.28,0,0,0
"44","HPSI0115i-aoxv_1",0,0,0,0,0,0.17,0,0,0,0,0,0,0,0,0,0,0,0,0,0,0,0,0,0.32,0,0,0.5,0,0,0,0,0,0,0,0,0,0,0.58,0,0,0,0,0,0,0,0,0,0.28,0,0,1.75,0,0,0,0,0,0,0,0,0,0,0,0,0,0,0,0,0,0,0,0,0,0,0,0,0,0,0,0,0,0,0,0.1,0,0,0,0,0,0,0,0.04,0,0,0,0,0,2606.19,0,0,0
"45","HPSI0114i-oevr_3",0.07,0,0,0,0,0.17,0,0,0,0,0,0,0,0,0,0.06,0.71,0,0,0,0,0,0,0,0,0,0.7,0,0,0,0,0,0,0,0,0,0,0,0,0,0,0,0,0,0,0,0,0.19,0,0,0,0,0,0,0,0,0,0,0,0,0,0,0,0,0.07,0,0,0,0,0,0,0,0,0,0,0,0,0,0,0,0,0,0,0,0,0,0,0,0,0,0,0,0,0,0,0,1.89,0,0,0
"46","HPSI1113i-ieki_3",0,0,0,0,0,0.08,0,0,0,0,0,0,0,0,0,0,0.55,0,0,0,0,0,0,0,0,0,0.47,0,0,0,0.09,0,0,0,0,0,0,0,0,0,0,0,0,0,0.07,0,0,0.4,0,0,0.88,0,0,0,0,0,0,0,0,0,0,0,0,0,0,0,0.04,0,0,0,0,0,0,0,0,0.88,0,0,0,0,0,0.03,0.33,0,0,0,0,0,0,0,0,0,0,0,0,0,2199.52,0,0,0
"47","HPSI1114i-xiby_5",0,0,0,0,0,0.11,0,0,0,0,0,0,0,0,0,0,0.61,0,0.78,0,0.1,0,0,0,0,0,0.32,0,0,0,0,0,0,0,0.61,0,1.34,0,0,0,0.42,0,0,0,0.13,0,0,0,0,0.04,2.79,0,0.12,0,0,0,0,0,0,0,0,0,0,0,0,0,0,0,0,0,0,0,0,0,0,0,0,0,0,0,0,0,0.23,0,0,0,0,0,0,0,0,0,0,0,0,0,978.39,0,0,0
"48","HPSI0914i-suop_2",0.06,0,0,0,0,0.14,0,0,0,0,0,0,0,0,0,0,0.64,0,0,0,0,0,0,0,0,0,0.47,0,0,0.28,0,0,0,0,0,0,0,0.68,0,0,0,0,0,0,0.07,0,0,0,0,0,5.27,0,0,0,0,0,0,0.04,0,0,0,0,0,0,0.06,0,0.08,1.67,0,0,0,0.08,0.14,0,0,0,0,0,0,0,0,0,0.11,0,0,0,0,0,0,0,0.03,0,0,0,0,0,2352.93,0,0,0
"49","HPSI0514i-naah_2",0,0,0,0,0,0.42,0,0,0,0,0,0,0,0,0,0,0,0,0,0,0,0,0,0.92,0,0,0,0.03,0,0.35,0,0,0,0,0,0,0,0,0,0,0,0,0,0,0.26,0,0,0.11,0,0,1.3,0,0,0.21,0,0,0,0,0,0,0,0,0,0,0.07,0,0,0,0,0,0,0,0.08,0,0,0,0,0,0.09,0,0,0,0.14,0.86,0,0,0.42,0,0,0,0.05,0,0,0.28,0,0,3018.8,0,0,0
"50","HPSI0114i-eipl_1",0,0,0,0,0,0.1,0,0,0,0,0,0,0,0,0,0,0,0,0,0,0,0,0,0,0,0,0.27,0,0,0,0,0,0,0,0,0,0,0,0,0,0,0,0,0,0.1,0,0,0,0,0,0,0,0,0,0,0,0,0,0,0,0,0,0,0,0,0,0,0,0,0,0,0,0,0,0,0,0,0,0,0,0,0.04,0,0,0,0,0,0,0,0,0.04,0,0,0,0,0,2821.87,0.18,0,0
"51","HPSI0614i-liqa_1",0.06,0,0,0,0,0.61,0,0,0,6.53,0,0,0,0,0,0,0.58,0,0,0,0,0,0,0,0,0.07,0.22,0,0,0.78,0,0,0,0,0,0,0,0,0,0.3,0.48,0,0,0,0.26,0,0,0.21,0,0,2.71,0,0,0,0,0,0,0,0,0,0,0,0,0,0,0,0.04,2.76,0,0,0,0,0,0,0,0,0,0,0,0,0,0,0.1,0,0.16,0,0.31,0,0,0,0.07,0,0,0.21,0,0,1838.53,0,0,0
"52","HPSI0514i-oupf_6",0,0,0,0,0,0.37,0,0,0,0,0,0,0,0,0,0,0,0.21,0,0,0,0,0,0,0,0,0.23,0,0,0,0,0.26,0,0,0,0,0,0,0,0,0,0,0,0,0.07,0,0,0.18,0,0,0.99,0,0,0,0,0,0,0,0,0,0,0,0,0,0,0,0.04,0,0,0,0,0,0,0,0,0,0.17,0,0,0,0,0,0.22,0.48,0,0,0,0,0,0,0.08,0,0,0,0,0,2621.48,0,0,0
"53","HPSI0714i-oatm_1",0.07,0,0,0,0,0.32,0,0,0,0,0,0,0,0,0,0,0,0,0,0,0,0,0,0,0,0,0.5,0,0,0.3,0,0,0,0,0,0,0,0,0,0,0,0,0,0,0,0,0,0.37,0,0,2.19,0,0,0,0,0,0,0,0,0,0,0,0,0,0,0,0,0,0,0,0,0,0.08,0,0,0,0,0,0,0,0,0.03,0.48,0,0,0,0,0,0,0,0.09,0,0,0,0,0,1246.66,0,0,0
"54","HPSI0115i-hecn_3",0,0,0,0,0,1.97,0,0,0,14.36,0,0,0,0,0,0,0.93,0.31,0,0,0.06,0,0,0,0,0,0.12,0,0,0,0,0,0,0,0,0,0,0.98,0,0.45,15.12,0,0,0,0,1.84,0,0.06,0,0,5.43,0,0,0,0,0.08,0,0,0,0,0,0,0,0,0,0,0,1.25,0,0,0,0,0.18,0,0,3.11,0,0,0,0,0,0,0,0,0.71,0,4.95,0,0,0,0,0,0,0,0,0,8542.78,0,0,0
"55","HPSI0514i-xayd_5",0,0,0,0,0,0.08,0,0,0,4.39,0.04,0,0,0,0,0.03,0,0,0,0,0.07,0,0,0,0,0,1.37,0,0,0,0,0,0,0,0,0,0,0,0,0,0,0,0,0,0.05,0,0,0.1,0,0,1.31,0,0,0,0,0,0,0,0,0,0.69,0,0,0,0,0,0.03,2.02,0,0,0,0,0,0,0.16,0,0,0,0,0,0,0,0.07,0.41,0,0,0,0.06,0,0,0,0,0,0,0,0,977.75,0,0,0
"56","HPSI1213i-pahc_4",0,0,0,0,0,0.14,0,0,0,0,0,0,0,0,0,0,0,0.2,0,0,0,0,0,0.33,0,0,0.42,0,0,0,0,0.24,0,0,0.32,0,0,0,0,0,0,0,0,0,0,0,0,0.5,0,0,0,0,0,0,0,0,0,0,0,0,0,0,0,0,0,0,0,0,0,0,0,0,0,0,0.23,0.95,0,0,0,0,0,0,0.24,0,0,0,0.3,0,0,0,0.03,0,0,0,0,0,4306.03,0.15,0,0
"57","HPSI0614i-uevq_4",0.07,0,0,0,0,0.16,0,0,0.16,0,0,0,0,0,0,0,0,0,1.22,0,0,0,0,0.41,0,0,1.56,0,0,0,0,0,0,0,0,0,0,1.46,0,0,0.25,0,0,0,0.24,0,0,0.55,0.03,0,2.15,0,0,0,0,0,0,0,0,0,0,0,0,0,0,0,0,1.64,0,0,0,0.09,0.24,0,0,2.15,0,0,0,0,0,0,0,0,0,0,0,0,0,0,0,0,0,0,0,0,0,0,0,0
"58","HPSI1113i-bima_2",0,0,0,0,0,0,0,0,0,5.18,0,0,0,0,0,0.15,0.87,0,0,0,0,0,0,0,0,0,0.44,0,0,0,0,0,0,0,0,0,0,0,0,0,0,0,0,0,0,0,0,0.18,0,0,0,0,0,0,0,0,0,0,0,0,0,0,0,0,0,0,0,0,0,0,0,0,0,0,0,0,0,0,0,0,0,0,0,0,0,0,0,0,0,0,0.04,0,0,0,0,0,1204.09,0,0,0
"59","HPSI0714i-tosj_4",0.04,0,0,0,0,0.16,0,0,0,0,0,0,0,0,0,0,0,0,0,0,0.14,0,0,0.23,0,0,0.44,0,0,0,0,0,0,0,0,0,0,0.8,0,0,0,0,0,0,0.05,0.38,0,0.16,0,0,4.17,0,0,0,0,0,0,0,0,0,0,0,0,0,0,0,0.03,0.91,0,0,0,0,0.05,0,0,0.6,0,0,0,0,0,0,0,0.32,0,0,0,0,0,0,0.08,0,0,0,0,0,1787.75,0,0,0
"60","HPSI0514i-vuna_3",0,0,0,0,0,0.32,0,0,0,0,0,0,0,0,0,0,0,0,0,0,0,0,0,0,0,0,0.11,0,0,0,0,0,0,0,0,0,0,0,0,0,0,0,0,0,0,0,0,0.08,0,0,0,0,0,0,0,0,0,0,0,0,0,0,0,0,0,0,0,0,0,0,0.18,0,0,0,0,0,0,0,0,0,0,0,0.11,0,0,0,0,0,0,0,0.03,0,0,0.21,0,0,2896.82,0,0,0
"61","HPSI0414i-oaqd_2",0,0,0,0,0,0.4,0,0,0,3.6,0,0,0,0,0,0,0.72,0,0,0,0,0,0,0,0,0,0.51,0,0,0,0,0.3,0,0,0,0,0,0.76,0,0,0,0,0,0,0.08,0,0,0.14,0,0,1.1,0,0,0,0,0,0,0,0,0,0,0,0,0,0,0,0,3.32,0,0,0,0,0,0,0,0,0,0,0,0,0,0,0,0.85,0,0,0,0,0,0,0,0,0,0.26,0,0,3074.9,0,0,0
"62","HPSI0115i-iuad_3",0,0,0,0,0,0.4,0,0,0,3,0.06,0,0,0,0,0,0,0.47,0,0,0.11,0,0,0,0,0,1.09,0,0,0.3,0,0,0,0,0,0,0,0.7,0,0,0,0,0,0,0,0.66,0,0,0,0,0,0,0,0,0,0.12,0,0,0,0,0,0,0,0,0,0,0.04,0,0,0,0,0,0,0,0.28,0,0,0,0,0,0,0,0.37,0,0,0,0,0,0,0,0.08,0,0,0.24,0,0,2168.33,0,0,0
"63","HPSI0514i-suul_2",0,0,0,0,0,0.13,0,0,0,0,0,0,0,0,0,0,1.14,0,0,0,0,0,0,0,0,0,0.2,0,0,0.5,0,0,0,0,0,0,0,0.6,0,0,0.2,0,0,1.07,0,0,0,0.08,0,0,4.44,0,0,0,0,0,0,0.04,0,0,0,0,0,0,0,0,0.07,1.32,0,0.17,0,0,0.07,0,0,0,0.15,0,0,0,0,0,0.41,0,0,0,0,0,0,0,0.02,0,0,0.2,0,0,3116.14,0,0,0
"64","HPSI0514i-uenn_3",0,0,0,0,0,0.08,0,0,0,0,0,0,0,0,0,0,0,0,0,0,0.11,0,0,0,0,0,1.3,0,0,0.56,0,0,0,0,0,0,0,0,0,0,0,0,0,0,0,0.63,0,0.45,0,0,0,0,0,0,0,0,0,0,0,0,0,0,0,0,0.06,0,0.04,0,0,0,0.2,0,0,0,0.26,1.04,0.16,0,0,0,0,0,0.12,1.23,0,0,0.33,0,0,0,0,0.01,0,0,0,0,2515.12,0,0,0
"65","HPSI0214i-poih_2",0,0,0,0,0,0,0,0,0,0,0.06,0,0,0,0,0,1.25,0,0,0,0,0,0,0,0,0,0.88,0,0,0.56,0,0,0,0,0,0,0,0,0,0,0,0,0,0,0.14,0,0,0,0,0,0.98,0,0,0,0,0,0,0,0,0,0,0,0,0,0,0,0,0,0,0,0,0,0.07,0,0,2.94,0,0,0,0,0,0,0,0,0,0,0,0,0,0,0,0,0,0,0,0,2951.39,0,0,0
"66","HPSI0115i-boqx_2",0,0,0,0,0,0.11,0,0,0,0,0.14,0,0,0.03,0,0,0,0,0,0,0,0,0,0,0,0,0.18,0,0,0,0,0,0,0,0,0,0,0.54,0,0,0,0,0,0,0.05,0,0,0,0,0,0.79,0,0,0,0,0,0,0,0,0,0,0,0,0,0,0,0.06,1.23,0,0,0,0,0,0,0,0,0.06,0,0,0,0,0,0.09,0,0,0,0.26,0,0,0,0,0,0,0,0,0,0,0,0,0
"67","HPSI0115i-rehy_3",0,0,0,0,0,0.15,0,0,0,0,0,0,0,0,0,0,0,0,0,0,0,0,0,0.41,0,0,1.12,0,0,0.31,0,0,0,0,0,0.06,0,0,0.01,0,0.24,0,0,0,0.07,0,0,0,0,0,1.06,0,0,0,0,0,0,0,0,0,0,0,0,0,0,0,0.04,0,0,0,0,0,0.24,0,0,0,0,0,0,0,0,0,0.47,0,0,0,0,0,0,0,0.09,0,0,0,0,0,1313,0,0,0
"68","HPSI0514i-fiaj_3",0.13,0,0,0,0,0.26,0,0,0,0,0,0,0,0,0,0,0,0,0,0,0,0,0,0,0,0.14,0.58,0,0,0,0,0,0,0,0,0,0,0,0,0,0,0,0,0,0.14,0,0,0.65,0,0,0.97,0,0,0,0,0,0,0,0,0,0,0,0,0,0,0,0,0,0,0,0,0,0.14,0,0,0,0.08,0,0,0,0,0,0.45,0,0,0,0,0,0,0,0.02,0,0,0,0,0,3370.06,0,0,0
"69","HPSI0913i-oapg_5",0,0,0,0,0,0.22,0,0,0,0,0,0,0,0,0,0,0,0,0,0,0.1,0,0,0,0,0,0.29,0,0,0,0,0,2.08,0,0,0,0,0,0,0,0,0,0,0,0.22,0,0,0.73,0.02,0,0.97,0,0,0,0,0,0,0,0,0,0,0,0,0,0,0,0.04,0,0,0,0,0,0,0,0,0.97,0.16,0,0,0,0,0,0.32,1.05,0,0,0,0,0,0,0,0,0,0,0,0,2725.13,0,0,0
"70","HPSI0414i-mita_2",0,0,0,0,0,0.13,0,0,0,0,0,0,0,0,0,0,0,0,0,0,0,0,0,0,0,0,0.37,0,0,0,0,0,0,0,0,0,0,0,0,0,0.25,0,0,0,0.09,0,0,0.45,0,0,0,0,0,0,0,0,0,0,0,0,0,0,0,0,0,0,0.05,0,0,0,0,0,0,0,0,0,0.2,0,0,0,0,0,0,0,0,0,0,0,0,0,0,0,0,0,0,0,1213.31,0,0,0
"71","HPSI0114i-rozh_4",0,0,0,0,0,0.25,0,0,0,0,0,0,0,0,0,0,0,0,0,0,0,0,1.37,0,0,0,1.22,0,0,0,0,0,0,0,1.03,0,0,0,0,0,0.26,0,0,0,0,0,0,0.24,0,0,0,0.07,0,0,0,0,0,0,0,0,0,0,0,0,0,0,0.05,0,0,0,0,0,0,0,0,0,0,0.14,0,0,0,0,0.33,0.97,0,0,0,0,0,0,0,0,0,0,0,0,1592.54,0,0,0
"72","HPSI0914i-kajh_3",0,0,0,0,0,0.22,0,0,0,0,0,0,0,0,0,0,0,0,0,0,0,0,0,0,0,0,0.21,0,0,0,0,0,0,0,0,0,0,0,0,0,0,0,0,0,0.13,0.59,0,0.47,0,0,4.65,0,0,0,0,0,0,0,0,0,0,0,0,0,0.19,0,0.04,0,0,0.18,0,0,0.12,0,0,0,0.14,0,0,0,0,0,0.22,0,0,0,0,0,0,0,0,0,0,0,0,0,3755.66,0,0,0
"73","HPSI0115i-kozf_1",0,0,0,0,0,0.19,0,0,0,0,0.18,0,0,0,0,0,0,0,0,0,0.1,0,0,0,0,0,0.23,0,0,0.56,0,0,0,0,0,0,0,0.66,0,0,0,0,1.92,0,0,1.25,0,0.21,0,0,1.97,0,0,0,0,0,0,0,0,0.09,0,0,0,0,0,0,0.04,0,0,0,0,0,0,0,0,0,0.08,0,0,0,0,0,0.11,0.45,0,0,0.34,0,0,0,0.05,0,0,0,0,0,3162.54,0,0,0
"74","HPSI0115i-gifk_1",0,0,0,0,0,0.19,0,0,0,2.92,0.07,0,0,0.09,0,0,0,0,0,0,0,0,0,0.44,0,0.08,0.53,0,0,0,0,0,0,0,0,0,0,0.76,0.01,0,0,0,0,0,0.08,0,0,0,0,0,1.08,0,0,0,0,0,0,0,0,0,0,0,0,0,0,0,0,0,0,0,0,0,0,0.14,0,0,0,0,0,0,2.3,0,0.26,0,0,0,0,0,0,0,0,0,0,0,0,0,1528.91,0,0,0
"75","HPSI1213i-hehd_2",0,0,0,0,0,0.18,0,0,0,0,0,0,0,0,0,0,0,0,0,0,0,0,0,0,0,0,0.49,0,0,0,0,0.32,0,0,0,0,0,0,0,0,0,0,0,0,0.09,0,0,0.13,0,0,0,0,0,0,0,0,0,0,0,0,0,0,0,0,0,0,0.1,0,0,0,0,0,0,0,0,0,0,0,0,0,0,0,0.28,1.68,0,0,0,0,0,0,0.03,0,0,0,0,0,1133.6,0,0,0
"76","HPSI0115i-kozf_2",0,0,0,0,0,0.47,0,0,0,4.29,0,0,0,0,0,0,1.27,0,0,0,0,0,0,0.37,0,0,0.69,0,0,0.85,0,0,0,0,0,0,0,0,0,0,0,0,0,0,0,0,0,0,0,0,1.93,0,0,0,0,0,0,0,0,0,0,0,0,0,0,0,0,0,0,0,0,0,0.07,0,0,0,0,0,0,0,0,0,0.11,0.69,0,0,0,0,0,0,0.03,0,0,0,0,0,2750.04,0,0,0
"77","HPSI1114i-zuuy_4",0,0,0,0,0,0.06,0,0,0,1.69,0.14,0,0,0,0,0,0,0,0,0,0,0,0,0,0,0,0.44,0,0,0.22,0,0,0,0,0,0,0,0,0,0.25,0.16,0,0,0,0,0.49,0,0.1,0,0,0,0,0,0,0,0,0,0,0,0,0,0,0,0,0,0,0,0,0,0.15,0,0,0,0,0,0,0,0,0,0,0,0,0.09,0,0,0,0,0,0,0,0.02,0,0,0,0,0,1053.98,0,0,0
"78","HPSI0115i-hecn_6",0.07,0,0,0,0,0.36,0,0,0,2.31,0.07,0,0,0,0,0,0,0,0,0,0.12,0,0,0,0,0,0.66,0,0,0,0,0.3,0,0,0,0.06,0,0,0,0,0.25,0,0,0,0.08,0,0,0.1,0,0,1.21,0.06,0,0,0,0,0,0,0,0,0,0,0,0,0,0,0.13,0,0,0,0,0,0,0,0,0,0,0,0,0,0,0,0.26,0,0.21,0,0,0,0,0,0,0,0,0,0,0,3240.4,0,0,0
"79","HPSI0914i-rejf_2",0,0,0,0,0,0.2,0,0,0,0,0,0,0,0,0,0,0,0,0,0,0,0,0,0,0,0,0.35,0,0,0.27,0,0.25,0,0,0,0,0,0,0,0,0.22,0,0,0,0.14,0,0,0.26,0,0.05,0.97,0,0,0,0,0,0,0,0,0,0,0,0,0,0.06,0,0.04,0,0,0,0,0,0.08,0,0.25,0.97,0,0,0,0,0,0.02,0.11,0,0,0,0,0,0,0,0,0,0,0,0,0,2781.25,0,0,0
"80","HPSI0614i-lirf_6",0,0,0,0,0,0.22,0,0,0,0,0,0,0,0,0,0,0,0,0,0,0,0,0,0.33,0,0,0.31,0,0,0,0,0,0,0,0,0,0,0,0,0,0,0,0,0,0.06,0,0,0.2,0.02,0,0.88,0,0,0,0,0,0,0.04,0,0,0,0,0,0,0,0,0,0,0,0.17,0,0,0,0,0,0,0,0,0,0,0,0.04,0.31,0,0,0,0.29,0,0,0,0.03,0,0,0,0,0,2157.87,0,0,0
"81","HPSI0614i-juzt_4",0.07,0,0,0,0,0.15,0,0,0,0,0,0,0,0,0,0,0.71,0,0,0,0,0,0,0,0,0,1.17,0,0,0.32,0,0,0,0,0,0,0,1.48,0,0,0,0,0,0,0,0,0,0.19,0.03,0,2.17,0,0,0,0,0,0,0,0,0,0,0,0,0,0,0,0,0,0,0,0,0.09,0.08,0,0.29,0,0.09,0,0,0,0,0,0,0,0,0,0,0,0,0,0,0,0,0,0,0,3652.65,0,0,0
"82","HPSI1213i-babk_2",0,0,0,0,0,0.13,0,0,0,0,0,0,0,0,0,0,0,0,0,0,0.16,0,0,0,0,0,0.67,0,0,0,0,0,0,0,0,0,0,0,0,0,0,0,0,0,0,0,0,0.21,0,0,0,0,0,0,0,0,0,0,0,0,0,0,0,0,0,0,0,0,0,0,0,0,0,0,0,0,0,0,0,0,0,0,0,0,0,0,0,0,0,0,0,0,0,0,0,0,2710.41,0,0,0
"83","HPSI1114i-ualf_6",0.09,0,0,0,0,0.23,0,0,0,0,0,0,0,0,0,0,0,0,0,0,0,0,0,0,0,0.07,0.34,0,0,0.54,0,0,2.39,0,0,0,0,0,0,0,0,0,0,0,0,0,0,0.11,0,0,5.26,0,0,0,0,0,0,0,0,0,0,0,0,0,0.05,0,0,0,0,0,0,0,0.2,0,0,0,0,0,0,0,0,0,0.11,0.74,0,0,0,0,0,0,0.01,0.01,0,0.22,0,0,3297.56,0,0,0
"84","HPSI1114i-zuuy_5",0,0,0,0,0.03,0.1,0,0,0,0,0.06,0,0,0,0,0,0,0,0,0,0.09,0,0,0.32,0,0,0.39,0,0,0,0,0,0,0,0,0,0,0,0,0,0.9,0,0,0,0.19,0,0,0.13,0,0,2.59,0,0,0,0,0,0,0,0,0,0,0,0,0,0,0,0,0,0,0,0,0,0,0,0,0,0,0,0,0,0,0,0.1,0.79,0.15,0,0,0,0,0,0.08,0,0,0.19,0,0,325.59,0,0,0
"85","HPSI0214i-wibj_1",0,0,0,0,0,0.08,0,0,0,0,0,0,0,0,0,0,0,0,0,0,0.11,0,0,0,0,0,0,0,0,0,0,0,0,0,0,0,0,0,0,0,0,0,0,0,0,0,0,0.22,0,0,1.21,0,0,0,0,0,0,0,0,0,0,0,0,0,0.07,0,0.05,0,0,0,0,0.09,0.09,0,0,0,0,0,0,0,0,0,0,0.6,0,0,0,0,0,0,0,0.01,0,0,0,0,1603.96,0,0,0
"86","HPSI1014i-bilx_2",0,0,0.27,0,0,0.13,0,0,0,0,0,0,0,0,0,0,0,0,0,0,0,0,0,0.36,0,0,0.26,0,0,0,0,0,0,0,0,0,0,0,0,0,0.25,0,0,0,0.16,0,0,0,0,0,0,0,0,0,0,0,0,0,0,0,0,0,0,0,0,0,0.04,0,0,0,0,0,0,0,0,0,0,0,0,0,0,0,0.66,1.07,0,0,0,0,0,0,0.03,0,0,0,0,0,2511.6,0,0,0
"87","HPSI0314i-xagu_1",0.07,0,0,0,0,0.04,0,0,0,0,0.07,0,0,0,0,0,0,0,0,0,0,0,0,0,0,0,1.4,0,0,0,0,0.29,0,0,0.11,0,0,0,0,0,0,0,0,0,0.16,0,0,0.09,0,0,1.15,0,0,0,0,0,0,0,0,0,0,0,0,0,0,0,0,0,0,0,0,0,0,0,0,0,0,0,0,0,1.33,0,0.13,0,0,0.97,0,0,0,0,0,0,0,0,0,0,433.98,0,0,0
"88","HPSI0215i-uiao_1",0,0,0,0,0,0.21,0,0,0,2.45,0,0,0,0,0,0,0,0,0,0,0,0,0,0,0,0,0,0,0,0.81,0,0,0,0,0,0,0,1.32,0,0,0,0,0,0,0.07,0,0,0.22,0,0,0,0,0,0,0,0,0,0,0,0,0,0,0,0,0,0,0,0,0,0,0,0.08,0.08,0,0,0,0.08,0,0,0,0,0,0.11,0.32,0,0,0,0,0,0,0.03,0,0,0,0,0,2459.17,0,0,0
"89","HPSI1014i-sehl_6",0.07,0,0,0,0,0.43,0,0,0,3.09,0,0,0,0,0,0,0,0,0.84,0,0,0,0,0,0,0.08,1.13,0,0,0,0,0,0,0,0.03,0.06,0,0,0,0,0.23,0,0,0,0.08,0,0,0,0,0,5.62,0,0,0,0,0,0,0.04,0,0,0,0,0,0,0,0.18,0,0,0,0,0,0,0,0,0,0,0.08,0,0,0,0,0,0.61,0,0,0,0,0,0,0.07,0,0,0,0.24,0,0,2510.68,0,0,0
"90","HPSI0115i-womt_1",0,0.05,0,0,0,0.37,0,0,0,0,0,0,0,0,0,0,0,0,1,0,0,0,0,0,0,0,1.08,0,0,0,0,0.24,0,0,0.46,0,1.28,0.6,0,0,0.42,0,0,0,0.06,0,0,0.17,0,0,0,0,0,0,0,0,0,0,0,0,0,0,0,0,0,0,0.04,0,0,0,0,0.08,0.07,0,0,0,0.15,0,0,0,0,0.02,0.21,0,0,0,0.3,0,0,0,0,0,0,0,0,0,1826.88,0,0,0
"91","HPSI0314i-uict_3",0.05,0,0,0,0,0.35,0,0,0,2.76,0,0,0,0,0,0,0.53,0,0,0,0,0,0,0,0,0,0.98,0,0,0,0,0,0,0,0,0,0,0.54,0,0,0,0,0,0,0.06,0,0,0,0,0,2.41,0,0,0,0,0,0,0,0,0,0,0,0,0,0,0,0,1.21,0,0,0.16,0,0,0,0,0,0,0,0,0,0,0,0.49,0,0,0,0.28,0,0,0,0.05,0,0,0.19,0,0,1834.18,0,0,0
"92","HPSI0715i-aowh_2",0,0,0,0,0,0.51,0,0,0,0,0,0,0,0,0,0,0,0,0,0,0,0,0,0.36,0,0,0.47,0,0,0.27,0,0,0,0,0,0,0,0,0,0,0,0,0,0.68,0,0.61,0,0,0,0,2.01,0,0,0,0,0,0,0,0,0.09,0,0,0,0,0,0,0,0,0,0,0,0,0.07,0,0,0,0,0,0,0,0,0.02,0,0.35,0,0,0,0,0,0,0,0,0,0,0,0,4073.57,0,0,0
"93","HPSI0115i-zihe_1",0,0,0,0,0,0.4,0,0,0,4.82,0,0,0,0,0,0,0,0,0,0,0,0,0,0.41,0,0,0.36,0,0,0.29,0,0,0,0,0,0,0,0.68,0,0,0.23,0,0,0,0.13,0.64,0,0.19,0,0,2.9,0,0,0,0,0,0,0,0,0,0,0,0,0,0,0,0,0,0,0,0,0,0.07,0,0,0,0,0,0,0,0,0,0.36,0.42,0,0,0.35,0,0,0,0,0,0,0,0,0,2419.68,0,0,0
"94","HPSI1013i-wuye_2",0,0,0,0,0,0.14,0,0,0,0,0,0,0,0,0,0,0,0,0,0,0,0,0,0,0,0,0.48,0,0,0,0.13,0,0,0,0,0,0,0,0,0,0,0,0,0,0.18,0,0,0.39,0,0,0,0,0,0,0,0,0,0,0,0,0,0,0,0,0,0,0.05,0,0,0,0,0,0.1,0,0,0,0,0,0,0,0,0.03,0,0,0,0,0,0,0,0,0,0,0,0,0,0,1049.99,0,0,0
"95","HPSI0614i-qunz_2",0,0,0,0,0,0.34,0,0,0,0,0,0,0,0,0,0,0,0,0,0,0,0,0,0,0,0,0.94,0,0,0,0,0,0,0,0,0,0,0,0,0,0,0,0,0,0.06,0,0,0,0,0,0.88,0,0,0,0,0,0,0.04,0,0,0,0,0,0,0,0,0.07,0,0,0,0,0,0,0,0,0,0.15,0,0,0,0,0,0,0.38,0.16,0,0,0,0,0,0,0.01,0,0,0,0,2650.51,0,0,0
"96","HPSI0215i-deyz_2",0,0,0,0,0,0.29,0,0,0,2.78,0,0,0,0,0,0,0,0.23,0,0,0,0,0,0,0,0,0.37,0,0,0,0,0,0,0,0,0,0,0,0,0,0,0,0,0,0,0.64,0,0,0,0,2.96,0,0,0,0,0,0,0,0,0,0,0,0,0,0,0,0.04,0,0,0,0,0,0.22,0,0,0.99,0.11,0,0,0,0,0,0,0,0,0,0,0,0,0,0,0,0,0.24,0,0,1651.54,0,0,0
"97","HPSI0614i-voce_1",0,0,0,0,0,0.14,0,0,0,0,0.06,0,0,0,0,0,0,0,0.98,0,0.1,0,0,0.21,0,0.07,0.42,0,0,0,0,0,0,0,0,0,0,0.58,0,0,0,0,0,0,0.06,0,0,0.14,0,0,0.86,0,0,0,0,0,0,0,0,0,0,0,0,0,0,0,0,0,0,0,0,0,0.07,0,0.23,0,0,0,0,0,0,0,0.1,0.25,0,0,0.29,0,0,0,0.03,0,0,0,0,0,1586.64,0,0,0
"98","HPSI0114i-zapk_3",0.08,0,0,0,0,0.08,0,0,0,0,0,0,0,0,0,0,0,0,0,0,0,0,0,0,0,0,0.81,0,0,0,0,0,0,0,0.87,0,0,0,0,0,0,0,0,0,0,0,0,0.17,0,0,0,0,0,0,0,0,0.07,0,0,0,0,0,0,0,0,0,0.14,0,0,0,0,0,0,0,0,0,0,0,0,0,0,0,0.24,0.51,0,0,0,0,0,0,0,0,0,0,0,0,3942.55,0,0,0
"99","HPSI0215i-oilg_1",0.07,0,0,0,0,0.22,0,0,0,0,0.07,0,0,0,0,0,0,0,0,0.06,0,0,0,0,0,0,0.7,0,0,0.36,0,0,0,0,0,0.06,0,0,0,0,0,0,0,0,0,0,0,0.09,0,0,2.46,0,0,0,0,0,0,0.04,0,0,0,0,0,0,0,0,0,0,0,0,0,0,0,0,0,1.23,0,0,0,0,0,0,0.59,0.41,0,0,0,0,0,0,0,0,0,0.57,0,0,4998.29,0.16,0,0
"100","HPSI0614i-qunz_3",0.06,0,0,0,0,0.22,0,0,0,0,0,0,0,0,0,0,1.1,0.19,0,0,0,0,0,0,0,0,0.6,0,0,0,0,0,0,0,0,0,0,0.58,0,0,0,0,0,0,0,0,0,0.28,0,0,1.75,0,0,0,0,0,0,0,0,0,0,0,0,0,0,0,0,0,0,0,0,0,0.06,0,0,0,0,0,0,0,0,0,0,0.82,0.16,0,0.57,0,0,0,0.02,0,0,0.19,0,0,3210.42,0,0,0
"101","HPSI0614i-oicx_2",0,0,0,0,0,0.39,0,0,0,2.28,0,0,0,0,0,0,0,0,0,0,0,0,0,0.34,0,0.12,0.31,0,0,0.25,0,0,0,0,0,0,0,0.6,0,0,0,0,0,0,0,0,0,0.35,0,0.04,0.93,0,0,0,0,0,0,0,0,0,0,0,0,0,0,0,0.07,0,0,0,0,0,0,0,0,0,0.07,0,0,0,0,0,0,0.13,0,0,0,0,0,0,0.05,0,0,0,0,0,3791.07,0.11,0,0
"102","HPSI0614i-miaj_4",0.12,0,0,0,0,0.07,0,0,0,0,0,0,0,0,0,0,0,0,0,0,0.11,0,0,0,0,0,0.23,0,0,0,0,0,0,0,0,0,0,0.7,0,0,0,0,0,1.24,0.08,0,0,0,0,0.13,1.03,0,0,0,0,0,0,0,0,0,0,0,0,0,0,0,0,0,0,0,0,0,0,0,0,1.03,0.12,0,0,0,0,0,0.28,0,0,0,0,0,0,0,0,0,0,0,0,0,2601.51,0,0.37,0
"103","HPSI0115i-melw_2",0,0,0,0,0,0.3,0,0,0,0,0,0,0,0,0,0,0.59,0,0,0,0,0,0,0.69,0,0.19,0.54,0,0,0,0,0,0,0,0,0,0,0.62,0,0,0,0,0,0,0.06,0,0,0,0,0,0,0,0,0,0,0,0,0,0,0,0,0,0,0,0.07,0,0,0,0,0,0,0,0,0,0,1.81,0.21,0,0,0,0,0,0.11,0,0,0.78,0,0,0,0,0.03,0,0,0,0,0,2248.74,0,0,0
"104","HPSI0115i-uolo_5",0,0,0,0,0,0.12,0,0,0,0,0,0,0,0,0,0,0,0,0,0,0,0,0,0,0,0,0.25,0,0,0,0,0,0,0,0.66,0,0,0,0,0,0.24,0,0,1.21,0.08,0,0.12,0.1,0,0,2.05,0,0,0,0,0,0,0,0,0,0,0,0,0,0,0,0,0,0,0,0,0,0,0,0.28,1.03,0,0,0,0,0,0,0,0.9,0,0,0,0,0,0,0,0,0,0,0,0,2285.16,0,0,0
"105","HPSI1013i-sita_1",0.06,0,0,0,0,0.13,0,0,0,0,0,0,0,0,0,0,0,0,0,0,0.1,0,0,0,0,0,0.43,0,0,0,0,0,0,0,0,0,0,0,0,0,0.2,0,0,1.3,0.07,0,0,0,0,0,0.9,0,0,0,0,0,0,0,0,0,0,0,0,0,0,0,0,0,0,0,0,0,0.06,0.11,0,0,0.15,0,0,0,0,0,0.11,0,0,0,0,0,0,0,0,0,0,0.43,0,0,2990.83,0,0,0
"106","HPSI0115i-payf_2",0,0,0,0,0,0.1,0,0,0,0,0,0,0,0,0,0,0,0,0,0,0,0,0,0,0,0,1.05,0,0,0,0,0,0,0,0,0,0,0,0,0,0,0,0,0,0,0,0,0,0,0,0.72,0,0,0,0,0,0,0,0,0,0,0,0,0,0,0,0.03,0,0,0,0,0,0,0.09,0,0,0,0,0,0,0,0,0,0.28,0,0,0,0,0,0,0,0,0,0,0,0,3986.26,0,0,0
"107","HPSI0614i-lepk_1",0,0,0,0,0,0.37,0,0,0,0,0,0,0,0,0,0,0,0,0,0,0.1,0,0,0,0,0,0.81,0,0,0,0,0,0,0,0.09,0,0,0,0,0,0,0,0,0,0.07,0,0,0.38,0,0,0.99,0,0,0,0,0,0,0,0,0,0,0,0,0,0.06,0,0.08,0,0,0,0,0,0.13,0,0,0.99,0,0,0,0,0,0.02,0.56,0,0,0,0.31,0,0,0,0,0,0,0,0,0,2292.15,0,0,0
"108","HPSI0714i-burb_1",0,0,0,0,0,0.35,0,0,0,0,0.06,0,0,0,0,0,0,0.42,0,0,0,0,0,0,0,0.07,0.56,0,0,0.27,0,0.24,0,0,0,0,0,3.08,0,0,0,0,0,0,0.13,0.58,0,0,0,0.04,4.41,0,0,0,0,0,0,0,0,0,0,0,0,0,0,0,0,0,0,0,0,0,0.07,0,0,0,0.08,0,0,0,0,0,0.11,0,0,0,0,0,0,0,0.05,0,0,0,0,0,2420.52,0,0,0
"109","HPSI1013i-kuxp_1",0,0,0,0,0,0.13,0,0,0,0,0,0,0,0,0,0,0,0,0,0,0,0,0,0,0,0,1.1,0,0,0,0,0.3,0,0,0,0,0,0,0,0,0.24,0,0,0,0.09,0,0,0,0,0,1.25,0,0,0,0,0,0,0.04,0,0,0,0,0,0,0,0,0,0,0,0,0,0,0,0,0,1.25,0.1,0,0,0,0,0,0.4,0,0,0,0,0,0,0,0.1,0,0,0,0,0,2227.89,0,0,0
"110","HPSI0314i-xugn_1",0.06,0,0,0,0,0.04,0,0,0,0,0,0,0,0,0,0,0,0.24,0,0,0,0,0,0,0,0,0.97,0,0,0,0,0,0,0,0,0,0,0,0,0,0,0,0,0,0.07,0,0,0.12,0,0,0,0,0,0,0,0,0,0,0,0.11,0,0,0,0,0,0,0,0,0,0,0,0,0,0,0,0,0.18,0,0,0,0,0,0.25,0.76,0,0,0,0,0,0,0,0,0,0,0,0,1827.44,0,0,0
"111","HPSI1113i-hayt_1",0,0,0,0,0,0.08,0,0.03,0,0,0,0,0,0,0,0,0,0,0,0,0.11,0,0,0,0,0,1.94,0,0,0,0,0.77,0,0,0,0.06,0,0,0,0,0,0,0,0,0.14,0,0,0.33,0,0,0,0,0,0,0,0,0,0,0,0,0,0,0,0,0,0,0,0,0,0,0,0,0,0,0,0,0,0,0,0,0,0,0.67,0,0,0,0.31,0,0,0,0.06,0,0,0,0,0,2168.57,0,0,0
"112","HPSI1114i-kuul_2",0,0,0,0,0,0,0,0,0,2.27,0,0,0,0,0,0,0,0,0,0,0.08,0,0,0,0,0,0.42,0,0,0,0,0,0,0,0,0,0,0,0,0,0.31,0,0,0,0.05,0.44,0,0.34,0,0,2.11,0,0,0,0,0,0,0,0,0,0,0,0,0,0.04,0,0.06,0,0,0,0,0,0.06,0,0,0.7,0,0,0,0,0,0.04,0.08,0,0,0,0,0,0,0,0.09,0,0,0.16,0,0,2802.57,0,0,0
"113","HPSI0714i-nufh_4",0,0,0,0,0,0.1,0,0,0,0,0,0,0,0,0,0,0,0.23,0,0,0,0,0,0,0,0,0,0,0,0.59,0,0,0,0,0.48,0,0,0,0,0,0,0,0,0,0.07,0,0,0.27,0,0,0,0,0,0,0,0.12,0,0,0,0,0,0,0,0,0,0,0,0,0,0,0.21,0,0,0,0,0,0,0,0,0,0,0.02,0.36,0.83,0,0,0,0,0,0,0,0,0,0.24,0,0,3680.16,0,0,0
"114","HPSI0614i-ciwj_2",0.06,0,0,0,0.04,0.36,0,0,0,0,0,0,0,0,0,0,0,0.22,0,0,0.11,0,0,0.37,0,0,0.68,0,0,0,0,0.26,0,0,0,0,0,0,0,0,0.45,0,0,0,0.07,1.21,0,0.17,0,0,0.92,0,0,0,0,0,0,0,0,0,0,0,0,0,0,0,0.04,0,0,0,0,0.08,0,0,0,0,0,0,0,0,0,0,0.23,0,0,0,0,0,0,0,0.03,0,0,0,0,0,1929.38,0,0,0
"115","HPSI0414i-ceik_2",0,0,0,0,0,0.23,0,0,0,0,0,0,0,0,0,0,0,0.23,0,0,0,0,0,0.77,0,0,0.61,0,0,0,0,0,0,0,0,0,0,0,0,0,0,0,0,0,0.15,0,0,0.39,0,0,1.01,0,0,0.16,0,0,0,0,0,0.1,0,0,0,0,0,0,0,0,0,0,0,0,0,0,0.27,0,0,0,0,0,0,0.02,0.35,0,0,0,0,0,0,0,0.03,0,0,0,0,0,3680.79,0,0,0
"116","HPSI0115i-tiku_3",0.06,0,0,0,0,0.17,0,0,0,0,0,0,0,0,0,0,0,0,0,0,0,0,0,0,0,0,0.9,0,0,0,0,0,0,0,0,0,0,0.54,0.01,0,0,0,0,0,0,0,0,0,0,0.04,1.62,0,0,0,0,0,0,0,0,0,0,0,0,0.01,0,0,0,0,0,0,0,0.07,0,0,0,0.81,0,0,0,0,0,0,0.19,0.82,0,0,0,0,0,0,0.03,0,0,0,0,0,2010.65,0.11,0,0
"117","HPSI0115i-iiyk_4",0,0,0,0,0,0.37,0,0,0,2.27,0,0,0,0,0,0,0.68,0.23,0,0,0,0,0,0,0,0,0.37,0,0,0.58,0,0,0,0,0,0,0,1.42,0,0,0,0,0,0,0,0,0,0,0.05,0,4.43,0,0,0,0,0,0,0,0,0,0,0,0,0,0,0,0,0,0,0,0,0.08,0.07,0,0,0,0,0,0,0,0,0,0.36,0.69,0,0,0.69,0,0,0,0,0,0,0.24,0,0,2147.23,0,0,0
"118","HPSI1113i-eofe_1",0.07,0,0,0,0.05,0.15,0,0,0,0,0,0,0.08,0,0,0.91,0.76,0,0,0,0,0,0,0,0,0,0.57,0,0,0,0,0,0,0,0,0,0,0,0,0,0,0,0,0,0.09,1.66,0,0.16,0,0,0,0,0,0,0,0,0.32,0.09,0,0,0,0,0,0,0,0,0,0,0,0,0,0.36,0.09,0,0,0,0.19,0,0,0,0,0,0,0.94,0,0,0,0,0,0,0,0,0,0.26,0,0,2741.32,0.17,0,0
"119","HPSI1014i-xiyh_4",0,0,0,0,0.04,0.05,0,0,0,0,0.13,0,0,0,0,0,0,0.23,0,0,0.11,0,0,0,0,0,0.97,0,0,0,0,0,0,0,0,0,0,0,0,0,0,0,0,0,0,0,0,0.08,0,0,1.01,0,0,0,0,0,0,0,0,0,0,0,0,0,0,0,0,0,0,0,0.2,0,0,0,0,0,0.08,0,0,0,0,0,0,0,0,0,0,0,0,0,0,0,0,0,0,0,0,0,0,0
"120","HPSI1113i-qorq_2",0,0,0,0,0,0.04,0,0,0,0,0,0,0,0,0,0,0,0,0,0,0,0,0,0,0,0,0.7,0,0,0,0,0.31,0,0,0,0,0,0.82,0,0,0,0,0,0,0.33,0,0,0.27,0,0,0,0,0,0,0,0.14,0,0,0,0,0,0,0,0,0,0,0,0,0,0,0,0,0,0,0,0,0,0,0,0,0,0.03,0,0.81,0,0,0,0,0,0,0,0,0,0,0,0,1429.11,0,0,0
"121","HPSI0514i-puie_4",0.06,0,0,0,0,0.2,0,0,0,0,0.06,0,0,0,0,0,1.27,0,0,0,0,0,0,0,0,0,0.33,0,0,0,0,0,0,0,0,0,0,0.66,0,0,0.44,0,0,0,0.07,0,0,0,0,0,1.96,0,0,0,0,0,0,0,0,0,0,0,0,0,0,0,0.04,0,0,0,0,0,0.12,0,0,0,0,0,0,0,0,0,0,1.02,0,0,0,0,0,0,0,0,0,0,0,0,3560.27,0,0,0
"122","HPSI0414i-naju_1",0,0,0,0,0,0.37,0,0,0,0,0,0,0,0,0,0,0,0.28,0,0,0,0,0,0,0,0,0.83,0,0,0,0,0,0,0,0.46,0,0,0,0,0,0,0.39,0,0,0.09,0,0,0,0,0,1.16,0,0,0,0,0,0,0,0,0,0,0,0,0,0,0,0,0,0,0.24,0,0,0,0,0,0,0,0,0,0,0,0.05,0.44,0.92,0,0,0,0,0,0,0,0,0,0,0,0,2955.41,0,0,0
"123","HPSI0314i-bubh_1",0,0,0,0,0,0.06,0,0,0,4.58,0,0,0,0,0,0,0,0.27,0,0,0,0,1.46,0,0,0,0.51,0,0,0,0,0,0,0,0.31,0,0,0,0,0,0,0,0,0,0.19,0,0,0.32,0,0,0,0,0,0,0,0,0,0,0,0,0,0,0,0,0,0,0,0,0,0,0,0,0,0,0,0,0,0,0,0,0,0,0.6,0,0,0,0,0,0,0,0,0,0,0,0,0,1862.27,0,0,0
"124","HPSI1013i-jufd_3",0,0,0,0,0,0.11,0,0,0,0,0.05,0,0,0,0,0,0,0,0,0,0,0,0,0,0,0,0.53,0,0,0,0,0,0,0,0,0,0,0,0,0,0.35,0,0,0,0,0,0,0.2,0,0,0,0,0,0,0,0,0,0,0,0,0,0,0,0,0.09,0,0.06,0,0,0,0,0,0.06,0,0,0,0,0,0,0,0,0,0,0,0,0,0,0,0,0,0,0,0,0,0,0,1348.59,0,0,0
"125","HPSI1113i-qolg_1",0,0,0,0,0,0.27,0,0,0,0,0,0,0,0.03,0,0,0,0,0,0,0,0,0,0.25,0,0,1.12,0,0,0,0,0,0,0,0,0.04,0,0.7,0,0,0,0,0,0,0.04,0,0,0.23,0,0,0.54,0,0.07,0,0,0,0,0,0,0,0,0,0,0,0,0,0.08,0,0,0,0,0,0.13,0,0,1.09,0,0,0,0,0,0.03,0.13,0.5,0,0,0,0,0,0,0.09,0,0,0,0,0,1219.79,0,0,0
"126","HPSI0914i-vaka_5",0.06,0,0,0,0,0.11,0,0,0,0,0,0,0,0,0,0,0,0,0,0.06,0.11,0,0,0,0,0,0.81,0,0,0,0,0,0,0,0,0.06,0,0.64,0,0,0,0,0,0,0.07,0,0,0.12,0.03,0,4.78,0,0,0,0,0,0,0,0,0,0,0,0,0,0,0,0.04,0,0,0,0,0,0,0,0.25,0,0,0,0,0.2,0,0,0.23,0.66,0,0,0.32,0,0,0,0.06,0,0,0,0,0,1456.93,0,0,0
"127","HPSI0614i-wihj_4",0,0,0,0,0.04,0.17,0,0,0,0,0,0,0,0,0,0,0.6,0.21,0,0,0,0,0,0.7,0,0.07,0.77,0,0,0,0,0,0,0,0,0,2.62,0,0,0,0,0,0,0,0,0.6,0,0,0,0,0.93,0,0,0,0,0,0,0,0,0,0,0,0,0,0,0,0,0,0,0,0,0.15,0.14,0,0,0.93,0.24,0,0,0,0,0.02,0.22,0,0,0,0,0,0,0,0.05,0,0,0,0,0,1774.61,0,0,0
"128","HPSI0715i-zaie_1",0.06,0,0,0,0,0.15,0,0,0,0,0,0,0,0,0,0,1.3,0,0,0,0.11,0,0,0,0,0,0.84,0,0,0,0,0,0,0,0,0,0,0,0,0,0,0,0,0,0,0,0,0,0,0,1.06,0,0,0,0,0,0,0,0,0,0,0,0,0,0,0,0,0,0,0,0,0,0.07,0,0.26,1.06,0.24,0,0,0,0,0.02,0.23,0,0,0,0.34,0,0,0,0.02,0,0,0.23,0,0,2617.89,0,0,0
"129","HPSI0914i-zerv_8",0,0,0,0,0,0.09,0,0,0,0,0,0,0,0,0,0,0.61,0,0,0,0,0,0,0,0,0,0.43,0,0,0,0,0,0,0,0,0,0,0.64,0,0,0,0,0,0,0,0,0,0,0,0,1.89,0,0,0,0,0,0,0,0,0,0,0,0,0,0,0,0,0,0,0,0,0,0.06,0,0,0,0,0,0,0,0,0.04,0.44,0,0,0,0,0,0,0,0,0,0,0,0,0,1384.96,0,0,0
"130","HPSI0414i-sebn_3",0,0,0,0,0,0.31,0,0,0,2.74,0,0,0,0,0,0,0,0.22,0,0,0,0,0,0,0,0,1.04,0,0,0,0,0,1.89,0,0,0,0,0,0,0,0,0,0,0,0,0,0,0.09,0,0,0.94,0,0,0,0,0.11,0,0,0,0,0,0,0,0,0,0,0,0,0,0,0,0,0,0,0,0.94,0,0,0,0,0,0.02,0.45,0.55,0,0,0.34,0,0,0,0.05,0,0,0.23,0,0,2422.19,0,0,0
"131","HPSI0714i-keui_4",0.06,0,0,0,0,0.26,0,0,0,0,0,0,0,0,0,0,0,0,0,0,0,0,0,0,0,0,0.34,0,0,0,0,0,0,0,0,0,0,0,0,0,0,0,0,0,0.07,0,0,0.26,0,0,0.97,0,0,0,0,0,0,0,0,0,1.03,0,0,0,0,0,0.07,0,0,0,0,0,0.07,0,0,0,0,0,0,0,0,0,0,0.62,0,0,0,0,0,0,0.01,0,0,0,0,0,3092.09,0,0,0
"132","HPSI0115i-qoog_6",0.07,0,0,0,0,0.31,0,0,0,3.08,0,0,0,0,0,0,0,0,0,0,0,0,0,0.37,0,0,0.49,0,0,0,0,0,0,0,0,0,0,0.68,0.01,0,0.23,0,0,0,0,0,0,0.46,0,0,2.15,0,0,0,0,0,0,0,0,0,0,0,0,0,0,0,0,0,0,0,0,0.09,0,0,0,1.07,0.08,0,0,0,0,0,0.12,0.62,0.19,0,0,0,0,0,0,0.01,0,0,0,0,2687.01,0.13,0,0
"133","HPSI0115i-rehy_2",0.07,0,0,0,0,0.53,0,0,0,4.37,0.14,0,0,0,0,0,0,0,0,0,0.12,0,0,0,0,0,1.07,0,0,0,0,0,0,0,0,0,0,0.78,0,0,0,0,0,0,0,0,0,0.21,0,0,1.16,0,0,0,0,0,0,0.05,0,0,0,0,0,0,0,0,0.09,0,0,0,0,0,0,0,0,0,0,0,0,0,0,0,0,0,0.21,0,0,0,0,0,0.09,0,0,0.26,0,0,1952.73,0,0,0
"134","HPSI1014i-tuju_1",0,0,0,0,0,0.33,0,0,0,0,0,0,0,0,0,0,0,0,0,0,0.11,0,0,0,0,0,0.46,0,0,0,0,0,0,0,0,0,0,1.32,0,0,0.22,0,0,0.69,0,0,0,0,0,0,0.97,0,0,0,0,0,0,0.04,0,0,0,0,0,0,0,0,0.04,2.91,0,0,0,0.08,0.07,0,0,0,0.24,0,0,0,0,0,0.56,0.44,0,0,0,0,0,0,0.03,0,0,0,0,0,2347.66,0,0,0
"135","HPSI0614i-liqa_6",0,0,0,0,0,0.54,0,0,0,2.86,0,0,0,0,0,0.04,0,0.62,0,0,0.1,0,0,0,0,0.07,0.97,0,0,0,0,0,0,0,0,0,0,0.6,0,0,0,0,0,0,0,0,0.1,0,0,0,0.89,0,0,0,0,0,0,0,1.15,0,0,0,0,0,0,0,0.04,1.29,0.15,0,0,0,0.07,0,0,0,0.11,0,0,0,0,0,0.11,0,0,0,0.31,0,0,0,0.13,0,0,0,0,0,2449.91,0,0,0
"136","HPSI0214i-wibj_2",0,0,0,0,0,0.11,0,0,0,0,0,0,0,0,0,0,0,0,0,0,0.11,0,0,0,0,0,1.27,0,0,0,0,0,0,0,0,0,0,0,0,0,0,0,0,0,0,0,0,0,0,0,0,0,0,0,0,0,0,0,0,0,0,0,0,0,0,0,0.09,0,0,0,0,0,0,0,0,0,0,0,0,0,0,0,0.23,1.08,0,0,0,0,0,0,0,0,0,0,0,0,1427.5,0,0,0
"137","HPSI0714i-tosj_3",0,0,0,0,0,0.07,0,0,0,0,0,0,0,0,0,0,0,0,0,0,0,0,0,0,0,0,0.63,0,0,0,0,0,0,0,0,0.04,0,0,0,0,0.53,0,0,0,0.11,0,0,0,0,0,0.74,0,0,0,0,0,0,0,0,0,0,0,0,0,0,0,0.03,0,0,0,0.15,0,0.06,0,0,0,0.06,0,0,0,0,0,0.09,0.7,0,0,0,0,0,0,0.02,0,0,0,0,0,1563.64,0,0,0
"138","HPSI0514i-yelp_3",0.06,0,0,0,0,0.36,0,0,0,8.28,0,0,0,0,0,0,0,0,0,0,0,0,0,0,0,0,0.36,0,0,0,0,0,0,0,0.25,0,0,1.38,0,0,0,0,0,0,0,0,0,0.07,0,0,4.18,0,0,0,0,0,0,0,0,0,0,0,0,0,0,0,0,0,0,0,0.4,0,0.07,0,0,0,0,0,0,0,0,0,0.34,0,0,0,0.68,0,0,0,0,0,0,0.46,0,0.03,0,0,0,0
"139","HPSI0614i-miaj_6",0,0,0,0,0,0.2,0,0,0,2.43,0,0,0,0,0,0,0,0,0,0,0,0,0,0,0,0,0.86,0,0,0,0,0,0,0,0,0,0,0,0,0,0,0,0,0,0.19,0,0,0,0,0,2.51,0,0,0,0,0,0,0.04,0,0,0,0,0,0,0,0,0.04,0,0,0,0,0.09,0.08,0,0.34,0,0,0,0,0,0,0,0.3,0,0,0,0,0,0,0,0,0,0,0,0,0,2745.45,0,0,0
"140","HPSI1213i-tolg_4",0,0,0,0,0,0,0,0,0,0,0,0,0,0,0,0,0,0,0,0,0.1,0,0,0,0,0,0.54,0,0,0,0,0,0,0,0,0,0,0,0,0,0.42,0,0,0,0.07,0,0,0.21,0,0,0,0,0,0,0,0,0,0,0,0,0,0,0,0,0,0,0.04,0,0,0.18,0,0,0,0,0,0,0,0,0,0,0,0.02,0.11,0,0,0.82,0,0,0,0,0,0,0,0,0,0,3228.61,0,0,0
"141","HPSI1113i-wetu_2",0,0,0,0,0,0.37,0,0,0,0,0.07,0,0,0,0,2.1,0,0,0,0,0,0,0,0,0,0,0.35,0,0,0,0,0,0,0,0,0,0,0,0,0,0.22,0,0,0.73,0.48,0,0,0,0,0,0,0,0,0,0,0,0.43,0.36,0,0,0,0,0,0,0,0,0,0,0,0,0,0.16,0,0,0,0,0.34,0.06,0,0,0,0,0,0,0,0,0,0.18,0,0,0,0,0,0,0,0,2609.72,0,0,0
"142","HPSI1113i-oaaz_3",0,0,0,0,0,0.39,0,0,0,0,0,0,0,0,0,0,0,0,0,0,0.13,0,0,0,0,0,0.69,0,0,0,0,0,0,0,0,0,0,1.62,0,0,0,0,0,0,0.17,0,0,0,0,0,2.48,0,0,0,0,0,0,0,0,0,1.31,0,0,0,0.07,0,0,0,0,0,0,0.09,0,0,0.31,0,0,0,0,0,0,0,0,0,0,0,0,0,0,0,0,0,0,0,0,0,4157.96,0,0,0
"143","HPSI0115i-jotn_4",0,0,0,0,0,0.03,0,0,0,2.69,0,0,0,0,0,0,0,0,0,0,0,0,0,0,0,0,0.43,0,0,0,0,0,0,0,0,0,0,1.26,0,0,0,0,0,0,0.03,0,0,0.18,0,0,2.91,0,0,0,0,0,0,0,0,0,0,0,0,0,0,0,0,0,0,0,0,0,0.07,0,0,0,0.08,0,0,0,0,0,0.48,0,0,0,0.31,0,0,0,0.08,0,0,0,0,0,1583.78,0.12,0,0
"144","HPSI0514i-suul_1",0.11,0,0,0,0,0.47,0,0,0,0,0,0,0,0,0,0,0.59,0,0,0,0.1,0,0,0,0,0,0.52,0,0,0.26,0,0,0,0,0,0,0,0.62,0,0,0.2,0,0,0,0,0,0,0.1,0,0,0.88,0,0,0,0,0,0,0,0,0,0,0,0,0,0,0,0,0,0,0,0,0,0,0,0,0,0.14,0,0,0,0,0,0.41,0,0,0,0,0,0,0,0.07,0,0,0,0,0,2422.12,0,0,0
"145","HPSI1113i-dons_1",0,0,0,0,0,0.03,0,0,0,0,0.04,0,0,0,0,0.03,0,0,0,0,0,0,0,0,0,0.05,0.27,0,0,0,0,0,0,0,0,0,0,0,0,0,0,0,0,1.7,0,0,0,0,0,0,0.62,0,0,0,0,0,0,0.03,0,0,0,0,0,0,0,0,0,0,0,0,0.13,0,0,0,0,0.62,0,0,0,0,0,0,0,0.26,0,0,0,0,0,0,0,0,0,0,0,0,1673.2,0,0,0
"146","HPSI0114i-vass_1",0.07,0,0,0,0,0.11,0,0,0,0,0,0,0,0,0,0,0,0,0,0,0,0,0,0,0,0,0.33,0,0,0.29,0,0.27,0,0,0,0,0,0,0,0,0,0,0,0,0,0,0,0.08,0,0,0,0,0,0,0,0,0,0,0,0,0,0,0,0,0,0,0,0,0,0,0,0,0,0,0,0,0,0,0,0,0,0,0.12,1.43,0,0,0,0,0,0,0.03,0,0,0,0,0,1158.52,0,0,0
"147","HPSI0115i-paim_1",0.06,0,0,0,0,0.3,0,0,0,8.44,0.06,0,0,0,0,0,1.22,0,0,0,0,0,0,0,0,0,1.25,0,0,0,0,0,0,0,0,0,0,0,0,0,0,0,0,0,0.13,0,0,0.09,0,0,0,0,0,0,0,0,0,0,0,0,0,0,0,0,0.09,0,0,0,0,0,0,0,0,0,0,0,0.33,0,0,0,0,0.05,0.47,0.41,0,0,0,0,0,0,0.06,0,0,0,0,0,2121.94,0,0,0
"148","HPSI1213i-nusw_2",0,0,0,0,0,0.33,0,0,0,0,0,0,0,0,0,3.65,0,0.32,0,0,0,0,0,0,0,0,0.42,0,0,0,0,0.38,0,0,0,0,0,0.98,0,0.46,0,0,0,0,0.25,0,0,0,0,0,3.05,0,0,0,0,0,0.22,0.32,0,0,1.63,0,0,0,0,0,0,0,0,0,0,0.84,0.11,0,0,1.53,0,0,0,0,0,0,0,0.75,0,0,0,0,0,0,0,0,0,0,0,0,3908.01,0,0,0
"149","HPSI1113i-hayt_3",0,0,0,0,0,0.05,0,0,0,0,0,0,0,0,0,0,0,0,0,0.06,0,0,0,0,0,0,0.85,0,0,0,0,0,0,0,0,0,0,0,0,0,0,0,0,0,0.08,0,0,0.13,0,0,0,0,0,0,0,0,0,0,0,0,0,0,0,0,0,0,0,0,0,0.22,0,0,0.18,0,0,0,0,0,0,0,0,0,0.24,0,0,0,0,0,0,0,0.03,0,0,0,0,0,1150.28,0,0,0
"150","HPSI0714i-jilk_4",0,0,0,0,0,1.92,0,0,0,0,0.06,0,0,0,0,0,1.85,0,0,0,0,0,0,0.6,0,0,0.34,0,0,0.27,0,0,0,0,0.35,0,0,1.3,0,0,0.35,0,0,0,0.14,0.61,0,0.17,0,0,11.42,0,0,0,0,0,0,0,0,0,0,0,0,0,0,0,0.07,2.76,0,0,0,0,0.14,0,0,0,0,0,0,0,0,0,0.13,0.15,0,0,0,0,0,0,0.01,0,0,0,0,0,3604.89,0,0,0
"151","HPSI0414i-oikd_5",0,0,0,0,0,0.12,0,0,0,0,0,0,0,0,0,0,0,0.19,0,0,0,0,0,0,0,0.06,1.04,0,0,0,0,0,0,0,0,0,0,0,0.01,0,0.38,0,0,0,0.06,0.56,0,0,0,0,2.82,0,0,0,0,0,0,0,0,0,0,0,0,0,0.05,0,0,0,0,0,0,0,0.06,0,0,0,0,0,0,0,0,0.02,0.1,0,0,0,0,0,0,0,0,0,0,0,0,0,2859.72,0,0,0
"152","HPSI0514i-lako_2",0,0,0,0,0,1.13,0,0,0,3.37,0.12,0,0,0,0,0,0.58,0,0,0,0,0,0,0.34,0,0,0.54,0,0,0,0,0,0,0,0,0,0,0,0,0.3,0.51,0,0,0,0,1.16,0,0.2,0,0,7.27,0,0,0,0,0,0,0,0,0,0,0,0,0,0,0,0.03,1.36,0,0,0,0,0.07,0,0,0,0.07,0,0,0,1.71,0,0.1,0,0,0,0,0,0,0,0.05,0,0,0.21,0,0,3549.18,0,0,0
"153","HPSI0614i-kegd_2",0,0,0,0,0,0.39,0,0,0,0,0.06,0,0,0,0,0,0,0.21,0,0,0,0,1.03,0,0,0,0.64,0,0,0,0,0,0,0,0,0,0,1.88,0,0,0,0,0,0,0.07,0,0,0.28,0.02,0,4.69,0,0,0,0,0,0,0,0,0,0,0,0,0,0,0,0,0,0,0,0,0,0,0,0,0.94,0,0,0,0,0,0,0.43,0,0,0,0,0,0,0,0,0,0,0.43,0,0,3201.45,0,0,0
"154","HPSI1013i-garx_2",0,0,0,0,0,0.17,0,0,0,0,0,0,0,0,0,0,0.59,0,0,0,0,0,0,0,0,0,0.43,0,0,0,0,0,0,0,0,0,0,0.62,0,0,0,0,0,0,0,0,0,0.28,0,0,0,0,0,0,0,0,0,0,0,0,0,0,0,0,0,0,0.08,0,0,0.19,0,0,0,0,0,0,0.08,0,0,0,0,0,0.12,0,0,0,0,0,0,0,0,0,0,0,0,0,1900.04,0,0,0
"155","HPSI0115i-rakz_6",0,0,0,0,0.04,0.04,0,0,0,0,0,0,0,0,0,0,0,0,0,0.05,0,0,0,0,0,0,1.25,0,0,0.28,0,0,0,0,0,0,0,0,0,0,0,0,2.04,0,0,0.64,0,0.07,0,0,0,0,0,0,0,0.12,0,0,0,0,0,0,0,0,0,0,0,0,0,0.19,0,0,0,0,0,0,0,0,0,0,0,0,0.35,0.64,0,0,0,0,0,0,0.03,0,0,0,0,0,821.55,0,0,0
"156","HPSI0215i-oilg_3",0.06,0,0,0,0,0.24,0,0,0,0,0,0,0,0,0,0,0,0,0,0,0,0,0,0,0,0,0.43,0,0,0,0,0,0,0,0,0,0,0,0,0,0,0,0,0.67,0,0,0,0.92,0,0,1.86,0,0,0,0,0,0,0,0,0,0,0,0,0,0,0,0,0,0,0,0,0.07,0,0,0,0,0,0,0,0,0,0,0.11,0.33,0,0,0,0,0,0.06,0,0,0,0,0,0,5434.11,0,0,0
"157","HPSI0314i-qonc_1",0.07,0,0,0,0,0.11,0,0,0,0,0,0,0,0,0,0,0,0,0,0,0,0,0,0,0,0,0.22,0,0,0,0,0,0,0,0,0,0,0,0,0,0,0,0,0,0,0,0,0,0,0,0,0,0,0,0,0,0,0,0,0,0,0,0,0,0,0,0,0,0,0,0,0,0.08,0,0,0,0.09,0,0,0,0,0.03,0.55,0,0,0,0,0,0,0,0,0,0,0,0,0,1191.73,0,0,0
"158","HPSI0514i-lako_1",0.13,0,0,0,0,0.53,0,0,0,0,0,0,0,0,0,0,0,0,0,0,0,0,0,0,0,0,0.61,0,0,0,0,0,0,0,0,0,0,2.74,0,0,0.28,0,0,0,0.07,1.94,0,0,0,0,6.96,0,0,0,0,0,0,0.04,0,0,0,0,0,0,0,0,0.04,0,0,0,0,0,0.15,0,0,1.99,0,0,0,0,1.76,0,0.12,0,0,0,0,0,0,0,0.17,0,0,0.24,0.03,0,2633.34,0,0,0
"159","HPSI0314i-wigw_2",0,0,0,0,0,0.39,0,0,0,0,0,0,0,0,0,0,2.05,0,0,0,0,0,0,0,0,0,0.59,0,0,0.31,0,0,0,0,0,0,0,0.72,0,0,0,0,0,0,0.08,0,0,0.11,0,0.04,4.2,0,0,0,0,0,0,0,0,0,0,0,0,0,0.11,0,0,0,0,0,0,0.15,0.07,0,0,1.05,0,0,0,0,0,0,0.4,0,0,0,0,0,0,0,0,0,0,0.49,0,0,3731.53,0,0,0
"160","HPSI0714i-kute_5",0,0,0,0,0,0.2,0,0,0,2.66,0,0,0,0,0,0,0,0,0,0,0,0,0,0,0,0,0.86,0,0,0,0,0,0,0,0,0,0,0.7,0,0,0,0,0,0,0,0,0,0.31,0,0,3.24,0,0.13,0,0,0,0,0,0,0,0,0,0,0,0,0,0,0,0,0,0,0,0.08,0,0,1.08,0.08,0,0,0,0,0,0.12,0,0,0,0,0,0,0,0,0,0,0,0,0,2899.27,0,0,0
"161","HPSI0514i-rutc_2",0,0,0,0,0,0.4,0,0,0,0,0,0,0,0,0,0,0,0,0,0,0.25,0,0,0,0,0,0.28,0,0,0,0,0,0,0,0,0,0,1.68,0,0,0,0,0,0,0.09,0,0,0.36,0,0,0,0,0,0,0,0,0,0,0,0.11,0,0,0,0,0,0,0.04,0,0,0,0,0,0,0.15,0,0,0,0,0,0,0,0.03,0.44,0,0,0,0.42,0,0,0,0,0,0,0.29,0,0,1750.9,0,0,0
"162","HPSI1213i-tolg_6",0,0,0,0,0,0.17,0,0,0,1.96,0,0,0,0,0,0,0,0,0,0,0.22,0,0,0,0,0,0.48,0,0,0,0,0,0,0,0,0,0,0.72,0.01,0,0.52,0,0,0,0,0,0,0.24,0,0,3.19,0,0,0,0,0,0,0,0,0,0,0,0,0,0.06,0,0,3.19,0,0,0,0,0,0,0.28,0,0,0,0,0,0,0.02,0.76,0,0,0,0,0,0,0,0,0,0,0,0,0,2970.9,0,0,0
"163","HPSI0614i-xubw_3",0,0,0,0,0,0.21,0,0,0,0,0,0,0,0,0,0,1.14,0,0,0,0,0,0,0,0,0.12,0.33,0,0,0,0,0,0,0,0,0,0,0.6,0,0,0,0,0,0,0.07,0.56,0,0,0,0,4.43,0,0,0,0,0,0,0,0,0,0,0.38,0,0,0,0,0,0,0,0,0,0,0,0,0,0,0,0,0,0,0,0,0.11,0,0,0,0,0,0,0,0.03,0,0,0,0,0,1120.88,0,0,0
"164","HPSI0913i-lise_1",0,0,0,0,0,0.08,0,0,0,0,0,0,0,0,0,0,0,0,0,0,0.12,0,0,0,0,0,0.64,0,0,0,0,0,0,0,0,0,0,0,0,0.33,0.22,0,0,0,0.08,0,0,0.47,0,0,0,0,0,0,0,0,0,0,0,0,0,0,0,0,0,0,0,0,0,0,0,0,0.08,0,0,0,0,0,0,0,0,0,0.24,0,0,0,0,0,0,0,0.03,0,0,0,0,0,714.26,0,0,0
"165","HPSI1014i-roug_3",0,0,0,0,0,0.14,0,0.03,0,0,0,0,0,0,0,0,0,0,1.28,0,0,0,0,0,0,0,1.25,0,0,0,0,0,0,0,0,0,0,0,0,0.35,0,0,0,0,0,0,0,0,0,0,0,0,0,0,0,0,0,0,0,0,0,0,0,0,0,0,0,0,0,0,0,0.08,0,0,0,0,0,0,0,0,0,0,0.38,1,0,0,0.37,0,0,0,0.01,0,0,0,0,0,2976.53,0,0,0
"166","HPSI0514i-toco_5",0,0,0,0,0,0.15,0,0,0,2.35,0,0,0,0,0,0,0.58,0.2,0,0,0,0,0,0,0,0,1.06,0,0,0.51,0,0,0,0,0,0,0,0,0,0,0,0,0,0,0.06,0,0,0,0,0,1.76,0,0,0,0,0,0,0,0,0.11,0,0,0,0,0,0,0.03,0,0,0,0,0,0,0,0.24,0,0,0,0,0,0,0,0.2,0,0,0,0.31,0,0,0,0,0,0,0,0,0,1853.47,0,0,0
"167","HPSI0614i-uilk_2",0,0,0,0,0,0.18,0,0,0,0,0,0,0,0,0,0,0,0,0,0,0,0,0,0,0,0,0.66,0,0,0.26,0,0,0,0,0,0,0,1.9,0,0,0.21,0,0,0,0,0,0,0,0,0,1.9,0,0,0,0,0,0,0,0,0,0,0,0,0,0,0,0,0,0,0,0,0,0,0,0.24,0,0.08,0,0,0,0,0,0.12,0,0,0,0,0,0,0,0.03,0,0,0,0,0,4069.05,0,0,0.06
"168","HPSI1114i-xiby_4",0,0,0,0,0,0.18,0,0,0,0,0.19,0,0,0,0,0,0,0,0,0,0,0,0,0,0,0,0.35,0,0,0,0,0,0,0,1.25,0,0,0.7,0,0,0,0,0,0,0.07,0,0,0,0,0,2.03,0,0,0,0,0,0,0,0,0,0,0,0,0,0,0,0,0,0,0,0,0.08,0.08,0,0,0,0,0,0,0,0,0,0.35,0,0,0,0,0,0,0,0.06,0,0,0,0,0,980.31,0,0,0
"169","HPSI0914i-euts_3",0,0,0,0,0,0.43,0,0,0,0,0,0,0,0,0,0,0,0,0,0.06,0,0,0,0,0,0,0.81,0,0,0,0,0,0,0,0,0,0,0.76,0,0,0,0,0,0,0.08,0,0,0.54,0,0,1.13,0,0,0,0,0,0,0,0,0,0,0,0,0,0,0,0.04,0,0,0,0,0,0,0,0,0,0,0,0,0,2.15,0,0.26,0,0,0,0,0,0,0,0,0,0,0,0,0,3093,0,0,0
"170","HPSI0214i-giju_3",0.07,0,0,0,0,0.31,0,0,0,0,0,0,0,0,0,0,0,0.25,0,0,0,0,0,0,0,0,0.78,0,0,0,0,0,0,0,0,0,0,0,0,0,0.24,0,0,0,0,0,0,0.08,0,0,0,0,0,0,0,0,0,0,0,0,0,0,0,0,0,0,0,0,0,0,0,0,0.08,0,0.29,1.09,0.09,0,0,0,0,0.03,0.25,0,0,0,0.38,0,0,0,0.03,0,0,0,0,0,3607.95,0,0,0
"171","HPSI0314i-cuhk_2",0,0,0,0,0,0.06,0,0,0,6.41,0,0,0,0,0,0,0,0,0,0,0,0,0,0,0,0,0.86,0,0,0,0,0,0,0,0,0,0,0,0,0,0,0.41,0,0,0.2,0,0,0.32,0,0,0,0,0,0,0,0,0,0.06,0,0,0,0,0.24,0,0,0,0,0,0,0,0,0,0,0,0,0,0,0,0,0,0,0,0.16,0,0,0,0,0,0,0,0,0,0,0,0,0,3879.99,0,0,0
"172","HPSI0114i-fikt_3",0,0,0,0,0,0.14,0,0,0,0,0,0,0,0,0,0,0,0.25,0,0,0,0,0,0,0,0,2.43,0,0,0,0.12,0,0,0,0.59,0,0,0,0,0,0,0,0,0,0.08,0,0,0.33,0,0,0,0,0,0,0,0,0,0,0,0,0,0,0,0,0,0,0,0,0,0,0,0,0,0,0,0,0.1,0,0,0,0,0,0,0,0,0,0,0,0,0,0.07,0,0,0,0,0,941.7,0,0,0
"173","HPSI0314i-qaqx_1",0,0,0,0,0,0.2,0,0,0,0,0,0,0,0,0,0,0,0,0,0,0,0,0,0,0,0,0.86,0,0,0,0,0,0,0,0,0,0,0,0,0,0,0,0,0.95,0.21,0,0,0.58,0,0,0,0,0,0,0,0,0,0,0,0,0,0,0,0,0,0,0,0,0,0,0,0,0,0,0,0,0.12,0,0,0,0,0,0,1.02,0,0,0,0,0,0,0,0,0,0,0,0,2946.18,0,0,0
"174","HPSI0914i-jejf_3",0,0,0,0,0,0.26,0,0,0,0,0,0,0,0,0,0.06,0,0,0,0,0,0.05,0,0,0,0,1.39,0,0,0.26,0,0,0,0,0,0,0,0,0,0,0.41,0,0,0,0,0,0,0,0,0,0.88,0,0,0,0,0,0,0,0,0,0,0,0,0,0,0,0,0,0,0,0,0,0.07,0,0,0,0,0,0,0,0,0.02,0.11,0,0,0,0,0,0,0,0.1,0,0,0,0,0,2189.83,0,0,0
"175","HPSI1014i-qayj_3",0.06,0,0,0,0,0.18,0,0,0,0,0,0,0,0,0,0,0,0,0,0,0,0,1.19,0,0,0,1.18,0,0,0,0,0,0,0,0,0,0,0,0,0,0.26,0,0,0,0,0,0,0.14,0,0,1.11,0,0.13,0,0,0,0,0.04,0,0,0,0,0,0,0,0,0,0,0,0,0,0,0,0,0,0,0.09,0,0,0,0,0.03,0.56,0,0,0,0,0,0,0,0,0,0,0,0,0,3090.97,0,0,0
"176","HPSI0414i-oikd_2",0,0,0,0,0,0.17,0,0,0,0,0,0,0,0,0,0,0,0,0,0,0,0,1.18,0,0,0,0.8,0,0,0,0.1,0,0,0,0,0,0,0.68,0,0,0,0,0,0,0.07,0,0,0,0,0,2.15,0,0,0,0,0,0,0,0,0,0,0,0,0,0,0,0.04,0,0,0,0,0,0,0,0,1.07,0.21,0,0,0.21,0,0,0.11,0,0,0,0,0,0,0,0.03,0,0,0,0,0,2738.98,0,0,0
"177","HPSI1013i-pamv_3",0,0,0,0,0,0.06,0,0,0,0,0,0,0,0,0,0,0,0,0,0,0,0,0,0,0,0,0.66,0,0,0,0,0,0,0,0,0,0,0,0,0,0,0,0,0,0.17,0,0,0.13,0.03,0,0,0,0,0,0,0,0,0,0,0,0,0,0,0,0,0,0,0,0,0,0,0,0,0,0,0,0,0,0,0,0,0.03,0,0,0,0,0,0,0,0,0,0,0,0,0,0,2379.4,0,0,0
"178","HPSI0715i-zaie_5",0,0,0,0,0,0.24,0,0,0,3.89,0,0,0,0,0,0,0,0,0,0,0,0,0,0,0,0,1.34,0,0,0,0,0,0,0,0,0,0,0.72,0,0,0.46,0,0,1.34,0,0,0,0,0,0,0,0,0,0,0,0,0,0,0,0,0,0,0,0,0,0,0,0,0,0,0,0,0.07,0,0,0,0,0,0,0,0,0,0.12,0,0,0,0,0,0,0,0,0,0,0,0,0,2180.71,0,0,0
"179","HPSI1014i-xejd_1",0,0,0,0,0,0.17,0,0,0,0,0.09,0,0,0,0,0,0,0.14,0,0,0.15,0,0,0,0,0,0.15,0,0,0,0,0,0,0,0,0,0,0,0,0,0.19,0.2,0,0,0,0,0,0,0,0,0.68,0,0,0,0,0,0,0,0,0,0,0,0,0,0,0,0,0,0,0,0,0,0.12,0.09,0,0,0,0,0,0,0,0,0.08,0,0,0,0,0,0,0,0.06,0,0,0,0,0,0,0,0,0
"180","HPSI0115i-vazt_1",0,0,0,0,0.04,0.15,0,0,0,2.46,0,0,0,0,0,0,0,0,0,0,0.23,0,0,0,0,0,0.78,0,0,0,0,0,0,0,0,0,0,1.48,0,0,0.24,0,0,0,0,0,0,0.19,0,0,0,0,0,0,0,0,0,0,0,0,0,0,0,0,0,0,0.13,0,0,0,0,0.09,0.08,0,0.29,0,0.17,0,0,0,0,0,0,0.39,0,0,0,0,0,0,0,0,0,0.25,0,0,1564.06,0,0,0
"181","HPSI0115i-timk_4",0,0,0,0,0,0.16,0,0,0,0,0,0,0,0,0,0.04,0,0,0,0,0,0,0,0,0,0,0.46,0,0,0,0,0,0,0,0,0,0,0,0,0,0.57,0,0,0,0.17,0,0,0,0,0,0.81,0,0,0,0,0.1,0,0,0,0,0,0.34,0,0,0,0,0,0,0,0,0,0,0.07,0.1,0,0,0,0,0,0,0,0,0.37,0.35,0,0,0,0,0,0,0.02,0,0,0.18,0,0,620.74,0,0,0
"182","HPSI0914i-suop_5",0,0,0,0,0,0.18,0,0,0,1.73,0,0,0,0,0,0,0.73,0,0,0,0,0,0,0,0,0,1.3,0,0,0,0,0,0,0,0,0.06,0,0,0,0,0,0,0,0,0.08,0,0,0.19,0,0,1.18,0,0,0,0,0,0,0,0,0,0,0,0,0,0,0,0,0,0,0,0,0.09,0,0,0,0,0,0,0,0,1.5,0,0.39,0,0,0,0,0,0,0,0,0,0,0.26,0,0,2380.77,0,0,0
"183","HPSI0514i-xayd_4",0.1,0,0,0,0,0.16,0,0,0,2.98,0.04,0.02,0,0,0,0,0,0,0,0,0.07,0,0,0,0,0,2.52,0,0,0,0,0,0,0,0,0,0,0,0,0,0.39,0,0,0,0.04,0,0,0,0,0,0.62,0,0,0.14,0,0,0,0,0,0,0,0,0,0,0,0,0,0,0,0,0,0,0,0,0,0,0,0,0,0,0,0,0.14,0.61,0,0,0,0,0,0,0,0,0,0,0,0,909.95,0,0,0
"184","HPSI0115i-gost_2",0.05,0,0,0,0,0.24,0,0,0,0,0.05,0,0,0,0,0,0,0,0,0,0.08,0,0,0,0,0,1.82,0,0,0,0,0,0,0,0,0,0,1.54,0,0,0,0,0,0,0.05,0,0,0.13,0,0,0.76,0,0,0,0,0,0,0,0,0,0,0,0,0,0,0,0,0,0,0,0,0,0,0,0.2,0.76,0,0,0,0,0,0,0.27,0,0,0,0,0,0,0,0,0.01,0,0,0,0,2345.88,0,0,0
"185","HPSI0514i-kuco_5",0.21,0,0,0,0,0.3,0,0,0,0,0.06,0,0,0,0,0,0,0,0,0,0,0,0,0,0,0,0.81,0,0,0.28,0,0.27,0,0,0,0,0,0.66,0,0,0,0,0,0,0,0,0,0,0,0,3.8,0,0,0,0,0,0,0,0,0,0,0,0,0,0,0,0,0,0,0,0,0,0.07,0,0,0,0,0,0,0,0,0,0.22,0.62,0,0,0,0,0,0,0.02,0,0,0.23,0,0,1459.22,0,0,0
"186","HPSI0514i-oekw_2",0,0,0,0,0,0.19,0,0,0,0,0,0,0,0,0,0,0,0,0,0,0,0,0,0,0,0,0.88,0,0,0,0,0,0,0,0,0,0,0,0,0,0.2,0,0,0,0,0,0,0.1,0,0,0.92,0,0,0,0,0,0,0,0,0,0,0,0,0,0,0,0.08,1.38,0,0,0,0,0,0,0,0,0.08,0,0,0,0,0,0.21,0,0,0,0,0,0,0,0.08,0,0,0,0,0,2482.05,0,0,0
"187","HPSI0814i-siqu_11",0,0,0,0,0,0.19,0,0,0,7.04,0,0,0.06,0,0,0,0,0,0.94,0,0,0,2.05,0,0,0,0.4,0,0,0,0,0,0,0,0,0,0,0,0,0,0,0,0,1.76,0.12,0,0,0,0,0,0.84,0,0,0,0,0,0,0.03,0,0,0,0,0,0,0,0,0,0,0,0,0,0.07,0,0,0.22,0,0.51,0,0,0,0,0,0.1,0.42,0,0,0,0,0,0,0.02,0,0,0,0,0,2301.58,0,0,0
"188","HPSI0115i-iuad_2",0,0,0,0,0,0.17,0,0,0,0,0.32,0,0,0,0,0,0,0,0,0,0,0,0,0.42,0,0,1.02,0,0,0,0,0,0,0,0,0,0,0.74,0,0,0,0,0,0,0.07,0,0,0,0,0,1.08,0,0,0,0,0,0,0,0,0,0,0,0,0,0,0,0,0,0,0,0,0,0,0,0,0,0.35,0,0,0,0,0,0.12,0,0,0,0,0,0,0,0.06,0,0,0.25,0,0,2655.28,0,0,0
"189","HPSI0714i-pipw_5",0.06,0,0,0,0,0.21,0,0,0,0,0,0,0,0,0,0,0.59,0,0,0,0,0,0,0,0,0,0.44,0,0,0,0,0,0,0,0,0,0,1.24,0,0,0.42,0,0,0,0.06,0,0,0,0,0,0.91,0,0.11,0,0,0,0,0,0,0,0,0,0,0,0,0,0,0,0,0,0.18,0,0.07,0,0.24,0,0.31,0,0,0,0,0,0.21,0.83,0,0,0,0,0.06,0,0,0,0,0,0,0,1476.53,0,0,0
"190","HPSI0914i-qehq_7",0,0,0,0,0,0.33,0,0,0,2.62,0,0,0,0,0,0,0,0,0,0,0,0,0,0,0,0,0.24,0,0,0,0,0.28,0,0,0,0,0,1.36,0,0,0,0,0,0,0.07,0,0,0,0,0,2,0,0.25,0,0,0,0,0,0,0,0,0,0,0,0,0,0,0,0.15,0,0,0,0.07,0,0,0,0,0,0,0,0,0,0.12,0,0,0,0,0,0,0,0,0,0,0,0,0,1801.67,0,0,0
"191","HPSI1013i-jogf_2",0,0,0,0,0,0.17,0,0,0,0,0,0,0,0,0,0,0,0,0,0,0,0,0,0,0,0,0.36,0,0,0,0,0,0,0,0,0,0,0,0,0,0,0,0,0,0.09,0,0,0,0,0,0,0,0,0,0,0,0,0,0,0,0,0,0,0,0,0,0,0,0,0,0,0,0,0,0,0,0,0,0,0.23,0,0,0,0,0,0,0,0,0,0,0,0,0,0,0,0,1203.35,0,0,0
"192","HPSI0514i-tert_3",0,0,0,0,0,0.14,0,0,0,0,0.06,0,0,0,0,0,0,0.21,0,0,0,0,0,0,0,0.08,1.02,0,0,0,0,0,0,0,0,0,1.39,0,0,0,0.21,0,0,0,0,0,0,0,0,0,0.94,0,0,0,0,0,0,0.04,0,0,0,0,0,0,0,0,0.04,0,0,0,0,0,0,0,0,0,0,0,0,0,0,0,0.22,1.08,0,0,0,0,0,0,0.11,0,0,0,0,0,2318.37,0,0,0
"193","HPSI0514i-tert_1",0,0,0,0,0,0.31,0,0,0,0,0,0,0,0,0,0.04,0,0.2,0,0,0,0,0,0,0,0,0.43,0,0,0,0,0,0,0,0,0,0,0.6,0,0,0,0,0,0,0,0,0,0,0,0,0.9,0,0,0,0,0,0,0,0,0,0,0,0,0,0,0,0,0,0,0,0,0,0,0,0,0,0.08,0,0,0,0,0,0.42,0.86,0,0,0,0,0,0,0,0,0,0,0,0,1030.82,0,0,0
"194","HPSI0115i-iiyk_2",0.06,0,0,0,0,0.28,0,0,0,0,0,0,0,0,0,0.05,1.29,0,0,0,0.11,0,0,0,0,0,0.72,0,0,0.28,0,0,0,0,0,0.06,0,1.34,0,0,0.25,0,0,0,0.15,0,0,0.13,0,0,1.05,0,0,0,0,0,0,0,0,0,0,0,0,0,0,0,0.04,0,0,0,0,0,0,0,0,0,0,0,0,0,0,0,0.23,0,0,0,0,0,0,0,0.02,0.01,0,0,0,0,1740.49,0,0,0
"195","HPSI0114i-zapk_2",0.06,0,0,0,0,0.56,0,0,0,0,0.13,0,0,0,0,0,0,0,0,0,0,0,0,0.38,0,0,0.98,0,0,0,0,0,0,0,0,0.06,1.65,0.7,0,0,0.26,0,0,0.74,0,0,0,0.15,0,0,3.23,0,0,0,0,0,0,0,0,0,0,0,0,0,0,0,0,0,0,0,0,0,0,0,0,0,0.16,0,0,0,0,0.02,0.51,0.76,0,0,0.69,0,0,0,0.03,0,0,0,0,0,4752.89,0,0,0
"196","HPSI0814i-bokz_6",0,0,0,0,0,0.28,0,0,0,0,0,0,0,0,0,0,0,0,0,0,0,0,0,0,0,0,0.87,0,0,0,0,0,0,0,0,0,0,0,0,0,0,0,0,0,0,0,0,0.15,0,0,0,0,0,0,0,0,0,0,0,0,0,0,0,0,0.06,0,0,0,0,0,0,0,0,0,0,0,0,0,0,0,0,0,0,0,0,0,0,0,0,0,0,0,0,0,0,0,2342.58,0,0,0
"197","HPSI0115i-bimq_5",0,0,0,0,0,0.45,0,0,0,0,0.06,0,0,0,0,0,0,0,0,0,0.11,0,0,0,0,0,0.6,0,0,0,0,0,0,0,0,0,0,0,0,0.34,0.23,0.32,0,0,0.28,0,0,0.1,0,0,1,0,0,0,0,0,0,0,0,0,0,0,0,0,0,0,0.04,1.51,0,0,0,0,0,0,0,0,0,0,0,0,0,0,0.23,1,0,0,0,0,0,0,0.03,0,0,0.24,0,0,1496.87,0,0,0
"198","HPSI0414i-sebn_4",0,0,0,0,0,0.4,0,0,0,3.8,0,0,0,0,0,0,0,0,0,0,0,0,0,0.41,0,0,0.6,0,0,0.3,0,0,0,0,0,0,0,2.08,0,0,0,0,0,0,0.07,0,0,0.1,0,0,6.14,0,0,0,0,0,0,0,0,0,1.08,0,0,0,0,0,0,0,0,0,0,0,0.07,0,0,1.02,0.25,0,0.08,0,0,0,0.11,0.4,0,0,1.06,0,0,0,0.08,0,0,0.48,0,0,3693.78,0,0,0
"199","HPSI1014i-bilx_1",0,0,0,0,0,0.13,0,0,0,3.16,0.06,0,0,0,0,0,0,0.24,0,0,0,0,0,0,0,0,0.74,0,0,0,0,0,0,0,0,0,0,0,0,0.34,0,0,0,0,0,0,0,0,0,0,1.05,0,0,0,0,0,0,0,0,0,0,0,0,0,0.06,0,0,0,0,0,0,0,0,0,0,0,0.09,0,0,0,0,0,0.24,0.76,0,0,0.36,0,0,0,0,0,0,0,0,0,2259.19,0,0,0
"200","HPSI0714i-keui_1",0,0,0,0,0,0.34,0,0,0,2.88,0,0,0,0,0,0,0,0,0,0,0.12,0,0,0.42,0,0,0.4,0,0,0.32,0,0,0,0,0,0,0,0.76,0,0,0,0,0,0,0.07,0.72,0,0,0,0,2.39,0,0,0,0,0,0,0,0,0,0,0,0,0,0,0,0,0,0,0,0,0,0.08,0,0,0,0,0,0,0,0,0,0.26,0.47,0,0,0.38,0,0,0,0.06,0,0,0,0,0,3756.99,0,0,0
"201","HPSI0215i-fawm_2",0.06,0,0,0,0,0.18,0,0,0,1.91,0,0,0,0,0,0,0,0.23,0,0,0,0,0,0,0,0,0.71,0,0,0,0,0,0,0,0,0,0,2.06,0,0,0.23,0,0,0,0,0,0,0.35,0,0,0,0,0,0,0,0,0,0,0,0,0,0,0,0,0,0,0,0,0,0,0,0.07,0,0,0,0,0,0,0.08,0,0,0,0,0,0,0,0.36,0,0,0,0,0,0,0.24,0,0,1898.76,0,0,0
"202","HPSI1014i-babz_3",0,0,0,0,0,0.26,0,0,0,0,0,0,0,0,0,0,0,0.49,0,0,0,0,0,0,0,0,0.38,0,0,0,0,0,0,0,0,0,0,1.48,0,0.73,0,0,0,0,0,0,0,0,0,0,2.18,0,0,0,0,0,0,0.04,0,0,0,0,0,0,0,0,0.04,0,0,0,0,0,0,0,0.58,0,0,0,0,0,0,0,0.26,0,0,0,0,0,0,0,0,0,0,0,0,0,4608.87,0,0.39,0
"203","HPSI1014i-tixi_4",0,0,0,0,0,0.27,0,0,0,0,0,0,0,0.04,0,0.04,0.65,0,0,0,0,0,0,0,0,0,1.61,0,0,0,0.1,0,0,0,0,0,0,0.68,0,0,0,0,0,0,0.15,0,0,0.19,0,0,3.11,0,0,0,0,0,0,0,0,0,0,0,0,0,0,0,0.08,0,0,0,0,0.07,0,0,0,1.04,0,0,0,0,0,0.02,0.23,0,0,0,0,0,0,0,0,0,0,0,0,0,4725.26,0,0,0
"204","HPSI1213i-nekd_1",0,0,0,0,0,0.41,0,0,0,0,0,0,0,0,0,12.63,0.55,0,0,0,0,0,0,0,0,0,0.92,0,0,0,0,0,0,0,0.28,0,0,0,0,0,0.35,0,0,0,0.31,0,0,0.24,0.02,0,0,0,0,0,0,0,1.59,0.78,0,0,0,0,0,0,0,0,0,0,0,0,0,3.5,0,0,0,0,0.07,0,0,0,0,0,0,0,0.15,0.76,0,0.2,0,0,0.05,0,0,0,0,0,2066.27,0,0,0
"205","HPSI0514i-yafr_3",0,0,0,0,0,0.28,0,0,0,0,0,0,0,0,0,0,0,0,0,0,0,0,0,0,0,0,0.67,0,0,0,0,0,0,0,0,0,0,1.26,0,0,0.21,0,0,0,0.07,0,0,0.21,0,0,1.86,0,0,0,0,0,0,0,0,0,0,0,0,0,0,0,0.04,0,0,0,0,0,0,0,0,0,0,0,0,0,0,0,0.43,0,0,0,0,0,0,0.07,0,0,0,0.64,0,0,2277.92,0,0,0
"206","HPSI0214i-heja_1",0,0,0,0,0,0.22,0,0,0,0,0,0,0,0,0,0,0.66,0,0,0,0,0,0,0,0,0,0.47,0,0,0,0,0,0,0,0.3,0,0,0.7,0,0,0.22,0,0,0,0.08,0,0,0.17,0,0,0,0,0,0,0,0,0,0,0,0,0,0,0,0,0,0,0,1.73,0,0,0,0,0,0,0,0,0,0,0,0,0,0,0.48,0,0,0,0,0,0,0,0.03,0,0,0,0,0,2614.97,0,0,0
"207","HPSI1014i-quls_2",0,0,0,0,0,0.25,0,0,0,2.41,0,0,0,0,0,0,0.68,0,0,0,0,0,0,0,0,0,0.24,0,0,0.3,0,0,0,0,0,0,0,0,0.01,0,0,0,0,0,0,0,0,0,0.03,0.05,1.05,0,0,0,0,0,0,0,0,0,0,0,0,0,0,0,0.04,0,0,0,0,0,0,0,0,0,0,0,0,0,0,0,0,0.51,0,0,0,0,0,0,0,0,0,1.2,0,0,3480.36,0,0,0
"208","HPSI0814i-doao_1",0,0,0,0,0,0.2,0,0,0,0,0,0,0,0,0,0,0,0.24,0,0,0,0,0,0,0,0,1.91,0,0,0,0,0,0,0,0,0,0,0,0,0,0,0,0,0.81,0.08,0,0,0.09,0,0,0,0,0,0,0,0,0,0,0,0,0,0.46,0,0,0,0,0.05,0,0,0,0,0,0,0,0,0,0.09,0,0,0,0,0.03,0.13,0.84,0,0,0,0,0,0,0,0,0,0,0,0,4181.75,0,0.37,0
"209","HPSI0913i-eika_2",0,0,0,0,0,0.2,0,0,0,0,0,0,0,0,0,0,0,0,1.68,0,0,0,0,0,0,0,1.07,0,0,0,0,0,0,0,0,0,0,0,0,0,0,0,0,0,0.1,0,0,0.5,0,0,0,0,0,0,0,0,0,0,0,0,0,0,0,0,0,0,0.17,0,0,0,0.26,0,0,0,0,0,0,0,0,0,0,0.07,0.34,0.52,0,0,0,0,0,0,0,0,0,0,0,0,1727.54,0,0,0
"210","HPSI0414i-ceik_1",0,0,0,0,0,0.28,0,0,0,5.99,0,0,0,0,0,0,0,0,0,0,0.12,0,0,0,0,0,0.94,0,0,0.33,0,0,0,0,0,0,0,0,0,0,0,0,0,0,0,0,0,0,0,0,0,0,0,0,0,0,0,0,0,0,0,0,0,0,0,0,0,0,0,0,0,0.09,0.09,0,0.3,1.15,0,0,0,0,0,0,0.64,0,0,0,0,0,0,0,0,0,0,0,0,0,2691.19,0,0,0
"211","HPSI1013i-yemz_1",0,0,0,0,0,0.43,0,0,0,0,0,0,0,0,0,0,0,0,0,0,0.12,0,0,0,0,0,1.28,0,0,0.56,0,0,0,0,0,0,0,0.66,0,0,0,0,0,0,0.23,0,0,0,0,0,0,0,0,0,0,0,0,0,0,0,0,0,0,0,0,0,0.05,0,0,0,0,0,0,0,0,0,0,0.06,0,0,0,0,0.5,0,0,0,0,0,0,0,0.03,0,0,0,0,0,1080.98,0,0,0
"212","HPSI0914i-laey_6",0.07,0,0,0,0,0.2,0,0,0,0,0,0,0,0,0,0,0,0.28,0,0,0,0,0,0,0,0,0.69,0,0,0,0,0,0,0,0,0,0,0.78,0,0,0,0,0,0,0,0.74,0,0.22,0,0,2.26,0,0,0,0,0,0,0,0,0,0,0,0,0,0,0,0.04,0,0,0,0,0,0,0,0,0,0,0,0,0,0,0.03,1.04,0,0,0,0,0,0,0,0.05,0,0,0.28,0,0,1743.33,0,0,0
"213","HPSI0614i-puhk_5",0,0.05,0,0,0,0.27,0,0,0,4.36,0.06,0,0,0,0,0,0,0,0,0,0.2,0,0,0,0,0,0.64,0,0,0,0,0,0,0,0,0,0,2.4,0,0,0,0,0,0,0,0,0,0.21,0,0,3.58,0,0,0,0,0,0,0,0,0,0,0,0,0,0,0,0.04,0,0,0,0,0,0,0,0,0.89,0,0,0,0.19,0,0,0,0,0,0,0,0,0,0,0,0,0,0,0,0,2372.14,0,0,0
"214","HPSI0214i-giju_2",0,0,0,0,0,0.31,0,0,0,6.47,0,0,0,0,0,0.1,0,0.24,0,0,0,0,0,0,0,0,0.51,0,0,0,0,0,0,0,0,0,0,0.7,0,0,0.25,0,0,0,0.22,0,0,0.09,0,0,1.02,0,0,0,0,0,0,0,0,0,0,0,0,0,0,0,0,0,0,0,0,0,0,0.14,0,0,0.09,0,0,0,0,0,0,0,0,0,0,0,0,0,0.03,0,0,0,0,0,2628.48,0,0,0
"215","HPSI0614i-xubw_1",0,0,0,0,0,0.18,0,0,0,0,0,0,0,0,0,0,0,0,0,0,0,0,0,0,0,0,0.96,0,0,0,0,0,0,0,0,0,0,0.52,0,0,0,0,0,0,0.06,0,0,0,0.02,0,0.79,0,0,0,0,0,0,0,0,0,0,0,0,0,0,0,0,0,0,0,0,0,0,0,0,0,0.19,0,0,0,0,0,0,0.09,0,0,0,0,0,0,0,0,0,0,0,0,1176.73,0,0,0
"216","HPSI1014i-toss_3",0,0,0,0,0,0.09,0,0,0,0,0,0,0,0,0,0.06,0,0,0,0,0,0,0,0,0,0,0.83,0,0,0,0,0,0,0,0,0,0,0,0,0,0,0,0,0,0,0,0,0,0,0,0,0,0,0,0,0,0,0,0,0,0,0,0,0,0,0,0.11,0,0,0,0,0,0,0,0,0,0,0,0,0,0,0,0.14,0.93,0,0,0,0,0,0,0,0,0,0,0,0,1792.2,0,0,0
"217","HPSI0214i-pelm_3",0,0,0,0,0,0.21,0,0,0,0,0,0,0,0,0,0,0,0,0,0,0,0,0,0.4,0,0,0.95,0,0,0,0,0,0,0,0,0,0,0,0,0,0,0,0,0,0,0.69,0,0.24,0,0,0,0,0,0,0,0,0,0,0,0,0,0,0,0,0,0,0.05,0,0,0,0,0,0,0,0,0,0.2,0,0,0,0,0,0.26,0.65,0,0,0,0,0,0,0.07,0,0,0,0,0,1241.85,0,0,0
"218","HPSI0715i-meue_5",0.06,0,0,0,0,0.07,0,0,0,2.51,0.06,0,0,0,0,0,0,0,0,0,0,0,0,0,0,0,0.81,0,0,0.27,0.1,0,0,0,0,0,0,1.34,0,0,0,0,0,0,0.14,0,0,0,0,0,0,0,0,0,0,0,0,0,0,0,0,0,0,0,0,0,0.04,0,0,0,0,0,0,0,0,0,0,0,0,0,0,0,0.45,0,0,0,0,0,0,0,0,0,0,0,0,0,2494.55,0,0,0
"219","HPSI0114i-bezi_1",0.07,0,0,0,0,0.2,0,0,0,0,0.08,0,0,0,0,0,0,0.73,0,0,0,0,0,0,0,0,1.09,0,0,0,0,0,0,0,0,0,0,0,0,0,0,0,0,0,0.18,0,0,0,0,0,0,0,0,0,0,0,0,0,0,0,0,0,0,0,0,0,0,0,0,0,0,0,0,0,0,0,0,0.06,0,0,0,0,0.13,0,0,0,0,0,0,0,0.02,0,0,0,0,0,1984.85,0,0,0
"220","HPSI0614i-paab_3",0,0,0,0,0,0.22,0,0,0,0,0,0,0,0,0.11,0,0,0,0,0,0,0,0,0,0,0,0.48,0,0,0,0,0.29,0,0,0,0,0,0.72,0,0,0.46,0,0,0,0,0.68,0,0,0,0,2.15,0,0,0,0,0,0,0,0,0,0,0,0,0,0,0,0,0,0,0,0,0,0.07,0,0,0,0,0,0,0.22,0,0.09,0.25,0.84,0,0,0,0,0,0,0,0,0,0,0,0,2374.27,0,0,0
"221","HPSI1213i-pahc_5",0.06,0,0,0,0,0.11,0,0,0,0,0.07,0,0,0,0,0,0.64,0,0,0,0,0,0,0,0,0,1.11,0,0,0,0,0,0,0,0,0,0,0,0,0,0,0,0,0,0,0.63,0,0.12,0,0,0,0,0,0.21,0,0,0,0.07,0,0,0,0,0,0,0,0,0,0,0,0,0,0.07,0.08,0,0,1.03,0,0,0,0,0,0,0,0,0,0,0,0,0,0,0,0,0,0.22,0,0,2544.3,0,0,0
"222","HPSI0514i-puie_5",0,0,0,0,0,0.26,0,0,0,0,0,0,0,0,0,0,0,0.26,0,0,0,0,0,0,0,0,0.78,0,0,0,0,0,0,0,0,0,0,1.54,0,0,0,0,0,0,0,0,0,0.23,0,0,2.23,0,0,0,0,0,0,0,0,0,0,0,0,0,0,0,0,0,0,0,0,0,0,0,0,1.11,0,0,0,0,0,0,0.13,0.98,0,0,0,0,0,0,0,0,0,0,0,0,2382.51,0,0.41,0
"223","HPSI1013i-cups_3",0,0,0,0,0,0.32,0,0,0,0,0,0,0,0,0,5.76,0,0,0,0,0,0,0,0,0,0,0,0,0,0,0,0,0,0,0,0,1.78,0.62,0,0,0.2,0,0,1.32,0,0,0,0,0,0,1.97,0,0,0,0,0,0.42,0.07,0,0,0,0,0,0,0,0,0,0,0,0,0,0.93,0.14,0,0,0,0,0,0,0,0,0,0,0.14,0,0.83,0,0.08,0,0,0.03,0,0,0,0,0,3262.12,0,0,0
"224","HPSI1014i-eesb_1",0.07,0,0,0,0,0.12,0,0,0,0,0,0,0,0,0,0,0,0.24,0,0,0,0,0,0,0,0,0.76,0,0,0,0,0,0,0,0,0.06,0,0,0,0,0,0,0,0,0,0,0,0,0,0,0,0,0,0,0,0,0,0,0,0,0,0,0,0,0,0,0,0,0,0,0,0,0,0,0,0,0.27,0,0,0,0,0,0,0.95,0,0,0,0,0,0,0,0,0,0,0,0,2589.03,0,0,0
"225","HPSI0914i-qehq_3",0,0,0,0,0,0.21,0,0,0,0,0.13,0,0,0,0,0,0,0,0,0,0,0,0,0,0,0,0.49,0,0,0.59,0,0,0,0,0.08,0,0,0.7,0,0,0,0,0,0,0.22,0,0,0,0,0.04,0,0,0,0,0,0,0,0,0,0,0,0,0,0,0.06,0,0,1.54,0,0,0.21,0,0.15,0,0,1.01,0.19,0,0,0,0,0,0,0,0,0,0,0,0,0,0.11,0,0,0,0,0,1914.74,0,0,0
"226","HPSI0214i-pelm_1",0,0,0,0,0,0.12,0,0,0,0,0,0,0,0,0,0,0,0,0,0,0.27,0,0,0,0,0,0.75,0,0,0,0,0,0,0,0,0,0,0,0,0,0,0,0,0,0.09,0,0,0.31,0,0,0,0,0,0,0,0,0,0,0,0,1.27,0,0,0,0,0,0.11,0,0,0,0,0,0.1,0,0,0,0,0,0,0,0,0.03,0,1.24,0,0,0.38,0,0,0,0,0,0,0,0,0,1107.4,0,0,0
"227","HPSI0215i-hipn_1",0.07,0,0,0,0,0.34,0,0,0,0,0,0,0,0,0,0,1.47,0,0,0,0,0,0,0,0,0,0.27,0,0,0,0,0,0,0,0,0,0,0.76,0,0,0,0,0,0,0.08,1.45,0,0.19,0,0,0,0,0,0,0,0,0,0,0,0,0,0,0,0,0,0,0.04,1.7,0,0,0,0,0,0,0.3,0,0,0,0,0,0,0.03,0.13,0.83,0,0,0.39,0,0,0,0.06,0,0,0.26,0,0,1832.33,0,0,0
"228","HPSI0614i-oicx_6",0,0,0,0,0,0.11,0,0,0,0,0,0,0,0,0,0,0,0,0,0,0,0,0,0,0,0,0.6,0,0,0,0,0,0,0,0,0,0,0.72,0,0,0,0,0,0,0,0,0,0.28,0,0,1.1,0,0,0,0,0,0,0,0,0,0,0,0,0,0,0,0.08,0,0,0,0,0,0.14,0,0,0,0,0,0,0,0,0,0,0,0,0,0,0,0,0,0,0,0,0,0,0,3951.84,0,0,0
"229","HPSI0114i-bezi_3",0,0,0,0,0,0.05,0,0,0,0,0.08,0,0,0,0,0,0,0,0,0,0,0,0,0,0,0,0.52,0,0,0,0,0.9,0,0,0,0,0,0,0,0,0,0,0,0,0,0,0,0,0,0,1.33,0,0,0,0,0,0,0,0,0,0,0,0,0,0,0,0.04,0,0,0,0.22,0,0.08,0,0,0,0,0,0,0,0,0.03,0.27,1.03,0,0,0.76,0,0,0,0,0,0,0,0,0,2635.81,0,0,0
"230","HPSI0214i-feec_3",0,0,0,0,0,0.24,0,0,0,5.26,0,0,0,0,0,0,0,0,0,0.08,0,0,0,0,0,0,0.56,0,0,0,0,0,0,0,0,0,0,0,0,0,0,0,0,0,0,0,0,0.3,0,0,0,0,0,0,0,0,0,0,0,0,0,0,0,0,0,0,0.12,0,0,0,0,0,0,0,0.3,0,0,0,0,0,0,0,0.47,0.87,0,0,0,0,0,0,0,0,0,0,0,0,2600.61,0,0,0
"231","HPSI0115i-paim_3",0.06,0,0,0,0,0.22,0,0,0,0,0,0,0,0,0,0,0.59,0,0,0,0.1,0,0,0,0,0,0.88,0,0,0,0,0,0,0,0,0,0,0,0.03,0,0,0,1.97,0,0.2,0,0,0.45,0,0,1.82,0,0,0,0,0,0,0,0,0,0,0,0,0,0,0,0.04,0,0,0,0,0,0.14,0,0,0,0.2,0,0,0,2.79,0.02,0.54,0,0,0,0,0,0,0,0.03,0,0,0.21,0,0,1396.23,0,0,0
"232","HPSI0714i-oatm_2",0.07,0,0,0,0,0.14,0,0,0,0,0,0,0,0,0,0,0.69,0,0,0,0,0,0,0.42,0,0,0.38,0,0,0,0,0.58,0,0,0,0,0,2.16,0,0,0,0,0,0,0.07,0,0,0.12,0,0,0,0,0,0,0,0,0,0,0,0,0,0,0,0.02,0,0,0.09,0,0,0,0,0,0.08,0,0,0,0.29,0,0,0,0,0,0.12,0,0,0,0.37,0,0,0,0.03,0,0,0,0,0.03,1396.07,0,0,0
"233","HPSI0714i-jilk_3",0,0,0,0,0,0.72,0,0,0,1.98,0,0,0,0,0,0,0,0,0,0,0.19,0,0,0,0,0,0.87,0,0,0,0,0,0,0,0,0,0,0.6,0,0,0.6,0,0,0,0.13,0.58,0,0.11,0,0,12.41,0,0,0,0,0.1,0,0,0,0,0,0,0,0,0,0,0,1.32,0,0.18,0,0,0,0,0,2.66,0,0,0,0,0,0,0,0.14,0.16,0,0.93,0,0,0,0.11,0,0,0,0,0,3721.47,0,0,0
"234","HPSI1014i-juuy_2",0,0,0,0,0,0.21,0,0,0,0,0,0,0,0,0,0,0,0,0,0,0,0,0,0,0,0,0.79,0,0,0,0,0,0,0,0,0,0,0,0,0,0,0,0,0,0,0.7,0,0.5,0,0,2.12,0,0,0,0,0,0,0,0,0.11,0,0,0,0,0,0,0.09,0,0,0,0,0,0,0,0.29,0,0,0,0,0,0,0,0.25,0,0,0,0,0,0,0,0,0,0,0,0,0,2327.49,0,0.39,0
"235","HPSI0414i-oaqd_3",0.12,0,0,0,0,0.21,0,0,0,0,0,0,0,0,0,0,0.63,0,0,0,0,0,0,0.42,0,0,0.24,0,0,0,0,0,0,0,0,0,0,0.66,0,0,0,0,0,0,0.16,0,0,0,0,0,1.91,0,0,0,0,0,0,0,0,0,0,0,0,0,0,0,0,0,0,0,0,0,0,0,0,0,0,0,0,0,0,0,0.51,1.27,0,0,0.72,0,0,0,0,0,0,0,0,0,1942.96,0,0,0
"236","HPSI0115i-jotn_2",0,0,0,0,0,0.06,0,0,0,0,0,0,0,0,0,0,0,0.36,0,0,0.09,0,0,0,0,0.06,0.66,0,0,0,0,0,0,0,0,0,0,0.56,0,0,0,0,0,0,0.11,0.54,0,0,0,0,0.84,0,0,0,0,0,0,0,0,0,0,0,0,0,0,0,0.03,0,0,0,0.16,0,0.06,0,0.43,0,0,0,0,0,0,0,0.19,0,0,0,0,0,0,0,0.05,0,0,0,0,0,920.9,0,0,0
"237","HPSI0714i-pipw_4",0,0,0,0,0,0.24,0,0,0,0,0,0,0,0,0,0,0,0,0,0,0,0,0,0,0,0,1.24,0,0,0,0,0,0,0,0,0,0,0.72,0,0.35,0,0,0,0,0.15,0,0,0.13,0,0,1.05,0,0.13,0,0,0,0,0,0,0,0,0,0,0,0,0,0.04,0,0,0,0,0,0,0,0,1.05,0,0,0,0,0,0,0.36,0.41,0,0,0,0,0,0,0.03,0,0,0,0,0,1904.59,0,0,0
"238","HPSI0115i-rakq_1",0.11,0,0,0,0,0.1,0,0,0,0,0,0,0,0,0,0,0,0,0,0,0.16,0,0,0,0,0,1.21,0,0,0,0,0,0,0,0,0,0,0,0,0,0,0,0,0,0.05,0,0,0,0,0,2.93,0,0.09,0,0,0,0,0,0,0,0,0,0,0.01,0,0,0,0,0,0,0,0,0,0,0,0,0,0,0,0,0,0.02,0.09,0.65,0,0,0,0,0,0,0,0,0,0,0,0,1420.09,0,0,0
"239","HPSI0115i-melw_1",0.07,0,0,0,0,0.3,0,0,0,2.89,0,0,0,0,0,0,0,0,0,0,0.12,0,0,0,0,0,1.63,0,0,0.6,0,0,0,0,0,0,0,0,0,0,0,0,0,0,0,0.66,0,0,0,0,1.02,0,0.13,0,0,0,0,0,0,0,0,0,0,0,0,0,0,1.5,0,0,0,0,0,0,0,0,0.09,0,0,0,3.32,0,0.25,0,0,0,0,0,0,0,0,0,0,0,0,0,3443.29,0,0,0
"240","HPSI1113i-vuud_2",0,0,0,0,0,0.22,0,0,0,0,0,0,0,0,0,0,0,0,1.12,0,0,0,0,0,0,0.14,0.85,0,0,0.29,0,0,0,0,0,0,0,0,0,0,0.23,0,0,0,0,0,0,0.11,0,0,1,0,0,0,0,0,0,0,0,0,0,0,0,0,0,0,0.04,0,0,0,0,0,0,0,0.27,0,0.73,0,0,0,0,0,0.5,0.8,0,0,0.69,0,0,0,0.04,0,0,0.23,0,0,0,0,0,0
"241","HPSI0215i-fawm_4",0,0,0,0,0,0.23,0,0,0,0,0.06,0,0,0,0,0,0,0.21,0,0,0,0,0,0,0,0,0.43,0,0,0,0,0,0,0,0,0,1.39,1.26,0,0,0,0,0,0,0,0,0,0,0,0,0,0,0,0,0,0,0,0,0,0.09,0,0,0,0,0,0,0.04,0,0,0,0,0,0.13,0,0,0,0.3,0,0,0,0,0,0.22,0,0,0,0,0,0,0,0.07,0,0,0,0,0,1424.46,0,0,0
"242","HPSI0913i-diku_1",0,0,0,0,0,0.11,0,0,0,0,0.03,0,0,0,0,0,0,0,0,0,0,0,0,0,0,0,1,0,0,0,0,0,0,0,0,0,0,0.34,0,0,0,0,0,0,0.07,0,0,0.17,0,0,0.52,0,0,0,0,0,0,0,0,0.05,0,0,0,0,0,0,0.1,0,0,0,0,0,0.04,0,0,0,0,0,0,0,0,0.01,0,0,0,0,0,0,0,0,0,0,0,0,0,0.02,1301.94,0,0,0
"243","HPSI0314i-fafq_1",0,0,0,0,0,0.14,0,0,0,0,0,0,0,0,0,0,0,0,0,0,0.14,0,0,0,0,0,1.84,0,0,0,0,0,0,0,0,0,0,0,0,0,0,0,0,0,0.09,0,0,0.1,0,0,0,0,0,0,0,0,0,0,0,0,0,0,0,0,0,0,0,0,0,0,0,0,0,0,0,0,0,0,0,0,0,0,0.44,0.74,0,0,0,0,0,0,0,0,0,0,0,0,1901.67,0,0,0
"244","HPSI0913i-lise_3",0,0,0,0,0,0.09,0,0,0,4.38,0,0,0,0,0,0,0,0,0,0,0.13,0,0,0,0,0,0.47,0,0,0,0,0,0,0,0,0,0,0,0,0,0,0,0,0,0.09,0,0,0.37,0,0,0,0,0,0,0,0,0,0,0,0,0,0,0,0,0.07,0,0.05,0,0,0,0,0,0,0.15,0,0,0.3,0,0,0,0,0,0.13,0,0,0,0,0,0,0,0,0,0,0,0,0,2084.03,0.15,0,0
"245","HPSI0214i-poih_4",0,0,0,0,0,0.21,0,0,0,0,0,0,0,0,0,0,0,0,0,0,0,0,0,0,0,0,0.53,0,0,0,0,0,0,0,0,0,0,1.3,0,0,0,0,0,0,0.27,0,0,0,0,0,4.77,0,0,0,0,0,0,0,0,0,1.01,0,0,0,0,0,0,0,0,0,0.19,0,0.12,0,0,0.95,0,0,0,0,0,0,0,0,0,0,0,0,0,0,0,0,0,0,0,0,2384.48,0,0,0
"246","HPSI1113i-oaaz_2",0,0,0,0,0,0,0,0,0,0,0,0,0,0,0,0.05,0,0.24,0,0,0.23,0,0,0,0,0,0.78,0,0,0,0,0,0,0,0,0,0,0,0,0,0,0,0,0,0,0,0,0,0,0,1.21,0,0,0,0,0,0,0,0,0,0,0,0,0,0,0,0.05,0,0,0,0,0,0.08,0,0,0,0,0,0,0,0,0,0.11,0,0,0,0,0,0,0,0.03,0,0,0,0,0,3233.67,0,0,0
"247","HPSI0414i-seru_7",0,0,0,0,0,0.33,0,0,0,0,0,0,0,0,0,0,0,0.25,0,0,0.11,0,0,0,0,0,0.12,0,0,0,0,0.3,0,0,0,0,0,0,0,0,0,0,0,0,0,0,0,0,0,0,0,0,0,0,0,0,0,0,0,0,0,0,0,0,0,0,0.04,0,0,0,0,0.08,0,0,0,0,0.25,0,0,0,0,0,0.13,0.76,0,0,0.38,0,0,0,0,0,0.31,0,0,0,2675.73,0,0,0
"248","HPSI0614i-lepk_4",0,0,0,0,0,0.08,0,0,0,0,0,0,0,0,0,0,0,0,0,0,0,0,0,0,0,0.07,0.36,0,0,0,0,0,0,0,0,0.06,0,0,0.01,0,0,0,0,0,0.07,0,0,0.19,0,0,2.21,0,0,0,0,0,0,0,1.18,0,0,0,0,0,0,0,0.08,3.6,0,0,0,0,0.07,0,0,0,0,0,0,0,0,0,0,0,0,0,0,0,0,0,0,0.01,0,0,0,0,1956.08,0,0,0
"249","HPSI1113i-wahn_2",0,0,0,0,0,0.19,0,0,0,0,0,0,0,0,0,0,0.66,0,0,0,0,0,0,0,0,0,1.04,0,0.05,0,0,0,0,1.65,0,0,0,0,0,0.32,0,0,0,0,0.07,0,0,0.13,0,0,5.28,0,0,0,0,0,0,0,0,0,0,0,0,0,0,0,0.08,0,0,0,0,0,0,0,0.26,0,0.15,0,0,0,0,0,0.56,0,0,0,0.33,0,0,0,0,0.01,0,0,0,0,2494.68,0,0,0
"250","HPSI0814i-siqu_4",0,0,0,0,0,0.27,0,0,0,2.91,0,0,0,0,0,0,0,0,0,0,0,0,0,0,0,0,0.86,0,0,0.26,0,0,0,0,0,0,0,0,0,0,0,0,0,0,0,0,0,0,0,0,0,0,0,0,0,0,0,0,0,0,0,0,0,0,0,0,0,0,0,0,0,0,0,0,0,0.89,0.47,0,0,0,0,0,0.53,0,0,0,0,0,0,0,0,0,0,0,0,0,1281.52,0,0,0
"251","HPSI0414i-uawq_2",0,0,0,0,0,0.14,0,0,0,3.91,0.06,0,0,0,0,0,0,0,0,0,0,0,0,0,0,0,1.17,0,0,0.25,0,0,0,0,0,0,0,0,0,0,0,0,0,0,0.07,0,0,0.35,0,0,0.88,0,0,0,0,0,0,0,0,0,0,0,0,0,0,0,0.04,0,0,0,0,0,0.07,0,0,0.88,0,0,0,0,0,0.02,0.21,0.89,0,0,0,0,0,0,0.03,0,0,0,0,0,1445.36,0,0,0
"252","HPSI0914i-kajh_2",0.06,0,0,0,0.04,0.18,0,0,0,6.27,0,0,0,0,0,0,0.6,0.21,0,0,0,0,0,0,0,0,0.44,0,0,0,0,0,0,0,0,0,0,0,0,0,0,0,0,0,0,0.59,0,0.1,0,0,1.88,0,0,0,0,0,0,0.04,0,0,0,0,0,0,0,0,0,0,0,0,0,0,0.07,0,0,0,0,0,0,0,0,0,0.34,0,0,0,0.32,0,0,0,0,0,0,0,0,0,3635.97,0,0,0
"253","HPSI0914i-iezw_2",0,0.05,0,0,0,0.21,0,0,0,3.09,0,0,0,0,0,0,0,0.21,0,0,0,0,0.26,0,0,0,0.46,0,0,0,0,0,0,0,0,0,0,0.62,0,0,0,0,0,0,0.14,0,0,0,0,0,0.99,0.05,0,0,0,0,0,0,0,0,0,0,0,0,0,0,0.04,0,0,0,0,0,0,0,0,0,0,0,0,0,0,0.05,0.44,0,0,0,0.31,0,0,0,0.02,0,0,0,0,0,3111.88,0,0,0
"254","HPSI0514i-sohd_3",0,0,0,0,0,0.27,0,0,0,0,0,0,0,0,0,0,0,0,0,0,0,0,0,0,0,0,0.67,0,0,0,0,0,0,0,0,0,0,0.62,0,0,0,0,0,0,0.05,0,0,0,0,0,1,0,0,0,0,0,0,0,0,0,0,0,0,0,0,0,0,0,0,0,0,0,0.07,0,0,0,0,0,0,0,0,0,0.69,0,0,0,0.31,0,0,0,0.03,0,0,0.21,0,0,3507.31,0,0,0
"255","HPSI0914i-ouvb_2",0,0,0,0,0,0.36,0,0,0,0,0,0,0,0,0,0,0,0,0,0,0,0,0,0,0,0,0.64,0,0,0,0,0,0,0,0,0,0,0.74,0,0,0.24,0,0,0,0,0,0,0.28,0,0,4.54,0,0,0,0,0,0,0,0,0,0,0,0,0,0,0,0.12,0,0,0,0,0,0,0,0,0,0,0,0,0,0,0,0,0.51,0,0,0,0,0,0,0,0,0,0,0,0,1925.68,0,0,0
"256","HPSI0114i-zoxy_3",0,0,0,0,0,0.09,0,0,0,0,0,0,0,0,0,0,0,0,0,0,0.13,0,0,0,0,0,1.81,0,0,0,0,0.27,0,0,0,0,0,0,0,0,0,0,0,0,0.08,0,0,0.49,0,0,0,0,0,0,0,0,0,0,0,0,0,0,0,0,0,0,0,0,0,0,0,0,0,0,0,0,0,0,0,0,0,0,0,0,0,0,0,0,0,0,0,0,0,0,0,0,1280.54,0,0,0
"257","HPSI0214i-kehc_2",0,0,0,0,0,0.1,0,0,0,0,0,0,0,0,0,0,0,0,0,0,0,0,0,0,0,0,0.38,0,0,0,0,0,0,0,0,0,0,0,0,0,0.19,0,0,0,0.07,0,0,0,0,0,0,0,0,0,0,0,0,0,0,0,0,0,0,0,0,0,0.04,0,0,0,0,0,0,0,0,0,0,0,0,0,0,0,0.21,0,0,0.77,0,0,0,0,0.03,0,0,0,0,0,2222.72,0,0,0
"258","HPSI0215i-zett_5",0,0,0,0,0,0.36,0,0,0,0,0,0,0,0,0,0,0.68,0,0,0,0,0,0,0,0,0.08,0.26,0,0,0.92,0.11,0.28,0,0,0,0,0,0.7,0,0,0,0,0,0,0,1.34,0,0.1,0,0,8.46,0,0,0,0,0,0,0,0,0,0,0,0,0,0,0,0.09,0,0,0,0,0,0.08,0,0,1.06,0,0,0,0,1.37,0.03,0.38,0,0,0,0,0,0,0,0,0,0,0.5,0,0,0,0,0,0
"259","HPSI1213i-hehd_1",0,0,0,0,0,0.18,0,0,0,0,0.07,0,0,0,0,0.05,0,0,0,0,0,0,0,0,0,0,0.56,0,0,0.33,0,0.31,0,0,0,0,0,0,0,0,0,0,0,0,0,0,0,0,0.03,0,1.27,0,0,0,0,0,0,0,0,0,0,0,0,0.02,0,0,0,0,0,0,0,0,0,0,0,0,0,0,0,0,0,0,0.27,1.09,0,0,0,0,0,0,0,0,0,0,0,0,3422.54,0,0,0
"260","HPSI0115i-qecv_1",0,0,0,0,0,0.31,0,0,0,0,0,0,0,0,0,0,0,0,0,0,0,0,0,0,0,0,0.51,0,0,0,0,0,0,0,0,0,0,0,0,0,0.34,0,0,0,0,0,0,0,0,0,3.44,0,0,0,0,0,0,0.03,0,0,0,0,0,0,0,0,0,0,0,0,0,0,0,0.1,0.18,0,0.06,0,0,0,0,0.02,0.34,0,0,0,0,0,0,0,0,0,0,0,0,0,2342.39,0,0,0
"261","HPSI0214i-feec_2",0,0,0,0,0,0.35,0,0,0,0,0,0,0,0,0,0,0.64,0,0,0,0,0,0,0,0,0,0.35,0,0,0.89,0,0,0,0,0,0,0,1.34,0,0,0,0,0,0.71,0,0,0,0.41,0,0,1.91,0,0,0,0,0,0,0,0,0,0,0,0,0,0,0,0.04,2.78,0,0,0,0.07,0,0,0,1.91,0.16,0,0,0,0,0,0.12,0,0,0,0.71,0,0,0,0,0,0,0,0,0,5697.33,0,0,0
"262","HPSI1013i-yemz_3",0.07,0,0,0,0,0.04,0,0,0,0,0.07,0,0,0,0,0,0,0,0,0,0,0,0,0.36,0,0,1.04,0,0,0,0,0,0,0,0.12,0,0,0,0,0,0,0,0,0,0.14,0,0,0,0.03,0,0,0,0,0,0,0,0,0,0,0,0,0,0,0,0,0,0.04,0,0,0,0,0,0,0,0.22,0,0,0,0,0,0,0,0,0,0,0,0,0,0,0,0.04,0,0,0,0,0,1250.43,0,0,0
"263","HPSI0115i-qecv_2",0.09,0,0,0,0,0.36,0,0,0,8.72,0,0,0,0,0,0.03,0.32,0,0,0.03,0,0,0,0.12,0,0,1.75,0,0,0.15,0,0,0,0,0,0,0,0.66,0,0.15,0,0,0,0,0.26,0,0,0.18,0,0,3.47,0,0,0,0,0,0,0,0,0,0,0,0,0,0,0,0.06,0,0,0,0,0.05,0.05,0,0,0,0,0,0,0,0,0,0.54,0,0.11,0,0.53,0,0,0,0.1,0,0,0.12,0,0,3538.7,0,0,0
"264","HPSI0514i-wiii_3",0,0,0,0,0,0.08,0,0,0,0,0.14,0,0,0,0,0.05,0,0.24,0,0,0.11,0,0,0,0,0,0.78,0,0,0,0,0,0,0,0,0,0,0,0,0,0,0,0,0,0,0,0,0.55,0,0,0,0,0,0,0,0.13,0,0,0,0,0,0,0,0,0,0,0.04,0,0,0,0,0,0,0,0,0,0,0,0,0,0,0.03,0,0.47,0,0,0,0,0,0,0.03,0,0,0,0,0,3256.22,0,0,0
"265","HPSI0914i-jejf_2",0,0,0,0,0,0.22,0,0,0,0,0,0,0,0,0,0,0,0,0,0,0,0,0,0,0,0.08,0.85,0,0,0.59,0,0,0,0,0,0,0,0.68,0,0,0.23,0,0,0.71,0,0,0,0.22,0,0,3.98,0,0,0,0,0,0,0.04,0,0,0,0,0,0,0,0,0,0,0,0,0,0,0.08,0,0,0,0,0,0,0,1.54,0,0.47,0,0,0,0,0,0,0,0.09,0,0,0,0,0,1927.21,0,0,0
"266","HPSI1013i-zagm_1",0,0,0,0,0,0.3,0,0,0,0,0.12,0,0,0,0,0,0,0,0,0,0,0,0,0,0,0,1,0,0,0,0,0,0,0,0,0,0,1.26,0,0,0,0,0,0,0.07,0.6,0,0.08,0,0,3.02,0,0,0.14,0,0,0,0,0,0,0,0,0,0,0,0,0,0,0,0,0,0,0,0,0,0,0,0.05,0,0,0,0,0.21,0.76,0.17,0,0,0,0,0,0.1,0,0,0.21,0,0,2747.07,0,0,0
"267","HPSI0215i-hipn_2",0,0,0,0,0,0.19,0,0,0,0,0.16,0,0,0,0,0,0,0,0,0,0,0,0,0,0,0,0.29,0,0,0,0,0,0,0,0,0,0,0.82,0,0.41,0,0,0,0,0,0.78,0,0,0,0,3.56,0,0,0,0,0,0,0,0,0,0,0,0,0,0.07,0,0,0,0,0,0,0,0,0,0,0,0,0,0,0,0,0.03,0.29,0.88,0,0,0,0,0,0,0.03,0,0,0.87,0,0,937.32,0,0,0
"268","HPSI0414i-xojn_3",0.06,0,0,0,0,0.08,0,0,0,0,0,0,0,0,0,0,0,0,0,0,0.31,0,0,0,0,0,0.88,0,0,0.28,0,0,0,0,0,0,0,0,0,0,0.22,0,0,0,0.07,0,0,0.21,0,0,1,0,0,0.21,0,0,0,0,0,0,0,0,0,0,0,0,0,0,0,0,0,0,0.06,0,0,0,0,0,0,0,0,0.02,0.67,0.25,0,0,0,0,0,0,0.01,0,0,0,0,0,2949.39,0,0,0
"269","HPSI0115i-qoog_4",0,0,0,0,0,0.22,0,0,0,3.23,0,0,0,0,0,0,0,0,0,0,0,0,0,0,0,0,0.63,0,0,0,0,0,0,0,0,0,0,0.74,0,0,0,0.33,0,0,0,0,0,0.21,0,0,3.48,0,0,0,0,0,0,0,0,0,0,0,0,0,0,0,0.04,0,0,0,0,0.09,0,0,0,0,0.17,0,0,0,0,0.03,0.37,0.69,0,0,0,0,0,0,0,0,0,0.25,0,0,2454.33,0,0,0
"270","HPSI0114i-lexy_1",0,0,0,0,0,0,0,0,0,0,0,0,0,0,0,0,0,0.28,0,0,0,0,0,0,0,0,0.6,0,0,0,0,0,0,0,0,0,0,0,0,0,0,0,0,0,0.11,0,0,0.28,0,0,1.44,0,0,0,0,0,0,0.05,0,0,0,0,0,0,0,0,0,0,0,0,0,0,0,0,0.33,2.89,0,0,0,0,0,0,0,1.14,0,0,0,0,0,0,0,0,0,0,0,0,1803.23,0,0,0
"271","HPSI0114i-rozh_5",0,0,0,0,0,0.16,0,0,0,0,0,0,0,0,0,0.06,0,0,0,0,0,0,0,0,0,0.1,0.35,0,0,0,0,0,0,0,0.31,0,0,0,0,0,0,0,0,0,0,0,0,0.2,0,0,0,0,0,0,0,0,0,0.04,0,0,0,0,0,0,0,0,0.04,0,0,0,0.22,0,0,0,0,0,0.09,0,0,0,0,0,0.13,0.84,0.2,0,0,0,0,0,0.03,0,0,0,0,0,1331,0,0,0
"272","HPSI0115i-rakq_3",0.06,0,0,0,0,0.31,0,0,0,0,0,0,0,0,0,0,0,0,0,0,0,0,0,0,0,0,1.16,0,0,0,0.1,0,0,0,0,0,0,0,0,0,0,0,0,0,0.14,0,0,0,0,0,0.99,0,0,0,0,0,0,0,0,0,0,0,0,0,0.12,0,0,0,0,0,0,0.08,0,0,0,0.99,0.21,0,0,0,0,0.02,0.11,0.45,0,0,0.33,0,0,0,0.03,0,0,0,0,0,1703.87,0,0,0
"273","HPSI1014i-tuju_4",0,0,0,0,0,0.12,0,0,0,0,0,0,0,0,0,0,0,0,0,0,0,0,0,0,0,0.09,0.66,0,0,0,0,0,0,0,0,0,0,0,0,0,0,0,0,0,0.09,0,0,0.1,0,0,1.11,0,0,0,0,0,0,0,0,0,0,0,0,0,0,0,0,0,0,0,0,0,0.17,0,0,0,0,0,0,0,0,0,0.51,0.91,0,0,0,0,0,0,0.03,0,0,0,0,0,1473.62,0,0,0
"274","HPSI0514i-kuco_1",0,0,0,0,0,0.2,0,0,0,3.21,0,0,0,0,0,0,0,0,0,0,0.11,0,0,0,0,0,0.13,0,0,0,0,0,0,0,0,0,0,0.72,0,0,0,0,0,0,0,0,0,0.08,0,0,2.03,0,0,0,0,0,0,0,0,0,0,0,0,0,0,0,0.04,0,0,0,0,0,0,0,0,0,0.09,0,0,0,0,0,0.12,0.42,0,0,0,0,0,0,0.06,0,0,0,0,0,1281.22,0,0,0
"275","HPSI0715i-meue_4",0,0,0,0,0,0.12,0,0,0,1.95,0,0,0,0,0,0,0,0,0,0,0.12,0,0,0,0,0,0.26,0,0,0,0,0,0,0,0,0,0,0.78,0,0,0,0,0,0.82,0,0,0,0.09,0,0,3.56,0,0,0,0,0,0,0,0,0,0,0,0,0,0,0,0,1.85,0,0,0,0,0.07,0,0,0,0.34,0,0,0,0,0,0.13,0,0,0,0,0,0,0,0,0,0,0,0,0,2716.51,0,0,0
"276","HPSI0514i-fiaj_1",0.06,0,0,0,0,0.18,0,0,0,0,0,0,0,0,0,0,0,0,0,0,0.28,0,0,0,0,0,0.95,0,0,0.25,0,0,0,0,0,0,0,0,0,0,0,0,0,0,0,0,0,0,0,0,1.76,0,0,0,0,0,0,0,0,0,0,0,0,0,0,0,0,0,0,0,0,0.15,0,0,0,0,0,0,0,0,0,0,0,0,0,0,0,0,0,0,0.03,0,0,0,0,0,2411.52,0.12,0,0
"277","HPSI1014i-kefb_1",0,0,0,0,0,0.26,0,0,0,0,0,0,0,0,0,0,0,0.52,0,0,0,0,0,0,0,0,0.65,0,0,0.34,0,0,0,0,0,0,0,0,0,0,0,0,0,0,0.08,0,0,0,0,0,0,0,0,0,0,0,0,0,0,0,0,0,0,0,0,0,0,0,0,0,0,0.16,0,0,0,0,0,0,0,0,0,0.05,0.55,0,0.21,0,0,0,0,0,0,0,0,0.27,0,0,2057.66,0,0,0
"278","HPSI0314i-sojd_2",0,0,0,0,0,0.13,0,0,0,0,0,0,0,0,0,0,1.04,0,0,0,0,0,0,0,0,0,2.2,0,0,0,0,0,0,0,0,0,0,0,0,0,0,0,0,0,0.15,0,0,0.21,0,0,0,0,0,0,0,0,0,0,0,0,0,0,0,0,0,0,0,0,0,0,0,0,0,0,0,0,0,0,0,0,0,0,0.22,0,0,0,0,0,0,0,0,0,0,0,0,0,2902.8,0,0,0
"279","HPSI1113i-podx_2",0.13,0,0,0,0,0,0,0,0,0,0,0,0,0,0,0,0,0.21,0,0,0,0,0,0,0,0,0.15,0,0,0,0,0,0,0,0,0,0,0,0,0,0,0.27,0,0,0,0,0,0.08,0,0,0,0,0,0,0,0,0,0.04,0,0,0,0,0,0,0,0,0.04,0,0,0,0,0,0,0,0,0,0,0,0,0,0,0,0,0,0,0,0,0,0,0,0,0,0,0,0,0,1205.66,0,0,0
"280","HPSI1113i-qorq_1",0.08,0,0,0,0,0.21,0,0,0,0,0,0,0,0,0,0,0,0.49,0,0,0,0,0,0,0,0.09,0.7,0,0,0.32,0,0,0,0,0,0,0,0,0.02,0,0.71,0,0,0,0,0,0,0.36,0,0,0,0,0,0,0,0,0,0,0,0,0,0,0,0,0,0,0.15,0,0,0,0,0,0,0,0,0,0,0.07,0,0,0,0,0,0.49,0,0,0,0,0,0,0,0,0,0,0,0,2234.18,0,0,0
"281","HPSI1013i-hiaf_1",0,0,0,0,0,0.12,0,0,0,0,0,0,0,0,0,0,0,0.16,0,0,0,0,0,0,0,0,0.78,0,0,0,0,0,0,0,0,0,0,0.92,0,0,0,0,0,0,0.11,0,0,0,0,0,0.71,0,0,0,0,0,0,0,0,0,0,0,0,0,0,0,0,0,0,0,0,0.07,0.07,0,0,0.71,0,0,0,0,0,0,0.36,0,0,0,0.24,0,0,0,0.02,0,0,0,0,0,3114.96,0,0,0
"282","HPSI0215i-uiao_2",0,0,0,0,0,0.22,0,0,0,0,0,0,0,0,0,0.04,0,0.2,0,0,0,0,0,0,0,0,0.32,0,0,0.26,0,0,0,0,0,0.06,0,0,0,0,0.21,0,0,0,0,1.2,0,0.11,0,0.04,0.95,0,0,0,0,0,0,0.04,0,0,0,0,0,0,0,0,0,0,0,0,0,0.08,0.16,0,0,0,0.24,0,0,0,1.62,0,0,0.6,0,0,0,0,0,0,0.05,0,0,0.21,0,0,2621.56,0,0,0
"283","HPSI0114i-joxm_1",0,0,0,0,0,0.3,0,0,0,2.48,0,0,0,0,0,0,0,0,0,0,0,0,0,0,0,0,0.38,0,0,0,0,0,0,0,0,0,0,0,0,0,0.39,0,0,0,0.12,0,0,0.15,0,0,0,0,0,0,0,0,0,0,0,0,0,0,0,0,0,0,0,0,0,0,0,0.11,0,0,0,0,1,0,0,0,0,0,0.23,0,0,0,0,0,0,0,0,0,0,0,0,0,1441.29,0,0,0
"284","HPSI0115i-aion_2",0,0,0,0,0,0.16,0,0,0,0,0,0,0,0,0,0,0,0,0,0,0,0,0,0,0,0,0.58,0,0,0,0,0,0,0,0,0,0,0.68,0,0,0,0,0,0,0,0,0,0,0,0,1.05,0,0,0,0,0,0,0,0,0,0,0,0,0,0,0,0.11,0,0,0,0,0,0.07,0,0,1.05,0.08,0,0,0,0,0,0,0.59,0.18,0,0,0,0,0,0,0,0,0.22,0,0,2475.13,0,0,0
"285","HPSI1114i-yair_2",0.06,0,0,0,0,0.13,0,0,0,0,0,0,0,0,0,0,0.63,0.22,0,0,0,0,0,0,0,0,1.59,0,0,0,0,0,0,0,0,0,0,1.32,0,0,0.23,0,0,0,0.07,0,0,0,0,0.04,1.92,0,0,0,0,0,0,0,0,0,0,0,0,0,0,0,0.04,0,0,0,0,0,0.15,0,0,0,0,0,0,0,0,0.02,0.22,0,0,0,0.33,0,0,0,0.08,0,0,0,0,0,1290.34,0,0,0
"286","HPSI1014i-vils_1",0.06,0,0,0,0,0.27,0,0,0,0,0,0,0,0,0,0,0,0,0,0,0,0,0,0,0,0,0.6,0,0,0.59,0,0,0,0,0,0.06,0,0.72,0,0,0,0,0,0,0.15,0.68,0,0.32,0,0,3.33,0,0,0.21,0,0,0,0.04,0,0,0,0,0,0,0.06,0,0,0,0,0,0,0,0,0,0,0,0,0,0,0,0,0,0.12,0,0,0,0,0,0,0,0,0,0,0,0,0,3020.84,0,0,0
"287","HPSI0414i-seru_1",0.14,0,0,0,0,0.18,0,0,0,0,0.06,0,0,0,0,0,0,0,0,0,0.11,0,0,0,0,0,0.25,0,0,0,0,0,0,0,0,0,0,1.44,0,0,0.25,0,2.03,0,0.16,0,0,0.12,0.02,0,4.18,0,0,0,0,0,0,0,0,0,0,0,0,0,0,0,0.04,0,0,0,0,0,0.07,0,0,0,0,0,0,0,0,0,0.8,0.92,0,0,0,0,0,0.07,0,0,0,0.25,0,0,2742.04,0,0,0
"288","HPSI1113i-bima_1",0,0,0,0,0,0.14,0,0,0,0,0,0,0,0,0,0.04,0,0,0,0,0,0,0,0,0,0,0.37,0,0,0,0,0,0,0,0,0,0,0,0,0,0,0,0,0,0.11,0,0,0.08,0,0,0,0,0,0,0,0,0,0,0,0,0,0,0,0,0,0,0,0,0,0,0,0.06,0.06,0,0,0,0,0,0,0,0,0,0.09,0,0,0,0,0,0,0,0.05,0,0,0,0,0,905.58,0,0.24,0
"289","HPSI0714i-iudw_4",0.05,0,0,0,0,0.37,0,0,0,3.22,0,0,0,0,0,0,0,0.19,0,0,0,0,0,0,0,0.06,0.38,0,0,0.24,0,0,0,0,0,0,0,0,0.01,0,0,0,0,0,0,0.53,0,0.24,0,0,3.29,0,0,0,0,0,0,0,0,0,0,0,0,0,0,0,0.12,0,0,0,0,0.06,0,0,0,0,0,0,0,0,0,0,0.4,0,0.46,0,0.29,0,0,0,0,0,0,0,0,0,3400.49,0,0,0
"290","HPSI1013i-wuye_3",0,0,0,0,0,0.03,0,0,0,0,0,0,0,0,0,0,0,0,0,0,0,0,0,0,0,0,1.26,0,0,0,0,0,0,0,0,0,0,0,0,0,0.16,0,0,0,0,0.46,0,0,0,0,1.52,0,0,0,0,0,0,0,0,0,0,0,0,0,0,0,0,0,0,0,0,0,0,0,0,0,0.13,0,0,0,0,0,0,0.51,0,0.63,0,0,0,0,0.02,0,0,0,0,0,1460.51,0,0,0
"291","HPSI0714i-iudw_1",0.05,0,0,0,0,0.24,0,0,0,3.54,0,0,0,0,0,0,1.12,0,0,0,0,0,0,0,0,0,1.32,0,0,0,0,0,0,0,0,0,0,0.58,0,0,0,0,0,0,0,0.55,0,0.89,0.02,0,3.41,0,0,0,0,0,0,0,0,0,0,0.38,0,0,0,0,0.03,0,0,0,0,0,0.06,0,0,0.85,0,0,0,0,0,0,0,0,0.33,0,0.3,0,0,0,0,0,0,0,0,0,4147.29,0,0,0
"292","HPSI0115i-aion_3",0.06,0,0,0,0,0.36,0,0,0,0,0,0,0,0,0,0,1.25,0,0,0,0,0,0,0.36,0,0,0.23,0,0,0.27,0,0,0,0,0.48,0,0,1.32,0,0,0,0,0,0,0,0,0,0.01,0,0,2.06,0,0,0,0,0,0,0,0,0,0,0,0,0,0,0,0.04,0,0.15,0,0,0,0.07,0,0,0,0,0,0,0,0,0,0.11,0.29,0,0,0,0,0,0,0,0,0,0.22,0,0,3265.56,0,0,0
"293","HPSI1114i-ziyn_6",0,0,0,0,0,0.11,0,0,0,0,0,0,0,0,0,0,0.59,0,0,0,0,0,0,0,0,0,1.5,0,0,0,0,0,0,0,0,0,0,0.62,0,0,0,0,0,0,0,0,0,0.3,0,0,0,0,0,0,0,0,0,0.08,0,0,0,0,0,0,0,0,0,0,0,0,0,0,0,0,0,0,0.17,0,0,0,0,0,0.11,0,0,0,0,0,0,0,0.04,0,0,0,0,0,1214.21,0,0,0
"294","HPSI0914i-zerv_7",0.05,0,0,0,0,0.15,0,0,0,0,0.06,0,0,0,0,0,0,0,0,0,0,0,0,0,0,0,0.32,0,0,0,0,0,0,0,0,0.06,0,0.62,0,0,0,0,0,0,0.07,0,0,0.24,0.02,0,0.92,0,0,0,0,0,0,0,0,0,0,0,0,0,0,0,0.03,1.44,0,0,0.18,0,0.13,0,0,0,0,0,0,0.2,1.57,0,0.56,0,0,0,0,0,0,0,0.05,0,0,0.21,0,0,1552.42,0,0,0
"295","HPSI1014i-riun_1",0,0,0,0,0,0.22,0,0,0,6.87,0,0,0,0,0,0,0,0,0,0,0,0,0,0,0,0,0.36,0,0,0,0.1,0,0,0,0,0,1.57,0.68,0,0,0.44,0,0,0,0,0,0,0.15,0,0.04,1.07,0,0,0,0,0,0,0,0,0,1.12,0.42,0,0,0,0,0,0,0,0,0,0,0,0,0,0,0,0,0,0,0,0,0,0,0,0,0,0,0,0,0,0,0,0,0,0,2211.13,0,0,0
"296","HPSI0314i-cuhk_1",0,0,0,0,0,0.2,0,0,0,0,0,0,0,0,0,0,0,0,0,0,0,0,0,0,0,0,0.86,0,0,0,0,0,0,0,0,0,0,0,0,0,0,0,0,0,0.27,0,0,0.35,0,0,0,0,0,0,0,0,0,0.04,0,0,0,0,0,0,0,0,0.04,0,0,0,0,0,0,0,0,0,0,0,0,0,0,0,0,0,0,0,0,0,0,0,0,0,0,0,0,0,4160.12,0,0,0
"297","HPSI1014i-nosn_6",0,0,0,0,0,0.23,0,0,0,0,0,0,0,0,0,0.04,0.59,0,0,0,0.1,0,0.5,0.34,0,0.12,0.88,0,0,0.26,0,0,0,0,0,0,0,1.24,0,0,0,0,0,0,0,0,0,0,0,0,0,0,0,0,0,0,0,0,0,0,0,0,0,0,0,0,0.07,0,0,0,0,0,0,0,0,0,0,0,0,0,0,0,0.75,0.47,0,0,0,0,0,0,0,0,0,0,0,0,3669.06,0,0,0
"298","HPSI0115i-sehp_2",0.06,0,0,0,0,0.27,0.02,0,0,0,0.06,0,0,0,0,0,0.62,0,0,0,0,0,0,0,0,0,1.35,0,0,0.27,0.1,0,0,0,0,0,0,0,0,0,0,0,0,0,0,0.61,0,0,0,0,0,0,0,0,0,0,0,0,0,0,0,0,0,0,0.06,0,0,0,0,0,0,0,0.07,0,0,0,0,0,0,0,0,0.02,0.21,0.52,0,0,0.32,0,0,0,0.03,0,0,0.22,0,0,1012.8,0,0,0
"299","HPSI0115i-pitg_2",0.13,0,0,0,0,0.51,0,0,0,3.02,0,0,0,0,0,0,0,0,0,0,0,0,0,0,0,0,0.35,0,0,0,0,0,0,0,0,0,0,0.64,0,0,0.22,0,0,0,0.07,0,0,0.48,0,0,3.79,0.06,0,0,0,0,0,0,0,0,0,0,0,0,0,0,0.04,0,0,0,0,0,0.07,0,0,0,0,0,0,0,0,0.02,0.45,0,0,0,0,0,0,0,0.02,0,0,0.66,0,0,966.94,0,0,0
"300","HPSI0514i-letw_5",0,0,0,0,0,0.13,0,0,0,0,0,0,0,0,0,0,0,0.25,0,0,0,0,0,0,0,0,1.16,0,0,0.31,0,0.3,0,0,0,0,0,0,0,0,0,0,0,0,0,0,0,0.21,0,0,2.32,0,0,0.21,0,0,0,0,0,0,0,0,0,0,0,0,0.04,0,0,0,0,0,0,0,0,0,0,0,0,0,0,0,0.25,0,0,0,0,0,0,0,0,0,0,0,0,0,3137.6,0,0,0
"301","HPSI0514i-qihv_1",0.06,0,0,0,0,0.46,0,0,0,0,0,0,0,0,0,0.04,0,0,0.88,0,0.08,0,0,0,0,0,0.48,0,0,0.22,0,0,0,0,0,0,0,1.5,0,0,0.35,0,0,0,0.06,0,0,0.12,0,0,3.03,0,0,0,0,0,0,0,0,0,0,0,0,0,0.05,0,0,0,0,0,0,0,0,0,0,0.76,0,0,0,0,0,0,0.27,0.09,0,0,0.51,0,0,0,0.08,0,0,0.54,0,0,3706.06,0,0,0
"302","HPSI0614i-ciwj_1",0,0,0,0,0,0.33,0,0,0,0,0,0,0,0,0,0,0,0,0,0,0,0,0,0,0,0.14,0.59,0,0,0,0,0,0,0,0,0,0,0.68,0,0,0,0,0,0,0.07,0,0,0.43,0,0,0.98,0,0,0,0,0,0,0,0,0,0,0,0,0,0,0,0,0,0,0,0,0,0,0,0,0,0,0,0,0,0,0,0.47,0,0,0,0,0,0,0,0,0,0,0,0,0,4550.98,0,0,0
"303","HPSI0514i-letw_1",0,0,0,0.07,0.04,0.33,0,0,0,0,0,0,0,0,0,0,0,0.21,0,0,0,0,0,0,0,0,1.01,0,0,0,0,0,0,0,0,0,0,0,0,0,0.43,0,0,0,0.07,0,0,0,0,0,1.97,0,0,0,0,0,0,0,0,0,0,0,0,0,0,0,0,0,0,0,0,0,0.27,0,0,0,0.23,0,0,0,0,0.02,0.44,0,0,0,0,0,0,0,0.05,0,0,0,0,0,1772.38,0,0.32,0
"304","HPSI0614i-denw_6",0.06,0,0,0,0,0.34,0,0,0,2.61,0.06,0,0,0,0,0,0,0,0,0.06,0,0,0,0,0,0,0.35,0,0,0,0,0,0,0,0.03,0,0,0.68,0,0,0,0,0,0,0.07,0,0,0.43,0,0,3.22,0,0,0,0,0,0,0,0,0,0.63,0,0,0,0,0,0,0,0,0,0,0,0,0,0,0,0,0,0,0,0,0.02,0,0,0,0,0,0,0,0,0,0,0,0,0,0,3536.66,0,0,0
"305","HPSI0115i-bimq_4",0,0,0,0,0,0.32,0,0,0,0,0.13,0,0,0,0,0,0,0,0,0,0,0,0,0,0,0,0.26,0,0,0.32,0,0,0,0,0,0,0,1.48,0,0,0,0,0,0,0.22,0,0,0.08,0,0,2.11,0,0,0,0,0,0,0,0,0,0,0,0,0,0,0,0.09,0,0,0,0.22,0,0,0,0,0,0,0,0,0,0,0,0.12,0.9,0,0,0.38,0,0,0,0.06,0,0,0,0,0,1528.21,0,0,0
"306","HPSI0914i-laey_4",0,0,0,0,0,0.14,0,0,0,3.79,0,0,0,0,0,0,0.63,0.22,0,0,0,0,0,0,0,0.13,0.9,0,0,0.28,0.09,0,0,0,0,0,1.42,0,0,0,0,0,2.06,0,0,1.25,0,0.19,0,0,0.98,0,0,0.21,0,0,0,0,0,0,0,0,0,0,0,0,0.07,0,0,0,0,0,0.06,0,0,0,0.18,0,0,0,0,0,0.35,0,0,0,0,0,0,0,0,0,0,0.68,0,0,4804.02,0,0,0
"307","HPSI0114i-eipl_3",0,0,0,0,0,0.24,0,0,0,0,0,0,0,0,0,0,0,0,0,0,0.1,0,0,0,0,0,0.44,0,0,0,0,0,0,0,0,0,0,0,0,0,0,0.28,0,0,0,0,0,0.22,0,0,0,0,0,0.14,0,0,0,0,0,0,0,0,0,0,0,0,0.08,0,0,0,0,0,0,0,0,0,0,0,0,0,0,0,0,0.48,0,0,0,0,0,0,0.03,0,0.25,0,0,0,2188.22,0,0,0
"308","HPSI0814i-bokz_5",0,0,0,0,0,0.16,0,0,0,0,0,0,0,0,0,0,0,0,0,0,0,0,0,0,0,0,0.64,0,0,0,0,0,0,0,0,0,0,0,0,0,0.29,0,0,0,0,0,0,0.12,0,0,0,0,0,0,0,0,0,0,0,0,0,0,0,0,0,0,0,0,0,0,0,0,0,0,0,0,0,0,0,0,0,0,0.3,0,0,0,0,0,0,0,0,0,0,0.3,0,0,2901.46,0,0,0
"309","HPSI1014i-nosn_1",0.06,0,0,0,0.03,0.16,0,0,0,0,0,0,0,0,0,0,1.14,0.2,0,0,0,0,0,0,0,0,0.54,0,0,0.25,0,0.48,0,0,0,0,0,0,0,0,0,0,0,0,0.07,0,0,0,0,0,0,0,0,0,0,0,0,0.04,0,0,0,0,0,0,0,0.15,0.04,1.47,0,0,0,0,0,0,0,0,0,0,0,0,0,0,0.22,0.55,0,0,0.3,0,0,0,0,0,0,0,0,0,4301.7,0,0,0
"310","HPSI0214i-rayr_1",0.08,0,0,0,0,0.16,0,0,0,0,0,0,0,0,0,0,0,0,0,0,0,0,0,0,0,0,0.19,0,0,0,0,0.3,0,0,0.08,0,0,0,0,0,0.49,0,0,0,0,0,0,0.22,0,0,0,0,0,0.21,0,0,0,0,0,0,0,0,0,0,0.07,0,0.05,0,0,0,0,0,0,0,0,0,0,0,0,0,0,0.03,0.18,0,0,0,0,0,0,0,0,0,0,0,0,0,1610.56,0,0,0
"311","HPSI0215i-romx_1",0.06,0,0,0,0,0.18,0,0,0,0,0.06,0,0,0,0,0,0,0,0,0,0,0,0,0,0,0,0.22,0,0,0.27,0,0,0,0,0,0.06,1.32,0,0,0,0.21,0,0,0,0,0,0,0,0,0,0.95,0,0.12,0,0,0,0,0.04,0,0,0,0,0,0,0,0,0,0,0,0,0,0,0.08,0,0,0,0,0,0,0,0,0,0.22,0,0,0,0.32,0,0,0,0.03,0,0,0,0,0,945.52,0,0,0
"312","HPSI0214i-eiwy_1",0,0,0,0,0,0.26,0,0,0,0,0,0,0,0,0,0,0.65,0,0,0,0,0,0,0,0,0,0.18,0,0,0,0,0,0,0,0,0.06,0,0,0,0,0,0,0,0,0,0,0,0,0,0,0,0,0,0,0,0,0,0,0,0,0,0,0,0,0,0,0.09,0,0,0,0,0,0.09,0,0,0,0.09,0,0,0,0,0,0.12,1.13,0,0,0,0,0,0,0,0,0,0,0,0,986.26,0,0,0
"313","HPSI0115i-quze_4",0.04,0,0,0,0,0.14,0,0,0,2.89,0,0,0,0,0,0,0,0,0,0,0.06,0,0,0,0,0,0.83,0,0,0,0,0,0,0,0,0,0,0,0,0,0,0,0,0,0,0,0,0,0,0,1.02,0,0,0,0,0,0,0,0,0,0,0,0,0,0,0,0,0,0,0,0,0.05,0.08,0,0.11,0,0,0,0,0,0,0,0,0.18,0,0,0,0,0,0,0.03,0,0,0,0,0,763.87,0,0,0
"314","HPSI0514i-oupf_5",0,0,0,0,0,0.23,0,0,0,3.19,0,0,0,0,0,0.04,0,0.17,0,0,0,0,0,0,0,0,0.68,0,0,0,0,0,0,0,0,0,0,0,0,0,0.18,0,0,0,0.06,0,0,0,0,0,0,0,0,0,0,0,0,0,0,0,0,0,0,0,0.05,0,0,0,0,0,0,0,0,0,0,0,0.29,0,0,0,0,0,0.1,0.6,0,0,0,0,0,0,0,0,0,0,0,0,2046.24,0,0,0
"315","HPSI0514i-wiii_2",0,0,0,0,0,0.04,0,0,0,0,0,0,0,0,0,0,0,0,0,0,0,0,0,0.4,0,0,0.36,0,0,0,0,0,0,0,0.61,0,0,0,0,0,0,0,0,0,0,0,0,0.12,0,0,0,0,0,0,0,0,0,0,0,0,1.18,0,0,0,0,0,0,0,0,0,0,0,0,0.14,0,0,0.08,0,0,0,0,0,0,0.54,0,0,0,0,0,0,0,0,0,0,0,0,1126.84,0,0,0
"316","HPSI0314i-bubh_3",0,0,0,0,0,0.04,0,0,0,0,0,0,0,0,0,0,0,0,0,0,0.12,0,0,0,0,0,0.65,0,0,0,0,0,0,0,0,0,0,0.7,0,0,0.25,0,0,0,0.38,0,0,0.13,0,0,0,0,0,0,0,0,0,0,0,0,0,0,0,0.01,0.06,0,0,0,0,0,0,0,0,0,0,1.09,0,0,0,0,0,0,0.24,0.61,0,0,0,0,0,0,0,0,0,0,0,0,2660.19,0.27,0,0
"317","HPSI0314i-uict_1",0.06,0,0,0,0,0.23,0,0,0,0,0.05,0,0.05,0,0,0,0,0,0,0,0,0,0,0,0,0,0.98,0,0,0,0.09,0,0,0,0,0.06,0,1.08,0,0,0,0,0,0,0,0.51,0,0.09,0,0,4.81,0,0,0,0,0,0.05,0,0,0,0,0,0,0,0,0,0.04,0,0,0,0,0,0,0,0,0.8,0,0,0,0,0,0,0.29,0,0,0,0.54,0,0,0,0.05,0,0,0.37,0,0,2001.93,0,0,0
"318","HPSI1114i-ualf_2",0.06,0,0,0,0,0.03,0,0,0,0,0,0,0,0,0,0,0,0,0,0,0,0,0,0,0,0,0.22,0,0,0,0,0,0,0,0,0,0,0,0,0,0.42,0,0,0,0,0,0,0.14,0,0,1.02,0,0,0,0,0,0,0,0,0,0,0,0,0,0,0,0.11,0,0,0,0,0,0,0,0,1.02,0.15,0,0,0,0,0,0.11,0.45,0,0,0,0,0,0,0,0,0,0.42,0,0,1910.07,0,0,0
"319","HPSI1114i-kuul_1",0.05,0,0,0,0,0.31,0,0,0,0,0,0,0,0,0,0.04,0.45,0.16,0,0,0,0,0,0,0,0,0.81,0,0,0,0,0.18,0,0,0,0,0,0,0,0,0,0,0,0,0.11,0.89,0,0.22,0,0,3.51,0,0,0,0,0,0,0.03,0,0,0,0,0,0,0,0,0,2.12,0,0,0,0,0.17,0,0,0,0,0,0,0,1.35,0,0,0,0,0,0.47,0,0,0,0.08,0,0,0,0,0,3400.76,0,0.24,0
"320","HPSI0914i-yuvg_2",0,0,0,0,0,0.06,0,0,0,0,0,0,0,0,0,0,0,0,0,0.04,0,0,0,0,0,0,0.18,0,0,0,0,0,0,0,0,0,0,0,0,0,0,0,0,0,0,0,0,0,0,0,1.6,0,0,0,0,0,0,0,0,0,0,0,0,0,0,0,0,0,0,0,0,0,0,0,0.2,0,0.27,0,0,0,0,0.02,0,0.86,0,0,0.26,0,0,0,0,0,0,0,0,0,0,0,0,0
"321","HPSI0215i-romx_2",0,0,0,0,0,0.19,0,0,0,2.1,0,0,0,0,0,0,0,0,0,0,0,0,0,0,0,0.12,0.54,0,0,0,0,0,0,0,0,0,0,0,0,0,0.41,0,0,0,0,0.6,0,0,0,0,0.92,0,0,0,0,0.11,0,0,0,0,0,0,0,0,0,0,0,0,0,0,0,0,0.15,0,0,0,0,0,0,0,0,0,0.33,0,0,0,0,0,0,0,0,0,0,0,0,0,2128.99,0,0,0
"322","HPSI1013i-sebz_1",0,0,0,0,0,0.15,0,0,0,1.18,0,0,0,0,0,0,0,0.19,0,0,0,0,0,0,0,0,0.59,0,0,0,0,0.71,0,0,0,0.04,1.43,0,0,0,0,0,0,1.22,0.07,0,0,0.1,0,0,0,0,0,0,0,0,0,0,0,0,0,0,0,0,0,0,0,0,0,0,0,0,0.06,0,0,0,0.35,0,0,0,0,0.02,0.11,0.69,0,0,0,0,0,0,0.02,0,0,0,0,0,1791.67,0,0,0
"323","HPSI1013i-wopl_1",0,0,0,0,0,0.07,0,0,0,0,0,0,0,0,0,0,0,0,0,0,0.11,0,0,0.34,0,0,0.47,0,0,0,0,0,0,0,0,0,0,0,0,0,0,0,0,0.65,0.15,0,0,0.33,0,0,0,0,0,0,0,0,0,0,0,0,0,0,0,0,0,0,0,0,0,0,0,0,0,0,0,0,0,0,0,0,0,0,0.11,0.65,0,0.8,0,0,0,0,0.03,0,0,0,0,0,1151.78,0.15,0,0
"324","HPSI0514i-xufp_2",0,0,0,0,0,0.2,0,0,0,0,0.06,0,0,0,0,0,0,0,0.94,0,0,0,0,0.74,0,0,0.22,0,0,0,0,0,0,0,0.19,0,0,1.98,0,0,0,0,0,0,0.07,0,0,0.32,0,0,0,0,0,0,0,0,0,0,0,0,0,0,0,0,0,0,0,0,0,0,0,0.16,0.07,0,0,0,0,0,0,0,0,0,0.26,0.51,0,0,0,0,0,0,0.08,0,0,0,0,0,1195.93,0,0,0
"325","HPSI0514i-yewo_4",0.12,0,0,0,0,0.29,0,0,0,0,0,0,0,0,0,0,0.58,0,0,0,0,0,0,0,0,0,0.43,0,0,0.26,0,0,0,0,0.17,0,0,0.62,0,0,0.67,0,0,0,0.07,0,0,0.4,0,0,0,0,0,0,0,0.11,0,0,0,0,0,0,0,0,0,0,0.08,0,0,0,0,0.08,0,0,0.24,0,0,0,0,0,0,0.05,0.41,0.7,0,0,0.31,0,0,0,0.05,0,0,0,0,0,1215.25,0,0,0
"326","HPSI1013i-pamv_1",0,0,0,0,0,0,0,0,0,0,0,0,0,0,0,0,0,0,0,0,0,0,0,0,0,0,0.43,0,0,0,0,0,0,0,0,0,0,0,0,0,0,0,0,0,0.11,0,0,0.44,0,0,0,0,0,0,0,0,0,0.05,0,0,0,0,0,0,0,0,0,0,0,0,0,0,0,0,0,0,0.12,0,0,0,0,0,0.19,0,0,0,0,0,0,0,0,0,0,0,0,0,2326.3,0,0,0
"327","HPSI0614i-uevq_6",0,0,0,0,0,0.13,0,0,0,0,0,0,0,0,0,0,0.73,0,0,0,0,0,0,0,0,0.16,0.41,0,0,0,0,0,0,0,0,0,0,0,0,0,0.26,0,0,0,0.09,0.72,0,0,0,0,0,0,0,0,0,0,0,0,0,0,0,0,0,0,0,0,0.05,0,0,0,0,0,0.08,0,0,0,0.09,0,0,0,0,0,0.42,0,0,0,0.39,0,0,0,0,0,0,0,0,0,0,0,0,0
"328","HPSI1113i-ieki_2",0,0,0,0,0,0.12,0,0,0,0,0,0,0,0,0,0,0,0,0,0,0,0,0,0,0,0,1.09,0,0,0,0,0.28,0,0,0,0,0,0,0,0,0,0,0,0,0.08,0,0,0.26,0,0,0,0,0,0,0,0,0,0,0,0,0,0,0,0,0,0,0.05,1.95,0,0,0,0,0,0,0,0,0,0,0,0,0,0,0.49,0.09,0,0,0,0,0,0,0,0,0,0,0,0,3997.79,0,0,0
"329","HPSI0414i-gesg_2",0.07,0,0,0,0,0.46,0,0,0,5.66,0.07,0,0,0,0,0,0,0,0,0,0,0,0,0,0,0,0.91,0,0,0.32,0,0,0,0,0.38,0,0,1.48,0,0,0,0,0,1.32,0,0,0,0.21,0,0,0,0,0,0,0,0,0,0,0,0,0,0,0,0,0,0,0,0,0,0,0,0,0.16,0,0,0,0,0,0,0,0,0,0.25,0.82,0,0,0,0,0,0,0,0,0,0.26,0,0,1808.34,0,0,0
"330","HPSI0115i-uupc_2",0.06,0,0,0,0,0.26,0,0,0,0,0.1,0,0,0,0,0,0,0,0,0,0.09,0,0,0.58,0,0,0.3,0,0,0.25,0,0,0,0,0,0,0,1.2,0,0.56,0,0,0,0,0.12,0,0,0.2,0,0,4.49,0,0,0,0,0,0,0,0,0,0,0,0,0,0,0,0.07,0,0,0,0,0,0.06,0,0,0,0,0,0,0,0,0,0.2,0,0,0,1.18,0,0,0,0.02,0,0,0,0,0,1733.42,0,0,0
"331","HPSI1113i-qolg_3",0,0,0,0,0,0.04,0,0,0,0,0,0,0,0,0,0,0.71,0,0,0,0,0,0,0.4,0,0,1.46,0,0,0,0.11,0,0,0,0,0,0,0.76,0,0,0,0,0,0,0.17,0,0,0.15,0,0,0,0,0,0,0,0,0,0.04,0,0,0,0,0,0,0,0,0,0,0,0,0,0,0,0,0,1.18,0.09,0,0,0,0,0,0,0.81,0,0,0,0,0,0,0,0,0,0,0,0,2406.35,0,0,0
"332","HPSI1113i-uofv_1",0,0,0,0,0,0.09,0,0,0,0,0,0,0,0,0,0,0,0.24,0,0,0,0,0,0,0,0,1.41,0,0,0,0,0.44,0,0,0,0,0,0,0,0,0,0,0,0,0.08,0,0,0.71,0.03,0,0,0,0,0,0,0,0,0,0,0,0,0,0,0,0,0,0.05,0,0,0,0,0,0,0,0,0,0.27,0,0,0,0,0.03,0.13,0.36,0,0,0,0,0,0,0,0,0,0,0,0,1939.77,0,0,0
"333","HPSI0514i-xufp_1",0.14,0,0,0,0,0.27,0,0,0,0,0,0,0,0,0,0,0,0,0,0,0,0,0,0,0,0.08,1.01,0,0,0,0,0,0,0,0,0,0,0.76,0,0,0,0,0,0,0.08,0.72,0,0.08,0,0,2.26,0,0,0,0,0,0,0,0,0,0,0,0,0,0,0,0,0,0,0,0.22,0,0,0,0,0,0,0,0,0,0,0,0.12,1.04,0,0,0,0,0,0,0.12,0,0,0.25,0,0,817.81,0,0.39,0
"334","HPSI0214i-heja_2",0,0,0,0,0,0.09,0,0,0,0,0,0,0,0,0,0,0,0,0,0,0.14,0,0,0,0,0,1.3,0,0,0,0,0,0,0,0,0,0,0,0,0,0,0,0,0,0.09,0,0,0.2,0,0,0,0,0,0,0,0,0,0,0,0,0,0,0,0,0,0,0,0,0,0,0,0,0,0,0,0,0,0,0,0,0,0,0.42,0,0,0,0,0,0,0,0,0,0,0,0,0,1660.61,0,0,0
"335","HPSI0614i-paab_4",0.1,0,0,0,0,0.12,0,0,0,0,0,0,0,0,0,0,0,0,0,0,0.09,0,0,0,0,0,1.46,0,0,0.49,0,0,0,0,0,0,0,0,0,0,0,0,0,1.04,0.12,0,0,0,0,0,3.51,0,0,0.14,0,0,0,0,0,0,0,0,0,0,0.09,0,0.03,0,0,0,0,0,0.06,0,0.22,0,0,0,0,0,0,0.02,0.2,0.83,0,0,0.29,0,0,0,0,0,0,0,0,0,4339.3,0,0,0
"336","HPSI0114i-kolf_2",0.07,0,0,0,0,0.05,0,0,0,0,0.08,0,0,0,0,0,0,0,0,0,0,0,0,0,0,0,0.36,0,0,0,0,0,0,0,0,0,1.6,0,0,0,0,0,0,1.48,0.09,0,0,0.09,0,0,0,0,0,0.21,0,0,0,0,0,0,0,0,0,0,0,0,0,0,0,0,0,0,0,0,0,0,0.1,0,0,0,0,0,0.12,0,0,0,0,0,0,0,0,0,0,0,0,0,525.43,0,0,0
"337","HPSI0314i-xugn_2",0,0,0,0,0,0.13,0,0,0,0,0,0,0,0,0,0,0,0,0,0,0,0,0,0,0,0,0.25,0,0,0,0.15,0,0,0,0,0,0,0,0,0,0,0,0,0,0.12,0,0,0,0,0,0,0,0,0,0,0,0,0,0,0,0,0,0,0,0,0,0,0,0,0,0,0,0,0,0,0,0,0,0,0,0,0,0.36,1.36,0,0,0,0,0,0,0,0,0,0,0,0,1055.25,0,0.49,0
"338","HPSI0914i-gine_2",0,0,0,0,0,0.26,0,0,0,3.99,0,0,0,0,0,0,0.6,0,0,0,0,0,0,0,0,0.07,0.57,0,0,0,0,0,0,0,0,0.06,0,0.64,0,0,0,0,0,0,0,0,0,0.09,0,0,2.94,0,0,0,0,0,0,0,0,0,0,0,0,0.01,0,0,0.04,0,0,0,0,0.08,0,0,0,0,0.08,0,0,0,0,0,0.22,0,0,0,0,0,0,0,0,0,0,0,0,0,2707.66,0,0,0
"339","HPSI0514i-naah_4",0,0,0,0,0,0.15,0,0,0,2.73,0,0,0,0,0,0,0.71,0,0,0,0,0,0.3,0,0,0,0.91,0,0,0,0,0,0,0,0,0,0,0,0,0,0.24,0,0,0,0.08,0.7,0,0,0,0,9.21,0,0,0,0,0,0,0,0,0,0,0,0,0,0,0,0,0,0,0,0,0,0.15,0,0,0,0,0,0,0,0,0,0.63,0.92,0,0,0,0,0,0,0,0,0,0,0,0,2072.21,0,0,0
"340","HPSI1113i-wahn_1",0.06,0,0,0,0,0.13,0,0,0,4.59,0,0,0,0,0,0,0.65,0.22,0,0,0,0,0,0,0,0,1.13,0,0,0,0,0,0,0,0,0,0,0,0,0,0,0,0,0,0,0,0,0.15,0,0,2.07,0,0,0,0,0,0,0,0,0,0,0,0,0,0,0,0,0,0,0.19,0,0,0.07,0,0,0,0,0,0,0,0,0,0.77,0,0.18,0,0.33,0,0,0.06,0,0,0,0,0,0,1982.56,0,0,0
"341","HPSI0614i-lirf_5",0,0,0,0,0,0.24,0,0,0,4.5,0.05,0,0,0,0,0,0,0.19,0,0,0.19,0,0,0,0,0,0.5,0,0,0,0,0,0,0,0,0,0,0,0,0,0,0,0,0,0.06,0,0,0.1,0,0,1.69,0,0,0,0,0,0,0,0,0,0,0,0,0,0,0,0,1.29,0,0,0,0,0.07,0,0,0,0,0,0,0,0,0,0.2,0,0,0,0.28,0,0,0,0,0,0,0,0,0,1809.04,0,0,0
"342","HPSI0614i-uilk_3",0,0,0,0,0.03,0.59,0,0,0,0,0,0,0,0,0,0.04,0,0,1.08,0,0,0,0,0.36,0,0,0.99,0,0,0,0,0,0,0,0,0,0,1.28,0,0,0.21,0,0,0,0.07,0,0,0.11,0,0.04,4.77,0,0,0,0,0,0,0,0,0,1,0,0,0,0,0,0.03,0,0,0,0,0,0.26,0,0.25,0.95,0,0,0,0,0,0.02,0.62,0,0,0,0,0,0,0,0,0.01,0,0,0,0,0,0,0,0
"343","HPSI0614i-puhk_2",0,0,0,0,0,0.15,0,0,0,3.05,0,0,0,0,0,0,0,0,0,0,0.1,0,0,0.33,0,0,0.32,0,0,0.25,0,0,0,0,0.72,0,0,0,0,0,0,0,0,0,0,0,0,0.16,0,0,1.78,0,0,0,0,0,0.05,0.04,0,0,0,0,0,0,0,0,0,0,0,0,0,0,0.07,0,0,0,0,0,0,0,0,0,0,0,0,0,0.3,0,0,0,0.05,0,0,0.2,0,0,1553.12,0,0,0
"344","HPSI0714i-burb_3",0,0,0,0,0,0.09,0,0,0,4.25,0,0,0,0,0,0,0,0.21,0,0,0,0,0,0,0,0,0.11,0,0,0,0,0,0,0,0,0,0,0,0,0,0,0,0,0,0.27,0,0,0.08,0,0,0,0,0,0,0,0,0,0,0,0,0.93,0,0,0,0,0,0,0,0,0,0,0,0,0,0,0,0,0,0,0,0,0,0,0,0.17,0,0,0,0,0,0,0,0,0,0,0,2798.89,0,0,0
"345","HPSI1013i-hiaf_2",0,0,0,0,0,0.43,0,0,0,0,0,0,0,0,0,0,0.91,0,0,0,0,0,0,0,0,0,0.78,0,0,0.4,0,0,0,0,0,0,0,2.86,0,0.46,0,0,0,0,0.2,0,0,0.27,0,0,2.78,0,0,0,0,0.13,0,0,0,0,0,0,0,0,0,0,0,0,0,0,0,0,0,0,0,0,0,0,0,0,0,0,0.32,0,0,0,0,0,0,0,0.05,0,0,0.32,0,0,1788.52,0,0,0
"346","HPSI0215i-yoch_6",0,0,0,0,0,0.45,0,0,0,0,0,0,0,0,0,0,0,0,0,0,0,0,0,0,0,0,0.36,0,0,0.29,0,0,0,0,0,0.06,0,0.7,0,0,0,0,0,0,0.07,0,0,0.47,0,0,4.27,0,0,0.21,0,0,0,0,0,0,0,0,0,0,0,0,0.16,0,0,0,0,0,0,0,0,0,0,0,0,0,0,0,0.13,0,0,0,0,0,0,0,0,0,0,0,0,0,2976.09,0,0,0
"347","HPSI1113i-podx_1",0,0,0,0,0,0.06,0,0,0,0,0,0,0,0,0,0.04,0,0,0,0,0.1,0,0,0,0,0,0.28,0,0,0.25,0,0,0,0,0,0,0,0,0,0,0,0,0,0,0.07,0,0,0.29,0,0,1,0,0,0,0,0,0,0,0,0,0,0,0,0,0,0,0,0,0,0,0,0,0,0,0,1,0.23,0,0,0,0,0,0.11,0,0,0,0,0,0,0,0.03,0,0,0,0,0,1793.45,0,0,0
"348","HPSI0115i-quze_6",0.09,0,0,0,0,0.4,0,0,0,0,0,0,0,0,0,0,0,0,0,0,0.07,0,0,0,0,0,1.06,0,0,0,0,0,0,0,0,0,0,0,0,0,0.77,0,0,0,0.19,0,0,0,0,0,1.2,0,0,0,0,0,0,0,0,0,0,0,0,0,0,0,0,0,0.12,0,0.13,0,0.11,0,0,0,0.06,0,0,0,0,0,0.15,0.88,0,0,0.62,0,0,0,0.06,0,0,0,0,0,1539.62,0,0,0
"349","HPSI1014i-qayj_4",0,0,0,0,0.05,0.26,0,0,0,0,0,0,0,0,0,0,0,0.3,0,0,0,0,0,0.5,0,0,0.59,0,0,0,0,0,0,0,0,0,0,1.7,0,0,0,0,0,0,0,0,0,0.3,0,0,1.23,0,0,0,0,0.13,0,0,0,0,0,0,0,0,0,0,0,0,0,0,0,0,0,0,0,0,0.2,0,0,0,0,0,0.47,0.08,0,0,0.91,0,0,0,0,0,0,0,0,0,2308.85,0,0,0
"350","HPSI0214i-heth_1",0,0,0,0,0,0.09,0,0,0,0,0,0,0,0,0,0,0.47,0,0,0,0,0,0,0,0,0,0.38,0,0,0,0,0,0,0,0,0,0,0,0,0,0,0,0,0,0,0,0,0.09,0,0,0,0,0,0.07,0,0,0,0,0,0,0,0,0,0,0,0,0.02,0,0,0,0,0,0,0,0,0.38,0.13,0,0,0,0,0,0.08,0,0,0,0,0,0,0,0,0,0,0,0,0,2985.8,0,0.13,0
"351","HPSI0214i-kucg_2",0,0,0,0,0,0.11,0,0,0,2.82,0,0,0,0,0,0,0,0,0,0,0,0,0,0,0,0,1.06,0,0,0,0,0,0,0,0,0,0,0,0,0,0,0,0,0,0,0,0,0.52,0,0,0,0,0,0,0,0,0,0,0,0,0,0,0,0,0.06,0,0.04,0,0,0,0,0,0.23,0,0,0,0,0,0,0,0,0,0.23,1.15,0,0,0,0,0,0,0,0,0,0,0,0,2151.81,0,0,0
"352","HPSI0114i-iisa_3",0,0,0,0,0,0.08,0,0,0,0,0,0,0,0,0,0,0,0.19,0,0,0,0,0,0,0,0,0.57,0,0,0,0,0.22,0,0,2.58,0,0,0,0,0,0,0,0,0,0.07,0,0,0,0,0,0,0,0,0,0,0,0,0,0,0.09,0,0,0,0,0,0,0,0,0,0,0,0.07,0,0,0,0,0.08,0,0,0,0,0,0.2,0.05,0,0,0,0,0,0,0,0,0,0,0,0,911.15,0,0,0
"353","HPSI0114i-vabj_3",0,0,0,0,0,0.09,0,0,0,1.72,0,0,0,0,0,0.06,0,0.3,0,0,0,0,0,0,0,0,0.46,0,0,0.39,0,1.1,0,0,0,0,0,0,0,0,0,0,0,0,0,0,0,0.25,0,0,0,0,0,0,0,0,0,0,0,0,0,0,0,0,0,0,0,0,0,0,0.27,0,0,0,0,1.55,0,0,0,0,0,0.03,0,0,0,0,0,0,0,0,0.11,0,0,0,0,0,1446.77,0,0,0
"354","HPSI0115i-sehp_3",0,0,0,0,0,0.06,0,0,0,0,0.05,0,0,0,0,0,0,0.37,0,0,0,0,0,0,0,0,0.2,0,0,0,0,0,0,0,0,0,0,0,0,0,0,0,0,0,0,0.56,0,0.19,0,0,0.88,0,0,0,0,0,0,0,0,0,0,0,0,0,0,0,0.03,0,0,0,0,0,0.07,0,0,0,0,0,0,0,0,0,0.09,0.27,0,0,0,0,0,0,0.05,0,0,0.38,0,0,0,0,0,0
"355","HPSI0314i-qonc_2",0,0,0,0,0,0.07,0,0,0,0,0,0,0,0,0,0,0,0,0,0,0,0,0,0,0,0,2.29,0,0,0,0,0,0,0,0,0,0,0,0,0,0,0,0,0,0,0,0,0,0,0,0,0,0,0,0,0,0,0,0,0,0,0,0,0,0,0,0,0,0,0,0,0,0.08,0,0.2,0,0,0,0,0,0,0,0.25,0,0,0,0,0,0,0,0,0,0,0,0,0,1334.86,0,0,0
"356","HPSI0214i-datg_2",0,0,0,0,0,0.22,0,0,0,0,0,0,0,0,0,0,0,0,0,0,0,0,0,0,0,0,0.8,0,0,0,0,0,0,0,0,0,0,0,0,0,0,0,0,0,0.14,0,0,0,0,0,0,0,0,0,0,0,0,0,0,0,0,0,0,0,0,0,0,0,0,0,0,0,0,0,0,0,0,0,0,0,0,0,0,0,0,0,0,0,0,0,0,0,0,0,0,0,2470.28,0,0,0
"357","HPSI0114i-kolf_3",0.07,0,0,0,0,0.14,0,0,0,0,0,0,0,0,0,0,0,0,0,0,0.12,0,0,0.23,0,0,0.18,0,0,0,0,0,0,0,0,0,0,0,0,0,0,0,0,0,0,0,0,0.11,0,0,0,0,0,0,0,0,0,0,1.15,0,0,0,0,0,0,0,0.13,0,0,0,0,0,0,0,0,0,0,0,0,0,0,0,0.27,0,0,0,0,0,0,0,0,0,0,0,0,0,2022.2,0,0.4,0
"358","HPSI0115i-vazt_2",0,0,0,0,0,0.12,0,0,0,0,0,0,0,0,0,0,0,0,0,0,0.12,0,1.28,0,0,0,0,0,0,0,0,0,0,0,0,0.06,1.87,0,0,0,0,0,0,0,0,0.72,0,0.29,0,0,0,0,0,0,0,0,0,0,0,0,0,0,0,0,0.12,0,0.08,0,0,0,0,0,0,0,0,0,0.17,0,0,0,0,0,0.54,0.58,0,0,0.75,0,0,0,0,0,0,0.25,0,0,2605.35,0,0,0
"359","HPSI0114i-iisa_1",0,0,0,0,0,0,0,0,0,0,0.1,0,0,0,0,0,0,0,0,0,0,0,0,0,0,0.12,1.74,0,0,0,0,0,0,0,0.31,0,0,0,0,0,0,0,0,0,0,0,0,0.13,0,0,0,0,0,0,0,0,0,0,0,0,0,0,0,0,0,0,0,0,0,0,0,0,0,0,0,0,0,0,0,0,0,0,0,0,0,0,0,0,0,0,0,0,0,0,0,0,961.13,0,0,0
"360","HPSI0714i-nufh_3",0,0,0,0,0,0.21,0,0,0,0,0,0,0,0,0,0,0,0.22,0,0,0,0,0,0,0,0,0.35,0,0,0.56,0,0,0,0,0.22,0,0,0,0,0,0,0,0,1.39,0,0,0,0,0,0.04,1.11,0,0,0,0,0,0,0.04,0,0,0,0,0,0,0,0,0,0,0,0,0,0,0.07,0,0,0,0,0,0,0,0,0,0.34,1,0,0,0.34,0,0,0,0,0,0,0,0,0,2778.5,0,0,0
